task,scene,family,n,method,budget,T,C,J,test_J,C_over_T,J_over_T,test_J_over_T,risk_evaluations,evaluated_fraction,cpu_ms,wall_ms,score_cpu_ms,compile_cpu_ms,change_from_llm_nominal,fraction_change_from_llm_nominal
t204_n4,FloorPlan204,living,4,llm_nominal_none,32,88.0,101.33333333333333,112.62560606060606,120.36193602693602,1.1515151515151516,1.2798364325068872,1.367749273033364,32,1.0,3.4708846666666737,3.472232259809971,0.9329009999999907,2.2694406666666547,-8.775791245791234,-0.06795683516450275
t204_n4,FloorPlan204,living,4,llm_nominal_none,64,88.0,96.0,106.17484006734007,113.3993265993266,1.0909090909090908,1.2065322734925008,1.288628711355984,64,1.0,6.957835000000014,6.959236537416776,1.8593783333333096,4.495159666666586,-15.738400673400667,-0.12187298790044972
t204_n4,FloorPlan204,living,4,llm_nominal_none,128,88.0,87.33333333333333,98.35813973063973,105.54559764309764,0.9924242424242424,1.1177061333027243,1.1993817913988367,128,1.0,14.424281666666687,14.43049218505621,3.719946666666594,9.223441999999892,-23.592129629629625,-0.18268967657921661
t204_n4,FloorPlan204,living,4,llm_nominal_none,256,88.0,80.66666666666667,92.81176767676767,100.54356902356902,0.9166666666666666,1.0546791781450873,1.1425405570860117,256,1.0,39.37664733333332,39.38297492762407,7.457134000000129,28.561953999999893,-28.594158249158244,-0.2214237376872055
t204_n4,FloorPlan204,living,4,llm_risk_none,32,88.0,100.33333333333333,112.75172558922559,120.80929292929292,1.1401515151515151,1.2812696089684725,1.3728328741965106,32,1.0,3.397402999999984,3.3978428691625595,0.9354873333333366,2.2073673333332655,-8.328434343434333,-0.06449265074833965
t204_n4,FloorPlan204,living,4,llm_risk_none,64,88.0,96.33333333333333,105.67045454545455,112.568468013468,1.0946969696969697,1.2008006198347108,1.2791871365166818,64,1.0,6.787723666666625,6.788164998094241,1.851582666666504,4.3683983333332135,-16.56925925925925,-0.12830688296276474
t204_n4,FloorPlan204,living,4,llm_risk_none,128,88.0,96.0,105.61758417508418,112.88532828282828,1.0909090909090908,1.200199820171411,1.282787821395776,128,1.0,14.087912999999956,14.08841305722793,3.7010050000001042,9.045036999999894,-16.25239898989898,-0.12585322146467218
t204_n4,FloorPlan204,living,4,llm_risk_none,256,88.0,88.66666666666667,99.73654040404041,107.24512626262626,1.0075757575757576,1.133369777318641,1.218694616620753,256,1.0,29.0075443333333,29.008150100708008,7.412304333333564,18.427362999999925,-21.892601010101,-0.1695290870642767
t204_n4,FloorPlan204,living,4,llm_risk_nominal,32,88.0,100.33333333333333,112.75172558922559,120.80929292929292,1.1401515151515151,1.2812696089684725,1.3728328741965106,17.333333333333332,0.5416666666666666,2.939011666666667,2.9394077137112617,0.5157293333333072,2.1973596666667596,-8.328434343434333,-0.06449265074833965
t204_n4,FloorPlan204,living,4,llm_risk_nominal,64,88.0,96.33333333333333,105.67045454545455,112.568468013468,1.0946969696969697,1.2008006198347108,1.2791871365166818,28.333333333333332,0.4427083333333333,5.641125666666682,5.6415461003780365,0.8382079999998959,4.30708933333332,-16.56925925925925,-0.12830688296276474
t204_n4,FloorPlan204,living,4,llm_risk_nominal,128,88.0,96.0,105.61758417508418,112.88532828282828,1.0909090909090908,1.200199820171411,1.282787821395776,44,0.34375,11.275790333333351,11.27625877658526,1.3078829999999542,8.810048666666802,-16.25239898989898,-0.12585322146467218
t204_n4,FloorPlan204,living,4,llm_risk_nominal,256,88.0,88.66666666666667,99.73654040404041,107.24512626262626,1.0075757575757576,1.133369777318641,1.218694616620753,60.333333333333336,0.23567708333333334,22.029392666666656,22.02990309645732,1.8036216666666067,17.543325333333712,-21.892601010101,-0.1695290870642767
t204_n4,FloorPlan204,living,4,llm_risk_critical,32,88.0,100.33333333333333,112.75172558922559,120.80929292929292,1.1401515151515151,1.2812696089684725,1.3728328741965106,15.333333333333334,0.4791666666666667,2.928555000000036,2.929098904132843,0.4524089999999685,2.1822179999999305,-8.328434343434333,-0.06449265074833965
t204_n4,FloorPlan204,living,4,llm_risk_critical,64,88.0,96.33333333333333,105.67045454545455,112.568468013468,1.0946969696969697,1.2008006198347108,1.2791871365166818,23.666666666666668,0.3697916666666667,5.63922533333334,5.639778139690558,0.6951233333332973,4.30272599999997,-16.56925925925925,-0.12830688296276474
t204_n4,FloorPlan204,living,4,llm_risk_critical,128,88.0,96.0,105.61758417508418,112.88532828282828,1.0909090909090908,1.200199820171411,1.282787821395776,31.666666666666668,0.24739583333333334,11.189793000000012,11.190385868151983,0.933928666666565,8.812192666666617,-16.25239898989898,-0.12585322146467218
t204_n4,FloorPlan204,living,4,llm_risk_critical,256,88.0,88.66666666666667,99.73654040404041,107.24512626262626,1.0075757575757576,1.133369777318641,1.218694616620753,41.666666666666664,0.16276041666666666,22.14615233333336,22.146798359851044,1.2355919999999614,17.62296433333287,-21.892601010101,-0.1695290870642767
t204_n4,FloorPlan204,living,4,uniform_nominal_none,32,88.0,88.0,99.75161616161616,107.85722222222222,1.0,1.1335410927456382,1.2256502525252524,32,1.0,3.3891516666666823,3.3897686128815017,0.9228633333332459,2.2225536666665437,-21.28050505050504,-0.1647892176820065
t204_n4,FloorPlan204,living,4,uniform_nominal_none,64,88.0,88.0,99.75161616161616,107.85722222222222,1.0,1.1335410927456382,1.2256502525252524,64,1.0,6.789030666666677,6.789661943912506,1.83821366666632,4.380598666666513,-21.28050505050504,-0.1647892176820065
t204_n4,FloorPlan204,living,4,uniform_nominal_none,128,88.0,88.0,99.43424242424241,107.11390572390572,1.0,1.1299345730027548,1.2172034741352922,128,1.0,14.131833666666667,14.132514595985413,3.684383999999587,9.011894999999761,-22.02382154882154,-0.17054521566969513
t204_n4,FloorPlan204,living,4,uniform_nominal_none,256,88.0,85.0,96.46590909090908,103.95682659932659,0.9659090909090909,1.0962035123966942,1.1813275749923478,256,1.0,29.11584166666667,29.116615653038025,7.408078333332799,18.304034333333302,-25.180900673400668,-0.194992595929932
t204_n4,FloorPlan204,living,4,uniform_risk_none,32,88.0,88.0,99.75161616161616,107.85722222222222,1.0,1.1335410927456382,1.2256502525252524,32,1.0,3.426082999999978,3.4264118100206056,0.9310200000001249,2.2388336666667175,-21.28050505050504,-0.1647892176820065
t204_n4,FloorPlan204,living,4,uniform_risk_none,64,88.0,88.0,99.50175084175083,107.47956228956228,1.0,1.1307017141108051,1.2213586623813895,64,1.0,6.873304666666645,6.877249106764793,1.864583666666697,4.418664333333405,-21.658164983164976,-0.16771369173490933
t204_n4,FloorPlan204,living,4,uniform_risk_none,128,88.0,88.0,99.15983164983164,106.78393939393939,1.0,1.126816268748087,1.2134538567493112,128,1.0,14.445557999999988,14.449539904793104,3.740230333333344,9.265608333333018,-22.35378787878787,-0.1731003661817486
t204_n4,FloorPlan204,living,4,uniform_risk_none,256,88.0,85.33333333333333,97.44928451178451,105.47337542087541,0.9696969696969697,1.1073782330884605,1.1985610843281298,256,1.0,29.936068999999993,29.940161233146984,7.474204666666549,18.9401029999999,-23.664351851851844,-0.1832489416657834
t204_n4,FloorPlan204,living,4,uniform_random,32,88.0,88.0,99.75161616161616,107.85722222222222,1.0,1.1335410927456382,1.2256502525252524,32,1.0,3.4066466666666795,3.407070723672708,0.9352016666666629,2.227049666666555,-21.28050505050504,-0.1647892176820065
t204_n4,FloorPlan204,living,4,uniform_random,64,88.0,85.0,96.78328282828282,104.70014309764309,0.9659090909090909,1.0998100321395776,1.1897743533823077,64,1.0,6.792264000000011,6.7927055060863495,1.8614860000000049,4.398095999999889,-24.43758417508417,-0.18923659794224337
t204_n4,FloorPlan204,living,4,uniform_random,128,88.0,85.0,96.78328282828282,104.70014309764309,0.9659090909090909,1.0998100321395776,1.1897743533823077,128,1.0,13.86088599999998,13.8613764817516,3.7105786666665383,9.042804666666441,-24.43758417508417,-0.18923659794224337
t204_n4,FloorPlan204,living,4,uniform_random,256,88.0,85.0,96.42301346801347,104.22879629629628,0.9659090909090909,1.0957160621365165,1.1844181397306397,256,1.0,27.833810999999987,27.834379424651463,7.3928896666669575,18.177383333333204,-24.908930976430977,-0.19288655222981857
t204_n6,FloorPlan204,living,6,llm_nominal_none,32,129.0,125.33333333333333,140.96110824002298,152.03741889175996,0.9715762273901809,1.0927217693025035,1.1785846425717827,32,1.0,4.423404999999996,4.424222124119599,1.218180666666638,2.9068983333332965,-17.342426069480343,-0.10238777862530728
t204_n6,FloorPlan204,living,6,llm_nominal_none,64,129.0,114.33333333333333,131.72452770600057,142.74035673270168,0.8863049095607235,1.021120369813958,1.1065143932767572,64,1.0,8.957890000000004,8.958742643396059,2.4324476666667305,5.8838243333332505,-26.639488228538625,-0.15727661242478183
t204_n6,FloorPlan204,living,6,llm_nominal_none,128,129.0,114.33333333333333,130.955060292851,142.08974267872523,0.8863049095607235,1.0151555061461317,1.1014708734784902,128,1.0,18.218637333333337,18.21957000841697,4.847439333333647,11.944084000000045,-27.29010228251508,-0.1611177663361302
t204_n6,FloorPlan204,living,6,llm_nominal_none,256,129.0,108.66666666666667,126.67882716049382,138.05467197817973,0.8423772609819121,0.9820064120968515,1.070191255644804,256,1.0,37.376049666666674,37.37711037198702,9.724833333333562,24.377448000000353,-31.325172983060583,-0.18494038054072381
t204_n6,FloorPlan204,living,6,llm_risk_none,32,129.0,127.0,143.05376256101061,154.2869035314384,0.9844961240310078,1.1089438958217877,1.1960225079956466,32,1.0,4.404552000000002,4.404962373276551,1.2086850000000657,2.931354333333423,-15.092941429801906,-0.0891070683956268
t204_n6,FloorPlan204,living,6,llm_risk_none,64,129.0,115.66666666666667,134.6511469997129,146.489798306058,0.8966408268733851,1.0438073410830455,1.1355798318299068,64,1.0,8.828806999999994,8.829253725707531,2.421278000000031,5.798010000000121,-22.890046655182317,-0.13514032121366218
t204_n6,FloorPlan204,living,6,llm_risk_none,128,129.0,115.66666666666667,133.8816795865633,145.83918425208154,0.8966408268733851,1.0378424774152193,1.1305363120316398,128,1.0,17.968056666666673,17.968545978267986,4.836200000000013,11.748599666666767,-23.54066070915877,-0.13898147512501058
t204_n6,FloorPlan204,living,6,llm_risk_none,256,129.0,114.33333333333333,132.50011197243757,144.27817039908126,0.8863049095607235,1.0271326509491283,1.1184354294502423,256,1.0,36.895374333333336,36.89600061625242,9.75846499999991,23.871006333333224,-25.101674562159058,-0.14819752945164844
t204_n6,FloorPlan204,living,6,llm_risk_nominal,32,129.0,127.0,143.05376256101061,154.2869035314384,0.9844961240310078,1.1089438958217877,1.1960225079956466,22.333333333333332,0.6979166666666666,3.9226103333333358,3.9231271172563233,0.8506180000001362,2.8260033333332344,-15.092941429801906,-0.0891070683956268
t204_n6,FloorPlan204,living,6,llm_risk_nominal,64,129.0,115.66666666666667,134.6511469997129,146.489798306058,0.8966408268733851,1.0438073410830455,1.1355798318299068,36.333333333333336,0.5677083333333334,7.679977000000023,7.680518242220084,1.3933666666668214,5.7337336666666205,-22.890046655182317,-0.13514032121366218
t204_n6,FloorPlan204,living,6,llm_risk_nominal,128,129.0,115.66666666666667,133.8816795865633,145.83918425208154,0.8966408268733851,1.0378424774152193,1.1305363120316398,52.666666666666664,0.4114583333333333,14.992081000000018,14.992626383900642,2.032106000000283,11.744766666666388,-23.54066070915877,-0.13898147512501058
t204_n6,FloorPlan204,living,6,llm_risk_nominal,256,129.0,114.33333333333333,132.50011197243757,144.27817039908126,0.8863049095607235,1.0271326509491283,1.1184354294502423,71.33333333333333,0.2786458333333333,37.02735699999998,37.027955055236816,2.766915666667017,31.432243999999756,-25.101674562159058,-0.14819752945164844
t204_n6,FloorPlan204,living,6,llm_risk_critical,32,129.0,127.0,143.05376256101061,154.2869035314384,0.9844961240310078,1.1089438958217877,1.1960225079956466,16.666666666666668,0.5208333333333334,3.7717806666666593,3.772371138135592,0.6368406666665641,2.824482000000128,-15.092941429801906,-0.0891070683956268
t204_n6,FloorPlan204,living,6,llm_risk_critical,64,129.0,115.66666666666667,134.6511469997129,146.489798306058,0.8966408268733851,1.0438073410830455,1.1355798318299068,26.666666666666668,0.4166666666666667,7.4556459999999545,7.459495837489764,1.0250749999998938,5.732656999999993,-22.890046655182317,-0.13514032121366218
t204_n6,FloorPlan204,living,6,llm_risk_critical,128,129.0,115.66666666666667,133.8816795865633,145.83918425208154,0.8966408268733851,1.0378424774152193,1.1305363120316398,36,0.28125,14.371031333333312,14.374913647770882,1.3860836666665377,11.476485666666417,-23.54066070915877,-0.13898147512501058
t204_n6,FloorPlan204,living,6,llm_risk_critical,256,129.0,114.33333333333333,132.50011197243757,144.27817039908126,0.8863049095607235,1.0271326509491283,1.1184354294502423,46.666666666666664,0.18229166666666666,28.243689333333315,28.24769200136264,1.8046773333333006,23.015326999999985,-25.101674562159058,-0.14819752945164844
t204_n6,FloorPlan204,living,6,uniform_nominal_none,32,129.0,120.0,138.41516221648004,149.72768626184325,0.9302325581395349,1.0729857536161242,1.1606797384639012,32,1.0,4.486353333333322,4.491042035321395,1.2221776666667499,3.000978666666654,-19.652158699397074,-0.11602418637172644
t204_n6,FloorPlan204,living,6,uniform_nominal_none,64,129.0,120.0,137.95796296296297,148.87250071777203,0.9302325581395349,1.069441573356302,1.1540503931610235,64,1.0,9.079317333333337,9.084022914369902,2.4499989999998326,6.0016236666666405,-20.50734424346828,-0.12107310789049926
t204_n6,FloorPlan204,living,6,uniform_nominal_none,128,129.0,115.33333333333333,132.20635946023543,143.09879773184036,0.8940568475452196,1.0248554996917474,1.1092930056731811,128,1.0,18.557382999999973,18.5621352866292,4.893415333333234,12.202083333333077,-26.281047229399945,-0.15516041613696077
t204_n6,FloorPlan204,living,6,uniform_nominal_none,256,129.0,109.33333333333333,126.10305914441574,136.98026306345105,0.8475452196382429,0.9775430941427576,1.0618625043678376,256,1.0,37.21746766666668,37.22237298885981,9.731325666666152,24.308281333332932,-32.39958189778926,-0.19128357276040342
t204_n6,FloorPlan204,living,6,uniform_risk_none,32,129.0,120.0,138.41516221648004,149.72768626184325,0.9302325581395349,1.0729857536161242,1.1606797384639012,32,1.0,4.321377333333339,4.321763291954994,1.2099066666666862,2.8561316666667613,-19.652158699397074,-0.11602418637172644
t204_n6,FloorPlan204,living,6,uniform_risk_none,64,129.0,109.33333333333333,127.50720786678151,138.27054981337926,0.8475452196382429,0.9884279679595466,1.0718647272354982,64,1.0,8.83181766666663,8.832242960731188,2.424633666666528,5.821877666666864,-31.109295147861037,-0.1836658615136876
t204_n6,FloorPlan204,living,6,uniform_risk_none,128,129.0,104.66666666666667,122.52507177720356,133.14746088142405,0.8113695090439277,0.9498067579628183,1.032150859545923,128,1.0,18.00974733333331,18.010207762320835,4.846951999999775,11.841869000000486,-36.23238407981625,-0.21391201584880074
t204_n6,FloorPlan204,living,6,uniform_risk_none,256,129.0,103.33333333333333,121.14350416307781,131.58644702842378,0.8010335917312662,0.9390969314967272,1.0200499769645255,256,1.0,37.01140866666667,37.01202105730772,9.717631999999513,24.13424799999984,-37.79339793281653,-0.2231280701754386
t204_n6,FloorPlan204,living,6,uniform_random,32,129.0,130.0,146.77279069767442,158.35239987080104,1.0077519379844961,1.1377735712998018,1.2275379834945817,32,1.0,4.309952999999996,4.310437478125095,1.2044493333335053,2.8341223333333,-11.027445090439272,-0.06510482456140343
t204_n6,FloorPlan204,living,6,uniform_random,64,129.0,130.0,146.77279069767442,158.35239987080104,1.0077519379844961,1.1377735712998018,1.2275379834945817,64,1.0,8.775246666666662,8.77574272453785,2.4017786666668908,5.773354000000101,-11.027445090439272,-0.06510482456140343
t204_n6,FloorPlan204,living,6,uniform_random,128,129.0,125.66666666666667,142.3445262704565,153.8139276485788,0.9741602067183462,1.1034459400810583,1.1923560282835566,128,1.0,17.718646999999976,17.719214782118797,4.805304000000177,11.651131666666926,-15.565917312661506,-0.0918994660564455
t204_n6,FloorPlan204,living,6,uniform_random,256,129.0,120.33333333333333,138.57509187482054,150.15576155612976,0.9328165374677002,1.0742255184094618,1.163998151597905,256,1.0,36.023489,36.02416099359592,9.626895333333273,23.804143000000202,-19.224083405110548,-0.11349687685397074
t204_n8,FloorPlan204,living,8,llm_nominal_none,32,165.0,156.66666666666666,180.06562850729517,196.06562850729517,0.9494949494949495,1.0913068394381524,1.1882765364078496,32,1.0,5.365230333333322,5.369146664937337,1.4868459999999075,3.581909666666679,-17.216905162738488,-0.08072346509805865
t204_n8,FloorPlan204,living,8,llm_nominal_none,64,165.0,155.0,177.7046857463524,193.69429713804715,0.9393939393939394,1.0769980954324387,1.1739048311396798,64,1.0,10.806354333333324,10.810330820580324,2.9867023333333593,7.169666999999926,-19.588236531986524,-0.09184172841031228
t204_n8,FloorPlan204,living,8,llm_nominal_none,128,165.0,142.66666666666666,168.1929012345679,183.6285002805836,0.8646464646464647,1.0193509165731387,1.1129000017005068,128,1.0,22.236018666666656,22.245018432537716,5.988132666666618,14.784520333333347,-29.654033389450053,-0.13903638933381846
t204_n8,FloorPlan204,living,8,llm_nominal_none,256,165.0,139.33333333333334,164.16141975308642,179.1649621212121,0.8444444444444444,0.994917695473251,1.0858482552800734,256,1.0,53.07795166666668,53.093585496147476,12.013534333333475,37.84753766666663,-34.11757154882155,-0.1599642078596288
t204_n8,FloorPlan204,living,8,llm_risk_none,32,165.0,158.33333333333334,183.7080527497194,200.2221590909091,0.9595959595959597,1.1133821378770874,1.2134676308539947,32,1.0,5.392348,5.392878937224547,1.4868363333335048,3.6181330000001437,-13.060374579124575,-0.06123508734817492
t204_n8,FloorPlan204,living,8,llm_risk_none,64,165.0,155.0,176.68504489337823,192.2684553872054,0.9393939393939394,1.070818453899262,1.165263365983063,64,1.0,10.773134666666692,10.773715873559317,2.9864076666667785,7.163277666666967,-21.01407828282828,-0.09852695352606251
t204_n8,FloorPlan204,living,8,llm_risk_none,128,165.0,144.0,166.9766554433221,181.73617424242425,0.8727272727272727,1.011979729959528,1.1014313590449953,128,1.0,21.746152666666696,21.751510600248974,5.981976666666884,14.38617800000038,-31.546359427609428,-0.1479087803618009
t204_n8,FloorPlan204,living,8,llm_risk_none,256,165.0,144.0,166.9766554433221,181.73617424242425,0.8727272727272727,1.011979729959528,1.1014313590449953,256,1.0,44.26824466666666,44.273734713594116,12.015741666666768,29.167785333333647,-31.546359427609428,-0.1479087803618009
t204_n8,FloorPlan204,living,8,llm_risk_nominal,32,165.0,158.33333333333334,183.7080527497194,200.2221590909091,0.9595959595959597,1.1133821378770874,1.2134676308539947,18.333333333333332,0.5729166666666666,4.547254666666685,4.547712082664172,0.8652266666666538,3.4244646666668026,-13.060374579124575,-0.06123508734817492
t204_n8,FloorPlan204,living,8,llm_risk_nominal,64,165.0,155.0,176.68504489337823,192.2684553872054,0.9393939393939394,1.070818453899262,1.165263365983063,38,0.59375,9.411502333333349,9.41198505461216,1.8051589999998896,7.02981866666703,-21.01407828282828,-0.09852695352606251
t204_n8,FloorPlan204,living,8,llm_risk_nominal,128,165.0,144.0,166.9766554433221,181.73617424242425,0.8727272727272727,1.011979729959528,1.1014313590449953,60.333333333333336,0.4713541666666667,18.486884666666676,18.48733394096295,2.891348666666525,14.332320000000408,-31.546359427609428,-0.1479087803618009
t204_n8,FloorPlan204,living,8,llm_risk_nominal,256,165.0,144.0,166.9766554433221,181.73617424242425,0.8727272727272727,1.011979729959528,1.1014313590449953,89,0.34765625,35.570852,35.57149941722552,4.285586666666498,28.560734333333485,-31.546359427609428,-0.1479087803618009
t204_n8,FloorPlan204,living,8,llm_risk_critical,32,165.0,158.33333333333334,183.7080527497194,200.2221590909091,0.9595959595959597,1.1133821378770874,1.2134676308539947,14.333333333333334,0.4479166666666667,4.418767333333332,4.419343546032906,0.6678216666666329,3.4239729999999042,-13.060374579124575,-0.06123508734817492
t204_n8,FloorPlan204,living,8,llm_risk_critical,64,165.0,155.0,176.68504489337823,192.2684553872054,0.9393939393939394,1.070818453899262,1.165263365983063,24.666666666666668,0.3854166666666667,8.908628333333334,8.909229499598345,1.1599483333333456,7.045495333333207,-21.01407828282828,-0.09852695352606251
t204_n8,FloorPlan204,living,8,llm_risk_critical,128,165.0,144.0,166.9766554433221,181.73617424242425,0.8727272727272727,1.011979729959528,1.1014313590449953,36.666666666666664,0.2864583333333333,17.377713666666672,17.381925446291763,1.7354043333333846,14.129308666666637,-31.546359427609428,-0.1479087803618009
t204_n8,FloorPlan204,living,8,llm_risk_critical,256,165.0,144.0,166.9766554433221,181.73617424242425,0.8727272727272727,1.011979729959528,1.1014313590449953,50.666666666666664,0.19791666666666666,33.725417333333304,33.72971216837565,2.409215666666501,28.05633233333337,-31.546359427609428,-0.1479087803618009
t204_n8,FloorPlan204,living,8,uniform_nominal_none,32,165.0,163.33333333333334,185.75496632996632,200.89608585858585,0.9898989898989898,1.1257876747270688,1.217552035506581,32,1.0,5.349717000000031,5.350315012037754,1.4743423333332673,3.5969323333335432,-12.386447811447814,-0.058075303206078344
t204_n8,FloorPlan204,living,8,uniform_nominal_none,64,165.0,146.66666666666666,172.22620650953985,187.36050084175085,0.8888888888888888,1.0437951909669083,1.1355181869197022,64,1.0,10.872101999999975,10.872734400133291,2.9588939999999897,7.301948333333511,-25.922032828282834,-0.1215384700389317
t204_n8,FloorPlan204,living,8,uniform_nominal_none,128,165.0,146.66666666666666,172.22620650953985,187.36050084175085,0.8888888888888888,1.0437951909669083,1.1355181869197022,128,1.0,21.809508000000015,21.81976195424795,5.921854333333809,14.495621666666958,-25.922032828282834,-0.1215384700389317
t204_n8,FloorPlan204,living,8,uniform_nominal_none,256,165.0,141.66666666666666,167.70968013468013,182.97235549943883,0.8585858585858586,1.0164223038465463,1.1089233666632656,256,1.0,43.808707333333366,43.8226955011487,11.815456666666835,28.904947333333855,-30.31017817059484,-0.1421128005610027
t204_n8,FloorPlan204,living,8,uniform_risk_none,32,165.0,161.33333333333334,184.90830527497192,200.50500140291805,0.9777777777777777,1.1206563956058906,1.215181826684352,32,1.0,5.352413333333324,5.353004050751527,1.4695883333331234,3.60408099999987,-12.777532267115609,-0.059908948225847435
t204_n8,FloorPlan204,living,8,uniform_risk_none,64,165.0,151.0,174.10050505050506,189.33920454545455,0.9151515151515152,1.055154576063667,1.1475103305785124,64,1.0,10.598214000000032,10.598830878734589,2.951081666666374,7.03209533333334,-23.943329124579122,-0.11226108726569002
t204_n8,FloorPlan204,living,8,uniform_risk_none,128,165.0,148.33333333333334,172.44278900112235,187.37216610549945,0.898989898989899,1.0451078121280142,1.1355888854878753,128,1.0,21.843169333333357,21.843837884565193,5.924525333332986,14.522057666666809,-25.910367564534226,-0.12148377609120013
t204_n8,FloorPlan204,living,8,uniform_risk_none,256,165.0,147.33333333333334,171.0641694725028,185.56092873176206,0.8929292929292929,1.0367525422575927,1.1246116892834064,256,1.0,44.016693,44.021062552928925,11.866785333333,29.054320666666467,-27.72160493827161,-0.1299759734716923
t204_n8,FloorPlan204,living,8,uniform_random,32,165.0,168.0,191.89514590347923,208.2572460718294,1.018181818181818,1.1630008842635104,1.262165127708057,32,1.0,5.3760796666667,5.376617424190044,1.4767229999999392,3.601734333333495,-5.025287598204272,-0.023561646196396113
t204_n8,FloorPlan204,living,8,uniform_random,64,165.0,164.0,190.37373737373738,207.73553591470258,0.9939393939393939,1.1537802265074992,1.2590032479678945,64,1.0,10.680864000000067,10.681450056533018,2.9549183333329267,7.058780999999792,-5.546997755331091,-0.026007745031352503
t204_n8,FloorPlan204,living,8,uniform_random,128,165.0,154.33333333333334,180.06257014590346,196.22064393939394,0.9353535353535353,1.0912883039145664,1.1892160238751148,128,1.0,21.803443333333412,21.80408810575803,5.906414666666508,14.488074666665778,-17.061889730639734,-0.07999665719010977
t204_n8,FloorPlan204,living,8,uniform_random,256,165.0,150.66666666666666,174.9071268237935,189.9604797979798,0.9131313131313131,1.0600431928714757,1.1512756351392714,256,1.0,53.815914000000035,53.82236000150442,11.823788666666353,39.09764966666627,-23.322053872053875,-0.10934816588467149
t205_n4,FloorPlan205,living,4,llm_nominal_none,32,69.0,63.333333333333336,71.26232152442297,76.86044484702094,0.9178743961352657,1.0327872684698982,1.1139194905365353,32,1.0,3.5088416666666835,3.5094193493326507,0.9273356666666815,2.294712666666652,-5.019114331723022,-0.06129874637901067
t205_n4,FloorPlan205,living,4,llm_nominal_none,64,69.0,62.0,70.13537305421363,75.70548711755234,0.8985507246376812,1.0164546819451252,1.0971809727181498,64,1.0,7.004066333333346,7.004714260498683,1.843518666666826,4.533441666666582,-6.174072061191619,-0.07540431486341481
t205_n4,FloorPlan205,living,4,llm_nominal_none,128,69.0,56.0,66.53848631239936,72.55330112721418,0.8115942028985507,0.964325888585498,1.0514971177857126,128,1.0,23.40952133333335,23.4102684383591,3.6786153333336347,18.385637333333204,-9.326258051529782,-0.11390215268710058
t205_n4,FloorPlan205,living,4,llm_nominal_none,256,69.0,50.333333333333336,57.38801663982824,62.25583937198068,0.7294685990338164,0.8317103860844672,0.9022585416229083,256,1.0,38.79674033333333,38.79757784307003,7.376046333333812,28.23664066666691,-19.623719806763287,-0.23966567484718002
t205_n4,FloorPlan205,living,4,llm_risk_none,32,69.0,63.333333333333336,71.26232152442297,76.86044484702094,0.9178743961352657,1.0327872684698982,1.1139194905365353,32,1.0,3.4001296666666727,3.40066384524107,0.9173116666668322,2.2086386666667024,-5.019114331723022,-0.06129874637901067
t205_n4,FloorPlan205,living,4,llm_risk_none,64,69.0,62.0,70.13537305421363,75.70548711755234,0.8985507246376812,1.0164546819451252,1.0971809727181498,64,1.0,6.804394666666658,6.804962332050006,1.8218643333334088,4.370176333333568,-6.174072061191619,-0.07540431486341481
t205_n4,FloorPlan205,living,4,llm_risk_none,128,69.0,56.0,66.53848631239936,72.55330112721418,0.8115942028985507,0.964325888585498,1.0514971177857126,128,1.0,13.946158333333342,13.946762929360071,3.641252999999877,8.980885000000438,-9.326258051529782,-0.11390215268710058
t205_n4,FloorPlan205,living,4,llm_risk_none,256,69.0,50.333333333333336,57.38801663982824,62.25583937198068,0.7294685990338164,0.8317103860844672,0.9022585416229083,256,1.0,28.765971666666644,28.766669022540253,7.31464433333319,18.346421666667204,-19.623719806763287,-0.23966567484718002
t205_n4,FloorPlan205,living,4,llm_risk_nominal,32,69.0,63.333333333333336,71.26232152442297,76.86044484702094,0.9178743961352657,1.0327872684698982,1.1139194905365353,19.666666666666668,0.6145833333333334,2.9861683333333353,2.9866003120938935,0.5712283333332754,2.169328333333433,-5.019114331723022,-0.06129874637901067
t205_n4,FloorPlan205,living,4,llm_risk_nominal,64,69.0,62.0,70.13537305421363,75.70548711755234,0.8985507246376812,1.0164546819451252,1.0971809727181498,27.666666666666668,0.4322916666666667,5.617503333333319,5.617972773810227,0.8010213333332442,4.285075333333481,-6.174072061191619,-0.07540431486341481
t205_n4,FloorPlan205,living,4,llm_risk_nominal,128,69.0,56.0,66.53848631239936,72.55330112721418,0.8115942028985507,0.964325888585498,1.0514971177857126,46,0.359375,11.231285666666647,11.231779120862484,1.326806666666606,8.763449666666942,-9.326258051529782,-0.11390215268710058
t205_n4,FloorPlan205,living,4,llm_risk_nominal,256,69.0,50.333333333333336,57.38801663982824,62.25583937198068,0.7294685990338164,0.8317103860844672,0.9022585416229083,68.66666666666667,0.2682291666666667,22.21648633333334,22.21704926341772,2.0001886666666153,17.568374333333406,-19.623719806763287,-0.23966567484718002
t205_n4,FloorPlan205,living,4,llm_risk_critical,32,69.0,63.333333333333336,71.26232152442297,76.86044484702094,0.9178743961352657,1.0327872684698982,1.1139194905365353,13.666666666666666,0.4270833333333333,2.8670586666666535,2.86758691072464,0.388012666666752,2.1738593333332408,-5.019114331723022,-0.06129874637901067
t205_n4,FloorPlan205,living,4,llm_risk_critical,64,69.0,62.0,70.13537305421363,75.70548711755234,0.8985507246376812,1.0164546819451252,1.0971809727181498,19,0.296875,5.492219333333317,5.492780978480975,0.5387556666667884,4.291969999999941,-6.174072061191619,-0.07540431486341481
t205_n4,FloorPlan205,living,4,llm_risk_critical,128,69.0,56.0,66.53848631239936,72.55330112721418,0.8115942028985507,0.964325888585498,1.0514971177857126,31,0.2421875,11.111893000000002,11.11247173200051,0.8750373333335041,8.823115333333584,-9.326258051529782,-0.11390215268710058
t205_n4,FloorPlan205,living,4,llm_risk_critical,256,69.0,50.333333333333336,57.38801663982824,62.25583937198068,0.7294685990338164,0.8317103860844672,0.9022585416229083,44,0.171875,22.111317333333325,22.111980244517326,1.2560730000002092,17.628389333333956,-19.623719806763287,-0.23966567484718002
t205_n4,FloorPlan205,living,4,uniform_nominal_none,32,69.0,69.33333333333333,75.87906602254428,80.7036104401503,1.0048309178743962,1.099696609022381,1.169617542610874,32,1.0,3.398486666666654,3.398988085488478,0.9247896666666292,2.2268803333336065,-1.175948738593661,-0.014361932946250433
t205_n4,FloorPlan205,living,4,uniform_nominal_none,64,69.0,60.0,66.45523349436394,71.15305220075147,0.8695652173913043,0.9631193260052744,1.0312036550833548,64,1.0,6.7676190000000025,6.7681483924388885,1.8314690000000762,4.3832800000003775,-10.726506977992486,-0.1310034773706635
t205_n4,FloorPlan205,living,4,uniform_nominal_none,128,69.0,55.0,63.71052334943639,69.04549114331724,0.7971014492753623,0.9233409181077739,1.0006592919321338,128,1.0,13.90439766666668,13.904971381028494,3.6505736666669066,8.964028666666827,-12.834068035426725,-0.15674324781609797
t205_n4,FloorPlan205,living,4,uniform_nominal_none,256,69.0,50.333333333333336,57.38801663982824,62.25583937198068,0.7294685990338164,0.8317103860844672,0.9022585416229083,256,1.0,29.142699333333336,29.145664225022,7.35112766666704,18.693636666666755,-19.623719806763287,-0.23966567484718002
t205_n4,FloorPlan205,living,4,uniform_risk_none,32,69.0,66.0,73.24101986044015,78.19631307031669,0.9565217391304348,1.061464055948408,1.1332798995698072,32,1.0,3.400661333333351,3.4011341631412506,0.9236053333333272,2.2255969999998015,-3.6832461084272645,-0.044983707110424244
t205_n4,FloorPlan205,living,4,uniform_risk_none,64,69.0,63.666666666666664,70.77673644659151,75.39477992485239,0.9227053140096618,1.0257498035737902,1.092677969925397,64,1.0,6.804039000000031,6.804542305568854,1.835273666666526,4.393753666666491,-6.48477925389157,-0.07919900056783684
t205_n4,FloorPlan205,living,4,uniform_risk_none,128,69.0,62.0,67.80045088566828,72.25527375201288,0.8985507246376812,0.9826152302270765,1.0471778804639549,128,1.0,14.112645666666692,14.11319182564815,3.669708999999873,9.134952666666539,-9.624285426731078,-0.11754197901482544
t205_n4,FloorPlan205,living,4,uniform_risk_none,256,69.0,48.0,54.94292807300054,59.55157474503489,0.6956521739130435,0.7962743198985586,0.8630663006526795,256,1.0,28.926264666666683,28.926896552244823,7.3322039999995,18.611683999999673,-22.32798443370907,-0.27269302201501644
t205_n4,FloorPlan205,living,4,uniform_random,32,69.0,65.66666666666667,72.9742995169082,78.65583064949007,0.9516908212560387,1.0575985437233073,1.139939574630291,32,1.0,3.393316333333322,3.393798445661863,0.920550000000094,2.225958999999981,-3.22372852925389,-0.03937159117108158
t205_n4,FloorPlan205,living,4,uniform_random,64,69.0,59.333333333333336,66.74194578636607,72.14855475040258,0.8599033816425121,0.9672745766140012,1.045631228266704,64,1.0,6.78346533333335,6.7839544887344045,1.837965999999765,4.409911333333312,-9.731004428341384,-0.1188453446250058
t205_n4,FloorPlan205,living,4,uniform_random,128,69.0,58.0,64.78654857756307,69.77814949006978,0.8405797101449276,0.9389354866313488,1.011277528841591,128,1.0,13.733567000000003,13.73411218325297,3.6611646666662723,8.963498333333153,-12.101409688674181,-0.14779524719053105
t205_n4,FloorPlan205,living,4,uniform_random,256,69.0,54.333333333333336,62.55454911433173,67.78156535158347,0.7874396135265701,0.9065876683236482,0.982341526834543,256,1.0,27.891419333333314,27.892032638192177,7.324864333333144,18.306062666666733,-14.097993827160488,-0.1721796498242549
t205_n6,FloorPlan205,living,6,llm_nominal_none,32,69.0,81.66666666666667,90.29851583467526,96.72993491680086,1.183574879227053,1.3086741425315254,1.4018831147362443,32,1.0,4.667445000000048,4.668095149099827,1.1989359999998728,3.1953420000003043,-9.00043746645195,-0.08512631955770522
t205_n6,FloorPlan205,living,6,llm_nominal_none,64,69.0,74.66666666666667,85.67317767042404,92.70966519055287,1.0821256038647344,1.2416402560931021,1.3436183360949692,64,1.0,9.11846833333337,9.119152712325254,2.3822979999993388,6.12212633333357,-13.020707192699945,-0.12315011192339624
t205_n6,FloorPlan205,living,6,llm_nominal_none,128,69.0,69.33333333333333,81.97365002683843,89.20558843263554,1.0048309178743962,1.188023913432441,1.2928346149657324,128,1.0,18.73535500000001,18.73607188463211,4.759200999998899,12.606736666666489,-16.52478395061728,-0.15629174075655416
t205_n6,FloorPlan205,living,6,llm_nominal_none,256,69.0,68.0,80.61417874396135,88.0231884057971,0.9855072463768116,1.1683214310719037,1.2756983826927115,256,1.0,37.23975766666669,37.24060549090306,9.473079666664516,24.686252666666277,-17.707183977455713,-0.16747490411998633
t205_n6,FloorPlan205,living,6,llm_risk_none,32,69.0,82.66666666666667,92.41477992485238,99.13522477187333,1.1980676328502415,1.3393446365920636,1.436742387998164,32,1.0,4.310055666666683,4.310475662350655,1.1887140000001646,2.856274333333501,-6.595147611379493,-0.062377039470487415
t205_n6,FloorPlan205,living,6,llm_risk_none,64,69.0,73.0,84.6311996779388,91.65767914653784,1.0579710144927537,1.226539125767229,1.3283721615440267,64,1.0,8.858852666666676,8.859305021663507,2.3725046666670155,5.879286000000539,-14.072693236714974,-0.13309981720015227
t205_n6,FloorPlan205,living,6,llm_risk_none,128,69.0,69.0,81.40510735373054,88.68264157273215,1.0,1.1797841645468194,1.2852556749671327,128,1.0,17.887176999999976,17.887665269275505,4.738094000000248,11.819044333333954,-17.04773081052066,-0.16123778273215408
t205_n6,FloorPlan205,living,6,llm_risk_none,256,69.0,68.0,80.61417874396135,88.0231884057971,0.9855072463768116,1.1683214310719037,1.2756983826927115,256,1.0,36.65600499999996,36.65661904960871,9.487886333334528,24.051613666666935,-17.707183977455713,-0.16747490411998633
t205_n6,FloorPlan205,living,6,llm_risk_nominal,32,69.0,82.66666666666667,92.41477992485238,99.13522477187333,1.1980676328502415,1.3393446365920636,1.436742387998164,13,0.40625,3.5159086666666597,3.5163545981049538,0.487163333333096,2.800610666666851,-6.595147611379493,-0.062377039470487415
t205_n6,FloorPlan205,living,6,llm_risk_nominal,64,69.0,73.0,84.6311996779388,91.65767914653784,1.0579710144927537,1.226539125767229,1.3283721615440267,23.666666666666668,0.3697916666666667,7.127709999999972,7.128167587021987,0.8837306666665082,5.724241666666592,-14.072693236714974,-0.13309981720015227
t205_n6,FloorPlan205,living,6,llm_risk_nominal,128,69.0,69.0,81.40510735373054,88.68264157273215,1.0,1.1797841645468194,1.2852556749671327,43,0.3359375,14.194136333333367,14.194636916120848,1.6146463333333767,11.444653666666472,-17.04773081052066,-0.16123778273215408
t205_n6,FloorPlan205,living,6,llm_risk_nominal,256,69.0,68.0,80.61417874396135,88.0231884057971,0.9855072463768116,1.1683214310719037,1.2756983826927115,71.66666666666667,0.2799479166666667,37.07065499999999,37.071275835235916,2.7010106666668365,31.68405233333223,-17.707183977455713,-0.16747490411998633
t205_n6,FloorPlan205,living,6,llm_risk_critical,32,69.0,82.66666666666667,92.41477992485238,99.13522477187333,1.1980676328502415,1.3393446365920636,1.436742387998164,11.333333333333334,0.3541666666666667,3.573435666666606,3.574023333688577,0.4210416666664181,2.8507189999997053,-6.595147611379493,-0.062377039470487415
t205_n6,FloorPlan205,living,6,llm_risk_critical,64,69.0,73.0,84.6311996779388,91.65767914653784,1.0579710144927537,1.226539125767229,1.3283721615440267,19.666666666666668,0.3072916666666667,7.184207666666646,7.184811867773533,0.7321099999996935,5.777675999999528,-14.072693236714974,-0.13309981720015227
t205_n6,FloorPlan205,living,6,llm_risk_critical,128,69.0,69.0,81.40510735373054,88.68264157273215,1.0,1.1797841645468194,1.2852556749671327,32.666666666666664,0.2552083333333333,14.273085333333343,14.273721414307753,1.2134056666662785,11.62201333333257,-17.04773081052066,-0.16123778273215408
t205_n6,FloorPlan205,living,6,llm_risk_critical,256,69.0,68.0,80.61417874396135,88.0231884057971,0.9855072463768116,1.1683214310719037,1.2756983826927115,50.333333333333336,0.19661458333333334,28.368377999999954,28.369114734232426,1.8730126666666551,23.225011999999637,-17.707183977455713,-0.16747490411998633
t205_n6,FloorPlan205,living,6,uniform_nominal_none,32,69.0,69.0,77.90737520128825,83.44066022544283,1.0,1.1290923942215687,1.2092849308035192,32,1.0,4.395462333333322,4.398812539875507,1.2081826666664093,2.9295716666667784,-22.289712157809987,-0.2108165483141774
t205_n6,FloorPlan205,living,6,uniform_nominal_none,64,69.0,68.33333333333333,76.93095276435857,82.5722255770263,0.9903381642512077,1.1149413444109937,1.1966989214061783,64,1.0,8.92904499999995,8.932428124050299,2.4002716666662316,5.930986999999906,-23.158146806226515,-0.2190302207797261
t205_n6,FloorPlan205,living,6,uniform_nominal_none,128,69.0,62.0,71.31712292002148,77.1207729468599,0.8985507246376812,1.033581491594514,1.1176923615486942,128,1.0,18.077349666666667,18.080795494218666,4.800963999999704,11.919853666666777,-28.609599436392912,-0.27059016999096974
t205_n6,FloorPlan205,living,6,uniform_nominal_none,256,69.0,59.0,68.98615942028985,74.87004830917874,0.855072463768116,0.9997994118882587,1.0850731639011413,256,1.0,36.85460166666669,36.85814390579859,9.611570333332857,24.211681666666838,-30.86032407407407,-0.29187756912660034
t205_n6,FloorPlan205,living,6,uniform_risk_none,32,69.0,69.0,77.90737520128825,83.44066022544283,1.0,1.1290923942215687,1.2092849308035192,32,1.0,4.3742876666665875,4.37462671349446,1.1915726666664,2.9205359999998994,-22.289712157809987,-0.2108165483141774
t205_n6,FloorPlan205,living,6,uniform_risk_none,64,69.0,68.33333333333333,76.93095276435857,82.5722255770263,0.9903381642512077,1.1149413444109937,1.1966989214061783,64,1.0,8.841445666666633,8.84180391828219,2.3953336666664438,5.844177000000321,-23.158146806226515,-0.2190302207797261
t205_n6,FloorPlan205,living,6,uniform_risk_none,128,69.0,64.33333333333333,73.48040794417606,79.48333668813741,0.9323671497584541,1.0649334484663198,1.1519324157701074,128,1.0,18.047406333333274,18.047805254658062,4.813037000000501,11.860350333333733,-26.2470356951154,-0.2482449943519995
t205_n6,FloorPlan205,living,6,uniform_risk_none,256,69.0,61.333333333333336,71.14944444444444,77.23261205045625,0.888888888888889,1.0311513687600644,1.1193132181225545,256,1.0,36.902917999999936,36.90345057596763,9.61005766666645,24.18893166666606,-28.49776033279656,-0.2695323934876301
t205_n6,FloorPlan205,living,6,uniform_random,32,69.0,69.0,77.90737520128825,83.44066022544283,1.0,1.1290923942215687,1.2092849308035192,32,1.0,4.327549666666523,4.327883943915367,1.201341999999291,2.8493826666664557,-22.289712157809987,-0.2108165483141774
t205_n6,FloorPlan205,living,6,uniform_random,64,69.0,69.0,77.90737520128825,83.44066022544283,1.0,1.1290923942215687,1.2092849308035192,64,1.0,8.884301333333214,8.884656243026257,2.396976999999264,5.869490999999598,-22.289712157809987,-0.2108165483141774
t205_n6,FloorPlan205,living,6,uniform_random,128,69.0,69.0,77.90737520128825,83.44066022544283,1.0,1.1290923942215687,1.2092849308035192,128,1.0,18.24841433333324,18.248827817539375,4.823997999999478,12.106186666665852,-22.289712157809987,-0.2108165483141774
t205_n6,FloorPlan205,living,6,uniform_random,256,69.0,69.0,77.90737520128825,83.44066022544283,1.0,1.1290923942215687,1.2092849308035192,256,1.0,36.69132966666658,36.69185284525156,9.616553333333147,24.39221366666559,-22.289712157809987,-0.2108165483141774
t205_n8,FloorPlan205,living,8,llm_nominal_none,32,96.0,90.0,105.15293209876543,114.85993827160495,0.9375,1.0953430426954733,1.1964576903292181,32,1.0,5.2753829999999295,5.276039242744446,1.4664726666662187,3.5267263333336185,-5.601242283950616,-0.04649831803173617
t205_n8,FloorPlan205,living,8,llm_nominal_none,64,96.0,87.33333333333333,102.79722993827161,112.19377314814815,0.9097222222222222,1.0708044785236626,1.1686851369598765,64,1.0,10.673713666666695,10.6744101891915,2.9250403333325923,7.108887666666878,-8.26740740740741,-0.06863129988664322
t205_n8,FloorPlan205,living,8,llm_nominal_none,128,96.0,88.66666666666667,101.4418287037037,109.99625,0.9236111111111112,1.0566857156635803,1.1457942708333333,128,1.0,21.780981999999966,21.78174505631129,5.849762666665925,14.471826000000299,-10.46493055555556,-0.08687388341449327
t205_n8,FloorPlan205,living,8,llm_nominal_none,256,96.0,85.66666666666667,98.82545524691358,107.31296296296297,0.8923611111111112,1.0294318254886832,1.117843364197531,256,1.0,44.3707206666667,44.37160181502501,11.698623999999658,29.468437333333377,-13.148217592592593,-0.10914900162819474
t205_n8,FloorPlan205,living,8,llm_risk_none,32,96.0,93.33333333333333,107.44728395061729,116.88935956790124,0.9722222222222222,1.1192425411522633,1.2175974954989712,32,1.0,5.376256666666597,5.376770161092281,1.4561016666667648,3.635644333333373,-3.57182098765432,-0.02965122017882793
t205_n8,FloorPlan205,living,8,llm_risk_none,64,96.0,88.66666666666667,102.85577160493827,111.82756944444445,0.923611111111111,1.0714142875514403,1.1648705150462964,64,1.0,10.734452999999977,10.734998310605684,2.899691000000241,7.211459999999541,-8.633611111111113,-0.07167131412205756
t205_n8,FloorPlan205,living,8,llm_risk_none,128,96.0,85.66666666666667,99.09917438271606,107.67155092592593,0.892361111111111,1.0322830664866256,1.121578655478395,128,1.0,21.563784333333356,21.564400133987267,5.777822000000617,14.391911666665942,-12.78962962962963,-0.10617220892776469
t205_n8,FloorPlan205,living,8,llm_risk_none,256,96.0,79.33333333333333,93.16729166666667,101.53965277777777,0.8263888888888888,0.9704926215277778,1.0577047164351852,256,1.0,52.12998999999996,52.13077552616596,11.557309333334173,37.628848333333025,-18.92152777777778,-0.157075729214287
t205_n8,FloorPlan205,living,8,llm_risk_nominal,32,96.0,93.33333333333333,107.44728395061729,116.88935956790124,0.9722222222222222,1.1192425411522633,1.2175974954989712,19,0.59375,4.577804000000037,4.578308512767156,0.8704333333333647,3.4470586666666505,-3.57182098765432,-0.02965122017882793
t205_n8,FloorPlan205,living,8,llm_risk_nominal,64,96.0,88.66666666666667,102.85577160493827,111.82756944444445,0.923611111111111,1.0714142875514403,1.1648705150462964,33.666666666666664,0.5260416666666666,9.108095666666705,9.108629698554674,1.5391679999999797,7.005386000000076,-8.633611111111113,-0.07167131412205756
t205_n8,FloorPlan205,living,8,llm_risk_nominal,128,96.0,85.66666666666667,99.09917438271606,107.67155092592593,0.892361111111111,1.0322830664866256,1.121578655478395,58,0.453125,17.978362333333312,17.978937985996406,2.6360219999998677,14.107463666666671,-12.78962962962963,-0.10617220892776469
t205_n8,FloorPlan205,living,8,llm_risk_nominal,256,96.0,79.33333333333333,93.16729166666667,101.53965277777777,0.8263888888888888,0.9704926215277778,1.0577047164351852,100,0.390625,35.26597200000007,35.26665332416693,4.542622333332839,28.162064000000246,-18.92152777777778,-0.157075729214287
t205_n8,FloorPlan205,living,8,llm_risk_critical,32,96.0,93.33333333333333,107.44728395061729,116.88935956790124,0.9722222222222222,1.1192425411522633,1.2175974954989712,17,0.53125,4.570896333333259,4.577132562796275,0.7825149999998171,3.4555289999996797,-3.57182098765432,-0.02965122017882793
t205_n8,FloorPlan205,living,8,llm_risk_critical,64,96.0,88.66666666666667,102.85577160493827,111.82756944444445,0.923611111111111,1.0714142875514403,1.1648705150462964,27,0.421875,9.06319933333329,9.069428158303102,1.2347243333330853,7.116118666666171,-8.633611111111113,-0.07167131412205756
t205_n8,FloorPlan205,living,8,llm_risk_critical,128,96.0,85.66666666666667,99.09917438271606,107.67155092592593,0.892361111111111,1.0322830664866256,1.121578655478395,43,0.3359375,17.79247533333328,17.79879629611969,1.9543426666663495,14.292366999999214,-12.78962962962963,-0.10617220892776469
t205_n8,FloorPlan205,living,8,llm_risk_critical,256,96.0,79.33333333333333,93.16729166666667,101.53965277777777,0.8263888888888888,0.9704926215277778,1.0577047164351852,69.33333333333333,0.2708333333333333,34.710858999999886,34.71729687104622,3.1420409999995216,28.39132966666602,-18.92152777777778,-0.157075729214287
t205_n8,FloorPlan205,living,8,uniform_nominal_none,32,96.0,96.33333333333333,112.57878086419753,122.5050462962963,1.0034722222222223,1.1726956340020576,1.2760942322530864,32,1.0,5.2819300000000275,5.282452640434106,1.4507373333337847,3.5577919999999486,2.043865740740737,0.016967007390385997
t205_n8,FloorPlan205,living,8,uniform_nominal_none,64,96.0,95.0,105.66078703703704,113.4082561728395,0.9895833333333334,1.100633198302469,1.1813360018004115,64,1.0,10.71931833333332,10.71986835449934,2.901132000000639,7.209202666666618,-7.052924382716053,-0.058549354656733645
t205_n8,FloorPlan205,living,8,uniform_nominal_none,128,96.0,90.0,102.3473225308642,111.07016203703704,0.9375,1.0661179430298353,1.1569808545524691,128,1.0,21.826934666666595,21.82753849774599,5.832034333333717,14.61547466666709,-9.391018518518521,-0.07795887833082848
t205_n8,FloorPlan205,living,8,uniform_nominal_none,256,96.0,86.0,98.48853395061728,106.74331790123458,0.8958333333333334,1.0259222286522633,1.1119095614711934,256,1.0,43.856819333333334,43.861902008454,11.689058000000493,29.12340200000074,-13.717862654320987,-0.11387786995823468
t205_n8,FloorPlan205,living,8,uniform_risk_none,32,96.0,99.66666666666667,113.35435185185185,122.17877314814814,1.0381944444444444,1.18077449845679,1.2726955536265432,32,1.0,5.391182000000032,5.391851998865604,1.4543133333333829,3.6606203333334753,1.7175925925925857,0.014258473847518402
t205_n8,FloorPlan205,living,8,uniform_risk_none,64,96.0,96.66666666666667,109.56394290123457,118.40314043209877,1.0069444444444444,1.14129107188786,1.2333660461676954,64,1.0,10.696678333333358,10.697379397849241,2.908355999999982,7.176372333333976,-2.0580401234567915,-0.017084675029460133
t205_n8,FloorPlan205,living,8,uniform_risk_none,128,96.0,89.33333333333333,101.44364969135803,109.65150462962963,0.9305555555555556,1.0567046842849794,1.1422031732253086,128,1.0,21.991738000000055,21.992445923388004,5.848262666666122,14.774869333334605,-10.80967592592593,-0.08973576280817382
t205_n8,FloorPlan205,living,8,uniform_risk_none,256,96.0,81.66666666666667,94.36025462962964,102.57980709876543,0.8506944444444444,0.982919319058642,1.0685396572788066,256,1.0,44.034561666666676,44.050669918457665,11.718430333332641,29.394627333334423,-17.881373456790126,-0.14844096143108443
t205_n8,FloorPlan205,living,8,uniform_random,32,96.0,102.0,116.08885030864197,125.27157407407407,1.0625,1.2092588573816871,1.3049122299382716,32,1.0,5.4720456666666655,5.472516020139058,1.4605053333334173,3.7040293333333216,4.810393518518514,0.03993314274634726
t205_n8,FloorPlan205,living,8,uniform_random,64,96.0,100.0,113.0650385802469,121.95837191358024,1.0416666666666667,1.1777608185442385,1.2703997074331275,64,1.0,10.864336999999965,10.864850444098314,2.9371689999997397,7.235550333333303,1.4971913580246838,0.012428828533140535
t205_n8,FloorPlan205,living,8,uniform_random,128,96.0,93.33333333333333,106.44217592592592,114.9507561728395,0.9722222222222222,1.1087726658950618,1.197403710133745,128,1.0,22.572167333333372,22.57275426139434,5.888347666666312,15.217830666666673,-5.510424382716053,-0.045744399625692655
t205_n8,FloorPlan205,living,8,uniform_random,256,96.0,86.66666666666667,99.97826388888889,108.70820216049383,0.9027777777777778,1.0414402488425927,1.1323771058384773,256,1.0,44.43111133333333,44.43181895961364,11.714443000000315,29.75504600000082,-11.752978395061731,-0.09756652176957015
t206_n4,FloorPlan206,living,4,llm_nominal_none,32,39.0,37.333333333333336,41.67975783475784,44.67924620132953,0.9572649572649573,1.068711739352765,1.145621697469988,32,1.0,3.444714666666626,3.4453083450595536,0.9217943333332442,2.257352333333462,-0.36888770180436836,-0.00818874545608439
t206_n4,FloorPlan206,living,4,llm_nominal_none,64,39.0,37.333333333333336,41.555802469135806,44.42681861348528,0.9572649572649573,1.0655333966445077,1.1391491952175712,64,1.0,7.006284333333279,7.0068733766674995,1.8473916666666979,4.519266999999753,-0.621315289648623,-0.013792253658822454
t206_n4,FloorPlan206,living,4,llm_nominal_none,128,39.0,37.333333333333336,41.555802469135806,44.42681861348528,0.9572649572649573,1.0655333966445077,1.1391491952175712,128,1.0,14.681476999999962,14.682142063975334,3.713115999999572,9.303296333333341,-0.621315289648623,-0.013792253658822454
t206_n4,FloorPlan206,living,4,llm_nominal_none,256,39.0,35.666666666666664,40.68117758784425,43.80550332383665,0.9145299145299145,1.0431071176370323,1.1232180339445297,256,1.0,30.80596666666661,30.806734847525757,7.4312566666666635,19.257215999999076,-1.242630579297246,-0.027584507317644908
t206_n4,FloorPlan206,living,4,llm_risk_none,32,39.0,37.333333333333336,41.67975783475784,44.67924620132953,0.9572649572649573,1.068711739352765,1.145621697469988,32,1.0,3.3741683333334085,3.3746116484204927,0.91167400000051,2.209081666667149,-0.36888770180436836,-0.00818874545608439
t206_n4,FloorPlan206,living,4,llm_risk_none,64,39.0,37.333333333333336,41.555802469135806,44.42681861348528,0.9572649572649573,1.0655333966445077,1.1391491952175712,64,1.0,6.790270000000098,6.790734517077605,1.8233510000005282,4.3837843333337885,-0.621315289648623,-0.013792253658822454
t206_n4,FloorPlan206,living,4,llm_risk_none,128,39.0,37.333333333333336,41.555802469135806,44.42681861348528,0.9572649572649573,1.0655333966445077,1.1391491952175712,128,1.0,14.146917666666685,14.14742444952329,3.643645000000214,9.012292333334079,-0.621315289648623,-0.013792253658822454
t206_n4,FloorPlan206,living,4,llm_risk_none,256,39.0,37.333333333333336,41.555802469135806,44.42681861348528,0.9572649572649573,1.0655333966445077,1.1391491952175712,256,1.0,29.76945066666666,29.770053923130035,7.335446333333717,18.538007333334292,-0.621315289648623,-0.013792253658822454
t206_n4,FloorPlan206,living,4,llm_risk_nominal,32,39.0,37.333333333333336,41.67975783475784,44.67924620132953,0.9572649572649573,1.068711739352765,1.145621697469988,14.333333333333334,0.4479166666666667,2.7837686666665937,2.7842242270708084,0.4085133333330641,2.1556516666660177,-0.36888770180436836,-0.00818874545608439
t206_n4,FloorPlan206,living,4,llm_risk_nominal,64,39.0,37.333333333333336,41.555802469135806,44.42681861348528,0.9572649572649573,1.0655333966445077,1.1391491952175712,22.333333333333332,0.3489583333333333,5.392885666666662,5.393379678328832,0.641806000000115,4.25964499999935,-0.621315289648623,-0.013792253658822454
t206_n4,FloorPlan206,living,4,llm_risk_nominal,128,39.0,37.333333333333336,41.555802469135806,44.42681861348528,0.9572649572649573,1.0655333966445077,1.1391491952175712,36.666666666666664,0.2864583333333333,11.102769333333281,11.103287028769651,1.0625910000001682,8.759351999999629,-0.621315289648623,-0.013792253658822454
t206_n4,FloorPlan206,living,4,llm_risk_nominal,256,39.0,37.333333333333336,41.555802469135806,44.42681861348528,0.9572649572649573,1.0655333966445077,1.1391491952175712,44,0.171875,22.234666333333266,22.25263261546691,1.2837626666668545,17.612929666665906,-0.621315289648623,-0.013792253658822454
t206_n4,FloorPlan206,living,4,llm_risk_critical,32,39.0,37.333333333333336,41.67975783475784,44.67924620132953,0.9572649572649573,1.068711739352765,1.145621697469988,12.333333333333334,0.3854166666666667,2.812551999999968,2.8130505234003067,0.35150166666649457,2.173518666666411,-0.36888770180436836,-0.00818874545608439
t206_n4,FloorPlan206,living,4,llm_risk_critical,64,39.0,37.333333333333336,41.555802469135806,44.42681861348528,0.9572649572649573,1.0655333966445077,1.1391491952175712,18,0.28125,5.434073333333345,5.434591944019,0.5132863333331036,4.284841333332956,-0.621315289648623,-0.013792253658822454
t206_n4,FloorPlan206,living,4,llm_risk_critical,128,39.0,37.333333333333336,41.555802469135806,44.42681861348528,0.9572649572649573,1.0655333966445077,1.1391491952175712,27.666666666666668,0.21614583333333334,19.040350999999973,19.0409558514754,0.792495666666356,16.65659533333345,-0.621315289648623,-0.013792253658822454
t206_n4,FloorPlan206,living,4,llm_risk_critical,256,39.0,37.333333333333336,41.555802469135806,44.42681861348528,0.9572649572649573,1.0655333966445077,1.1391491952175712,32,0.125,30.42462499999998,30.425298338135082,0.9184779999997043,25.52322666666673,-0.621315289648623,-0.013792253658822454
t206_n4,FloorPlan206,living,4,uniform_nominal_none,32,39.0,37.666666666666664,42.83810541310541,46.35328228869895,0.9658119658119658,1.098412959310395,1.1885456997102295,32,1.0,3.4240733333333515,3.4245712061723075,0.9225396666665553,2.2482033333334575,1.3051483855650499,0.028972307451657908
t206_n4,FloorPlan206,living,4,uniform_nominal_none,64,39.0,34.0,40.13665716999051,43.67364672364672,0.8717948717948718,1.0291450556407822,1.119837095478121,64,1.0,6.837774666666722,6.838291262586911,1.840451666666798,4.414989000000036,-1.3744871794871827,-0.030511523128632034
t206_n4,FloorPlan206,living,4,uniform_nominal_none,128,39.0,34.0,40.13665716999051,43.67364672364672,0.8717948717948718,1.0291450556407822,1.119837095478121,128,1.0,14.11204033333339,14.112602608899275,3.672606333333365,9.022031999999921,-1.3744871794871827,-0.030511523128632034
t206_n4,FloorPlan206,living,4,uniform_nominal_none,256,39.0,34.0,40.13665716999051,43.67364672364672,0.8717948717948718,1.0291450556407822,1.119837095478121,256,1.0,29.684853999999945,29.685509701569874,7.3800673333330735,18.517170333333333,-1.3744871794871827,-0.030511523128632034
t206_n4,FloorPlan206,living,4,uniform_risk_none,32,39.0,37.666666666666664,42.68188034188034,45.93129154795821,0.9658119658119658,1.094407188253342,1.1777254243066209,32,1.0,3.378717333333281,3.379060576359431,0.9187233333333525,2.208788999999989,0.8831576448243084,0.01960475536508007
t206_n4,FloorPlan206,living,4,uniform_risk_none,64,39.0,34.0,40.22839981006648,43.83923195631529,0.8717948717948718,1.0314974310273457,1.124082870674751,64,1.0,6.811850333333351,6.812216714024544,1.8430706666664836,4.391870333332992,-1.2089019468186162,-0.026835783018628323
t206_n4,FloorPlan206,living,4,uniform_risk_none,128,39.0,34.0,40.13665716999051,43.67364672364672,0.8717948717948718,1.0291450556407822,1.119837095478121,128,1.0,14.067073666666671,14.067487170298895,3.6793203333336986,8.995248333332798,-1.3744871794871827,-0.030511523128632034
t206_n4,FloorPlan206,living,4,uniform_risk_none,256,39.0,34.0,40.13665716999051,43.67364672364672,0.8717948717948718,1.0291450556407822,1.119837095478121,256,1.0,29.765690666666714,29.76620166252057,7.385774666667307,18.6688866666657,-1.3744871794871827,-0.030511523128632034
t206_n4,FloorPlan206,living,4,uniform_random,32,39.0,39.666666666666664,44.339002849002846,47.80856956315289,1.017094017094017,1.136897508948791,1.2258607580295613,32,1.0,3.3768723333333175,3.377270884811878,0.9198796666662901,2.212020333333268,2.7604356600189917,0.06127746969396567
t206_n4,FloorPlan206,living,4,uniform_random,64,39.0,39.333333333333336,43.725009496676165,47.04446225071225,1.0085470085470085,1.1211540896583632,1.2062682628387758,64,1.0,6.755472666666688,6.755883805453777,1.8345360000002753,4.388230999999927,1.9963283475783484,0.0443154504883824
t206_n4,FloorPlan206,living,4,uniform_random,128,39.0,39.0,43.129444444444445,46.261455365622034,1.0,1.105883190883191,1.1861911632210778,128,1.0,13.761832666666715,13.76229307303826,3.6810460000005207,8.97163433333259,1.2133214624881319,0.02693388953906754
t206_n4,FloorPlan206,living,4,uniform_random,256,39.0,36.0,41.53866096866097,45.11781813865147,0.9230769230769231,1.065093870991307,1.156867131760294,256,1.0,27.941463666666685,27.942003992696602,7.363139000000037,18.301639999998972,0.06968423551757041,0.0015468839545587088
t206_n6,FloorPlan206,living,6,llm_nominal_none,32,55.0,55.0,61.621464646464645,66.58535353535353,1.0,1.1203902662993572,1.2106427915518825,32,1.0,4.351632333333244,4.352317812542121,1.2016039999999488,2.878707000000332,0.0,0.0
t206_n6,FloorPlan206,living,6,llm_nominal_none,64,55.0,52.0,59.94250841750842,65.16721380471381,0.9454545454545454,1.089863789409244,1.1848584328129783,64,1.0,8.844011000000021,8.844717716177305,2.3960316666661687,5.844426333334078,-1.41813973063973,-0.02129807315488334
t206_n6,FloorPlan206,living,6,llm_nominal_none,128,55.0,49.666666666666664,58.5189393939394,63.79248737373737,0.903030303030303,1.0639807162534436,1.159863406795225,128,1.0,26.08319033333325,26.08399000018835,4.790655333332487,19.920333333334277,-2.7928661616161605,-0.04194415157881959
t206_n6,FloorPlan206,living,6,llm_nominal_none,256,55.0,48.0,57.35075757575758,62.46117424242424,0.8727272727272727,1.042741046831956,1.1356577134986225,256,1.0,45.16534466666659,45.166282604138054,9.589879666666542,32.44926133333411,-4.124179292929291,-0.06193823527180875
t206_n6,FloorPlan206,living,6,llm_risk_none,32,55.0,55.0,61.621464646464645,66.58535353535353,1.0,1.1203902662993572,1.2106427915518825,32,1.0,4.491707999999983,4.492102811733882,1.2070609999996023,3.0085146666663696,0.0,0.0
t206_n6,FloorPlan206,living,6,llm_risk_none,64,55.0,52.0,59.94250841750842,65.16721380471381,0.9454545454545454,1.089863789409244,1.1848584328129783,64,1.0,8.919086666666631,8.91951626787583,2.4031970000000236,5.894651999999834,-1.41813973063973,-0.02129807315488334
t206_n6,FloorPlan206,living,6,llm_risk_none,128,55.0,48.0,57.35075757575758,62.46117424242424,0.8727272727272727,1.042741046831956,1.1356577134986225,128,1.0,18.20491033333334,18.205396831035614,4.826188000000157,11.97078833333324,-4.124179292929291,-0.06193823527180875
t206_n6,FloorPlan206,living,6,llm_risk_none,256,55.0,48.0,57.35075757575758,62.46117424242424,0.8727272727272727,1.042741046831956,1.1356577134986225,256,1.0,36.858186333333265,36.85880545526743,9.6250043333345,24.10955133333285,-4.124179292929291,-0.06193823527180875
t206_n6,FloorPlan206,living,6,llm_risk_nominal,32,55.0,55.0,61.621464646464645,66.58535353535353,1.0,1.1203902662993572,1.2106427915518825,13.333333333333334,0.4166666666666667,3.5292600000000154,3.529677167534828,0.5049513333335772,2.7973283333330525,0.0,0.0
t206_n6,FloorPlan206,living,6,llm_risk_nominal,64,55.0,52.0,59.94250841750842,65.16721380471381,0.9454545454545454,1.089863789409244,1.1848584328129783,24.333333333333332,0.3802083333333333,7.185528333333302,7.185958015422027,0.9209380000002229,5.745121666666335,-1.41813973063973,-0.02129807315488334
t206_n6,FloorPlan206,living,6,llm_risk_nominal,128,55.0,48.0,57.35075757575758,62.46117424242424,0.8727272727272727,1.042741046831956,1.1356577134986225,38.333333333333336,0.2994791666666667,14.103418333333359,14.103890707095465,1.4535990000004901,11.496376666666178,-4.124179292929291,-0.06193823527180875
t206_n6,FloorPlan206,living,6,llm_risk_nominal,256,55.0,48.0,57.35075757575758,62.46117424242424,0.8727272727272727,1.042741046831956,1.1356577134986225,55.666666666666664,0.21744791666666666,27.83126133333336,27.83181145787239,2.121631666666938,23.143349666666943,-4.124179292929291,-0.06193823527180875
t206_n6,FloorPlan206,living,6,llm_risk_critical,32,55.0,55.0,61.621464646464645,66.58535353535353,1.0,1.1203902662993572,1.2106427915518825,11.666666666666666,0.3645833333333333,3.578109999999931,3.5786659767230353,0.43883733333320113,2.8383976666662334,0.0,0.0
t206_n6,FloorPlan206,living,6,llm_risk_critical,64,55.0,52.0,59.94250841750842,65.16721380471381,0.9454545454545454,1.089863789409244,1.1848584328129783,19.666666666666668,0.3072916666666667,7.168439999999905,7.171650727589925,0.7380183333332754,5.7607740000000796,-1.41813973063973,-0.02129807315488334
t206_n6,FloorPlan206,living,6,llm_risk_critical,128,55.0,48.0,57.35075757575758,62.46117424242424,0.8727272727272727,1.042741046831956,1.1356577134986225,28.666666666666668,0.22395833333333334,14.126731999999956,14.129997231066227,1.080121999999628,11.580770666666481,-4.124179292929291,-0.06193823527180875
t206_n6,FloorPlan206,living,6,llm_risk_critical,256,55.0,48.0,57.35075757575758,62.46117424242424,0.8727272727272727,1.042741046831956,1.1356577134986225,40,0.15625,28.4442596666666,28.44759946068128,1.5220566666659756,23.692087333332537,-4.124179292929291,-0.06193823527180875
t206_n6,FloorPlan206,living,6,uniform_nominal_none,32,55.0,60.333333333333336,69.16338383838384,74.89377104377104,1.096969696969697,1.257516069788797,1.3617049280685645,32,1.0,4.456429666666706,4.457061178982258,1.1930850000001492,2.994290666666899,8.308417508417511,0.12477845452913534
t206_n6,FloorPlan206,living,6,uniform_nominal_none,64,55.0,57.666666666666664,66.67213804713805,72.44513888888889,1.0484848484848484,1.2122206917661464,1.3171843434343433,64,1.0,8.88670533333332,8.887366702159246,2.378441666666712,5.910643333333576,5.8597853535353535,0.08800411865988056
t206_n6,FloorPlan206,living,6,uniform_nominal_none,128,55.0,55.0,62.91338383838384,68.24886363636364,1.0,1.1438797061524335,1.2408884297520661,128,1.0,18.023197333333353,18.023900998135407,4.767213333332447,11.86757100000039,1.6635101010101039,0.02498312335500123
t206_n6,FloorPlan206,living,6,uniform_nominal_none,256,55.0,54.333333333333336,62.424410774410774,67.75079966329966,0.9878787878787879,1.1349892868074687,1.231832721150903,256,1.0,36.77060933333339,36.77142349382242,9.542779666665687,24.150563000000883,1.1654461279461306,0.01750304032443617
t206_n6,FloorPlan206,living,6,uniform_risk_none,32,55.0,63.333333333333336,71.8357744107744,77.44332912457912,1.1515151515151514,1.3061049892868075,1.4080605295378024,32,1.0,4.356277333333362,4.356737869481246,1.1873790000001734,2.903169666666446,10.857975589225594,0.16306852802787244
t206_n6,FloorPlan206,living,6,uniform_risk_none,64,55.0,56.666666666666664,65.81792929292929,71.59257154882155,1.0303030303030303,1.1966896235078053,1.3016831190694826,64,1.0,8.695591999999955,8.696082358558973,2.361615000000391,5.749762999999186,5.007218013468015,0.07519999140365652
t206_n6,FloorPlan206,living,6,uniform_risk_none,128,55.0,55.666666666666664,63.997306397306396,69.2732744107744,1.012121212121212,1.1635873890419346,1.2595140801958984,128,1.0,17.742297666666648,17.742845229804516,4.746775666666962,11.67271133333192,2.6879208754208768,0.040368049919472515
t206_n6,FloorPlan206,living,6,uniform_risk_none,256,55.0,53.0,61.359175084175085,66.70660774410774,0.9636363636363636,1.1156213651668199,1.2128474135292318,256,1.0,36.14241799999999,36.143080641825996,9.523038333332678,23.71490499999836,0.12125420875421138,0.0018210342412589748
t206_n6,FloorPlan206,living,6,uniform_random,32,55.0,67.0,72.57239057239057,76.95877525252526,1.2181818181818183,1.3194980104071012,1.3992504591368229,32,1.0,4.31530566666664,4.315836665530999,1.1873200000002508,2.8536010000002054,10.373421717171718,0.1557913439877426
t206_n6,FloorPlan206,living,6,uniform_random,64,55.0,61.666666666666664,68.46750841750843,73.35111531986531,1.121212121212121,1.244863789409244,1.3336566421793694,64,1.0,8.776051333333331,8.776613511145115,2.372981000000681,5.798005666666735,6.765761784511786,0.1016103606166107
t206_n6,FloorPlan206,living,6,uniform_random,128,55.0,57.666666666666664,65.53274410774411,70.84299242424242,1.0484848484848484,1.19150443832262,1.2880544077134986,128,1.0,17.87217633333338,17.872793910404045,4.761575666667313,11.838159333333431,4.257638888888891,0.06394257389695013
t206_n6,FloorPlan206,living,6,uniform_random,256,55.0,56.333333333333336,64.6459595959596,70.11372053872054,1.0242424242424242,1.1753810835629017,1.274794918885828,256,1.0,35.744613999999956,35.74534319341183,9.529305333333626,23.620450333333785,3.5283670033670043,0.052990136959979006
t206_n8,FloorPlan206,living,8,llm_nominal_none,32,74.0,74.33333333333333,84.25646646646646,90.81638138138138,1.0045045045045045,1.1386008981954927,1.2272483970456942,32,1.0,5.274305000000072,5.275071288148562,1.4405380000006573,3.5429226666670774,-0.43662912912913043,-0.004784818897332029
t206_n8,FloorPlan206,living,8,llm_nominal_none,64,74.0,74.66666666666667,83.53845845845846,89.89757757757756,1.0090090090090091,1.1288980872764656,1.214832129426724,64,1.0,10.757476333333349,10.7582729930679,2.8807936666674916,7.18775966666807,-1.3554329329329373,-0.014853569491571092
t206_n8,FloorPlan206,living,8,llm_nominal_none,128,74.0,74.33333333333333,82.7831931931932,88.9784059059059,1.0045045045045045,1.1186917999080161,1.2024108906203501,128,1.0,21.97152433333338,21.972388339539368,5.794609000001468,14.577901333334623,-2.2746046046046047,-0.024926351381498974
t206_n8,FloorPlan206,living,8,llm_nominal_none,256,74.0,74.33333333333333,82.45168168168168,88.79126376376377,1.0045045045045045,1.11421191461732,1.1998819427535643,256,1.0,45.1708596666666,45.1718627785643,11.61763600000243,29.756681000001322,-2.4617467467467455,-0.02697715651214816
t206_n8,FloorPlan206,living,8,llm_risk_none,32,74.0,74.33333333333333,84.25646646646646,90.81638138138138,1.0045045045045045,1.1386008981954927,1.2272483970456942,32,1.0,5.301994666666514,5.302436960240205,1.4337033333338873,3.575947666666505,-0.43662912912913043,-0.004784818897332029
t206_n8,FloorPlan206,living,8,llm_risk_none,64,74.0,70.66666666666667,80.45974974974975,86.86503503503504,0.954954954954955,1.0872939155371588,1.1738518247977707,64,1.0,10.645387999999922,10.645880674322447,2.8777506666684736,7.110510999999671,-4.387975475475476,-0.04808581602872234
t206_n8,FloorPlan206,living,8,llm_risk_none,128,74.0,64.66666666666667,76.47876876876877,83.18783783783783,0.8738738738738738,1.033496875253632,1.1241599707815924,128,1.0,21.901415999999877,21.901961726446945,5.789488000000749,14.644148999999848,-8.065172672672668,-0.08838253803959406
t206_n8,FloorPlan206,living,8,llm_risk_none,256,74.0,63.333333333333336,75.2956956956957,81.96321321321321,0.8558558558558559,1.0175094012931851,1.1076109893677462,256,1.0,50.96196199999984,50.96271851410469,11.599469333334408,36.139496333332204,-9.289797297297293,-0.10180263911651766
t206_n8,FloorPlan206,living,8,llm_risk_nominal,32,74.0,74.33333333333333,84.25646646646646,90.81638138138138,1.0045045045045045,1.1386008981954927,1.2272483970456942,13.666666666666666,0.4270833333333333,4.283274333333494,4.283863119781017,0.6153416666666208,3.419962666666887,-0.43662912912913043,-0.004784818897332029
t206_n8,FloorPlan206,living,8,llm_risk_nominal,64,74.0,70.66666666666667,80.45974974974975,86.86503503503504,0.954954954954955,1.0872939155371588,1.1738518247977707,26.333333333333332,0.4114583333333333,8.733709666666645,8.734332397580147,1.179054999999855,6.995513000000786,-4.387975475475476,-0.04808581602872234
t206_n8,FloorPlan206,living,8,llm_risk_nominal,128,74.0,64.66666666666667,76.47876876876877,83.18783783783783,0.8738738738738738,1.033496875253632,1.1241599707815924,44.333333333333336,0.3463541666666667,17.441776666666723,17.44245334217946,1.9935673333328907,14.217265666668144,-8.065172672672668,-0.08838253803959406
t206_n8,FloorPlan206,living,8,llm_risk_nominal,256,74.0,63.333333333333336,75.2956956956957,81.96321321321321,0.8558558558558559,1.0175094012931851,1.1076109893677462,70.66666666666667,0.2760416666666667,34.00476300000007,34.005518381794296,3.17283399999968,28.138508666667672,-9.289797297297293,-0.10180263911651766
t206_n8,FloorPlan206,living,8,llm_risk_critical,32,74.0,74.33333333333333,84.25646646646646,90.81638138138138,1.0045045045045045,1.1386008981954927,1.2272483970456942,9.666666666666666,0.3020833333333333,4.154794000000035,4.155331601699193,0.42884333333318797,3.4133859999998517,-0.43662912912913043,-0.004784818897332029
t206_n8,FloorPlan206,living,8,llm_risk_critical,64,74.0,70.66666666666667,80.45974974974975,86.86503503503504,0.954954954954955,1.0872939155371588,1.1738518247977707,18.666666666666668,0.2916666666666667,8.573610333333223,8.574174406627813,0.828219999999602,7.044836999999804,-4.387975475475476,-0.04808581602872234
t206_n8,FloorPlan206,living,8,llm_risk_critical,128,74.0,64.66666666666667,76.47876876876877,83.18783783783783,0.8738738738738738,1.033496875253632,1.1241599707815924,30,0.234375,17.0660886666667,17.06667896360159,1.3350883333330306,14.195637333334288,-8.065172672672668,-0.08838253803959406
t206_n8,FloorPlan206,living,8,llm_risk_critical,256,74.0,63.333333333333336,75.2956956956957,81.96321321321321,0.8558558558558559,1.0175094012931851,1.1076109893677462,45,0.17578125,33.61045933333336,33.61113152156273,2.001660333333192,28.294984000000486,-9.289797297297293,-0.10180263911651766
t206_n8,FloorPlan206,living,8,uniform_nominal_none,32,74.0,78.33333333333333,87.32904904904906,94.00108858858859,1.0585585585585586,1.1801222844466088,1.2702849809268728,32,1.0,5.296356666666687,5.297099240124226,1.4514723333327595,3.56716600000014,2.7480780780780805,0.030114930594663008
t206_n8,FloorPlan206,living,8,uniform_nominal_none,64,74.0,71.0,79.86876876876876,86.30226226226226,0.9594594594594594,1.0793076860644426,1.1662467873278684,64,1.0,10.692204999999936,10.692954684297243,2.912813000000606,7.16022333333292,-4.950748248248246,-0.054252985414415665
t206_n8,FloorPlan206,living,8,uniform_nominal_none,128,74.0,68.0,77.40995995995996,83.56038788788788,0.918918918918919,1.0460805399994588,1.129194430917404,128,1.0,21.692736666666676,21.693574885527294,5.844400000002266,14.4997513333327,-7.6926226226226175,-0.0842999324579717
t206_n8,FloorPlan206,living,8,uniform_nominal_none,256,74.0,66.0,75.53940940940942,81.58085835835836,0.8918918918918919,1.0208028298568839,1.1024440318697075,256,1.0,43.68008433333337,43.68104785680771,11.720191000002137,28.936672333333153,-9.672152152152146,-0.10599269106894953
t206_n8,FloorPlan206,living,8,uniform_risk_none,32,74.0,73.0,81.71804804804805,88.23258008008008,0.9864864864864865,1.1042979465952438,1.1923321632443253,32,1.0,5.344516999999938,5.344970151782036,1.455192666666827,3.6094803333330816,-3.020430430430428,-0.03309951544100057
t206_n8,FloorPlan206,living,8,uniform_risk_none,64,74.0,70.0,79.6081981981982,86.15785535535535,0.9459459459459459,1.0757864621378135,1.1642953426399372,64,1.0,10.753910333333247,10.75439372410377,2.917994666666942,7.199624000000515,-5.095155155155155,-0.055835474650650495
t206_n8,FloorPlan206,living,8,uniform_risk_none,128,74.0,65.33333333333333,75.95804804804804,82.52038038038037,0.8828828828828829,1.0264601087574061,1.1151402754105457,128,1.0,22.117024666666726,22.12003121773402,5.847189333333243,14.826478666668011,-8.732630130130127,-0.09569689899846434
t206_n8,FloorPlan206,living,8,uniform_risk_none,256,74.0,64.33333333333333,74.78728728728728,81.27438938938938,0.8693693693693694,1.0106390173957742,1.098302559316073,256,1.0,44.06694466666661,44.07009637604157,11.660325666666749,29.319759666666556,-9.978621121121117,-0.10935114431070503
t206_n8,FloorPlan206,living,8,uniform_random,32,74.0,74.33333333333333,84.75473473473474,91.78405405405405,1.0045045045045045,1.145334253172091,1.2403250547845142,32,1.0,5.278188666666776,5.278702514866988,1.4529359999998863,3.527237666666775,0.5310435435435418,0.005819463276582855
t206_n8,FloorPlan206,living,8,uniform_random,64,74.0,74.33333333333333,84.75473473473474,91.78405405405405,1.0045045045045045,1.145334253172091,1.2403250547845142,64,1.0,10.631620666666711,10.632178746163845,2.909851333332991,7.052949666667067,0.5310435435435418,0.005819463276582855
t206_n8,FloorPlan206,living,8,uniform_random,128,74.0,72.66666666666667,83.60036036036037,90.7441116116116,0.981981981981982,1.1297345994643293,1.226271778535292,128,1.0,29.853113666666726,29.85376709451278,5.838595333333307,22.60117333333415,-0.508898898898901,-0.005576790245624667
t206_n8,FloorPlan206,living,8,uniform_random,256,74.0,72.66666666666667,83.60036036036037,90.7441116116116,0.981981981981982,1.1297345994643293,1.226271778535292,256,1.0,51.845159666666625,51.84593175848325,11.704745333335284,37.24638999999959,-0.508898898898901,-0.005576790245624667
t207_n4,FloorPlan207,living,4,llm_nominal_none,32,62.0,66.0,74.3321266427718,80.0832138590203,1.064516129032258,1.1989052684318033,1.2916647396616179,32,1.0,3.4576183333332455,3.4584722792108855,0.9427990000003087,2.2574573333334533,-23.15011947431303,-0.22425043081349397
t207_n4,FloorPlan207,living,4,llm_nominal_none,64,62.0,64.0,72.18713261648745,77.85085424133811,1.032258064516129,1.1643085905885073,1.255658939376421,64,1.0,7.023180333333305,7.024051621556282,1.8961749999999444,4.528758333333475,-25.382479091995222,-0.24587483783011196
t207_n4,FloorPlan207,living,4,llm_nominal_none,128,62.0,64.0,71.43563918757467,77.04948028673834,1.032258064516129,1.1521877288318494,1.2427335530119088,128,1.0,14.638898999999927,14.64783027768135,3.8403149999994093,9.277552666667077,-26.183853046594987,-0.2536375819818694
t207_n4,FloorPlan207,living,4,llm_nominal_none,256,62.0,63.0,70.90224611708481,76.70264635603345,1.0161290322580645,1.1435846147916906,1.2371394573553782,256,1.0,30.474667333333297,30.4838332037131,7.674504666665009,19.009026000001242,-26.530686977299883,-0.25699729070681193
t207_n4,FloorPlan207,living,4,llm_risk_none,32,62.0,69.0,76.58681003584229,81.89101851851851,1.1129032258064517,1.2352711296103596,1.3208228793309438,32,1.0,3.4553046666667697,3.455804040034612,0.9472856666663532,2.2477656666664014,-21.342314814814824,-0.2067386000789295
t207_n4,FloorPlan207,living,4,llm_risk_none,64,62.0,68.66666666666667,75.55443249701314,80.89914277180405,1.1075268817204302,1.218619878984083,1.3048248834161944,64,1.0,6.963096666666724,6.963612511754036,1.895398333333409,4.476133999999095,-22.33419056152928,-0.21634669578491392
t207_n4,FloorPlan207,living,4,llm_risk_none,128,62.0,64.0,72.43271206690561,78.23439366786141,1.032258064516129,1.1682695494662196,1.2618450591590549,128,1.0,14.701795666666776,14.702359524865946,3.798922999998696,9.482988000000248,-24.998939665471926,-0.24215957054057405
t207_n4,FloorPlan207,living,4,llm_risk_none,256,62.0,62.0,70.16892473118278,76.1465203106332,1.0,1.1317568505029483,1.228169682429568,256,1.0,30.08853200000002,30.08920419961214,7.642493333332852,19.239875333334783,-27.086813022700124,-0.26238436896383716
t207_n4,FloorPlan207,living,4,llm_risk_nominal,32,62.0,69.0,76.58681003584229,81.89101851851851,1.1129032258064517,1.2352711296103596,1.3208228793309438,23.333333333333332,0.7291666666666666,3.160217000000095,3.160683438181877,0.6858136666667569,2.2310339999997986,-21.342314814814824,-0.2067386000789295
t207_n4,FloorPlan207,living,4,llm_risk_nominal,64,62.0,68.66666666666667,75.55443249701314,80.89914277180405,1.1075268817204302,1.218619878984083,1.3048248834161944,33.333333333333336,0.5208333333333334,5.891859666666684,5.892325192689896,0.9936406666668507,4.377581999999676,-22.33419056152928,-0.21634669578491392
t207_n4,FloorPlan207,living,4,llm_risk_nominal,128,62.0,64.0,72.43271206690561,78.23439366786141,1.032258064516129,1.1682695494662196,1.2618450591590549,49.333333333333336,0.3854166666666667,11.704647999999965,11.705158278346062,1.4869123333337193,8.977865333332483,-24.998939665471926,-0.24215957054057405
t207_n4,FloorPlan207,living,4,llm_risk_nominal,256,62.0,62.0,70.16892473118278,76.1465203106332,1.0,1.1317568505029483,1.228169682429568,69.66666666666667,0.2721354166666667,22.93198066666672,22.932567323247593,2.1379603333336514,18.045576333331518,-27.086813022700124,-0.26238436896383716
t207_n4,FloorPlan207,living,4,llm_risk_critical,32,62.0,69.0,76.58681003584229,81.89101851851851,1.1129032258064517,1.2352711296103596,1.3208228793309438,20.333333333333332,0.6354166666666666,3.21682033333337,3.2174276808897653,0.6118816666664065,2.288563666666595,-21.342314814814824,-0.2067386000789295
t207_n4,FloorPlan207,living,4,llm_risk_critical,64,62.0,68.66666666666667,75.55443249701314,80.89914277180405,1.1075268817204302,1.218619878984083,1.3048248834161944,28,0.4375,5.993734666666676,5.994365861018498,0.8435809999996676,4.476469000000686,-22.33419056152928,-0.21634669578491392
t207_n4,FloorPlan207,living,4,llm_risk_critical,128,62.0,64.0,72.43271206690561,78.23439366786141,1.032258064516129,1.1682695494662196,1.2618450591590549,39,0.3046875,11.903515333333337,11.904189052681128,1.1802119999994403,9.170259666666292,-24.998939665471926,-0.24215957054057405
t207_n4,FloorPlan207,living,4,llm_risk_critical,256,62.0,62.0,70.16892473118278,76.1465203106332,1.0,1.1317568505029483,1.228169682429568,53.666666666666664,0.20963541666666666,30.215885000000053,30.216656004389126,1.6439929999995477,25.16865233333232,-27.086813022700124,-0.26238436896383716
t207_n4,FloorPlan207,living,4,uniform_nominal_none,32,62.0,62.0,69.7100358422939,75.31155913978495,1.0,1.124355416811192,1.214702566770725,32,1.0,3.541011999999899,3.542231706281503,0.9657093333334347,2.310666333333433,-27.921774193548387,-0.270472465549387
t207_n4,FloorPlan207,living,4,uniform_nominal_none,64,62.0,62.0,69.7100358422939,75.31155913978495,1.0,1.124355416811192,1.214702566770725,64,1.0,7.05932133333335,7.060584922631581,1.9202709999997698,4.547187333332851,-27.921774193548387,-0.270472465549387
t207_n4,FloorPlan207,living,4,uniform_nominal_none,128,62.0,62.0,69.7100358422939,75.31155913978495,1.0,1.124355416811192,1.214702566770725,128,1.0,14.662329999999946,14.663629854718844,3.8378359999998355,9.343517333333162,-27.921774193548387,-0.270472465549387
t207_n4,FloorPlan207,living,4,uniform_nominal_none,256,62.0,62.0,69.7100358422939,75.31155913978495,1.0,1.124355416811192,1.214702566770725,256,1.0,30.908598666666546,30.91738373041153,7.669699000000474,19.35305233333325,-27.921774193548387,-0.270472465549387
t207_n4,FloorPlan207,living,4,uniform_risk_none,32,62.0,62.0,69.7100358422939,75.31155913978495,1.0,1.124355416811192,1.214702566770725,32,1.0,3.439394000000077,3.439870662987232,0.9454790000007485,2.2360493333336193,-27.921774193548387,-0.270472465549387
t207_n4,FloorPlan207,living,4,uniform_risk_none,64,62.0,62.0,69.7100358422939,75.31155913978495,1.0,1.124355416811192,1.214702566770725,64,1.0,6.927658666666743,6.928152404725552,1.885632666667562,4.446447000000149,-27.921774193548387,-0.270472465549387
t207_n4,FloorPlan207,living,4,uniform_risk_none,128,62.0,62.0,69.7100358422939,75.31155913978495,1.0,1.124355416811192,1.214702566770725,128,1.0,14.415141666666834,14.415649386743704,3.8009063333343343,9.183243666665897,-27.921774193548387,-0.270472465549387
t207_n4,FloorPlan207,living,4,uniform_risk_none,256,62.0,62.0,69.7100358422939,75.31155913978495,1.0,1.124355416811192,1.214702566770725,256,1.0,30.338894333333513,30.339515457550686,7.636066666666164,18.957994333333044,-27.921774193548387,-0.270472465549387
t207_n4,FloorPlan207,living,4,uniform_random,32,62.0,62.0,69.7100358422939,75.31155913978495,1.0,1.124355416811192,1.214702566770725,32,1.0,3.443122333333252,3.4436223407586417,0.9416623333348509,2.249821666665689,-27.921774193548387,-0.270472465549387
t207_n4,FloorPlan207,living,4,uniform_random,64,62.0,62.0,69.7100358422939,75.31155913978495,1.0,1.124355416811192,1.214702566770725,64,1.0,6.9139693333332515,6.914476243158181,1.891515333334685,4.4728793333316625,-27.921774193548387,-0.270472465549387
t207_n4,FloorPlan207,living,4,uniform_random,128,62.0,62.0,69.7100358422939,75.31155913978495,1.0,1.124355416811192,1.214702566770725,128,1.0,14.11555833333337,14.116130148371061,3.794044666668291,9.186693999998571,-27.921774193548387,-0.270472465549387
t207_n4,FloorPlan207,living,4,uniform_random,256,62.0,62.0,69.7100358422939,75.31155913978495,1.0,1.124355416811192,1.214702566770725,256,1.0,28.87604733333323,28.876700748999912,7.617152333334154,18.942103999997443,-27.921774193548387,-0.270472465549387
t207_n6,FloorPlan207,living,6,llm_nominal_none,32,92.0,90.0,102.43074879227053,110.94929951690821,0.9782608695652174,1.1133777042638102,1.2059706469229152,32,1.0,4.419662000000028,4.420510182778041,1.2275833333328379,2.9192769999995725,-5.268067632850237,-0.045329435367966776
t207_n6,FloorPlan207,living,6,llm_nominal_none,64,92.0,84.33333333333333,97.01598228663447,105.44446054750402,0.9166666666666666,1.0545215465938529,1.1461354407337394,64,1.0,9.290927999999976,9.291782043874264,2.446310666665822,6.237170666666699,-10.772906602254423,-0.09269618531602412
t207_n6,FloorPlan207,living,6,llm_nominal_none,128,92.0,85.33333333333333,96.4205152979066,104.0024074074074,0.927536231884058,1.0480490793250719,1.1304609500805154,128,1.0,33.91266999999987,33.921085918943085,4.914822666664283,27.637113333332998,-12.214959742351036,-0.10510442666121285
t207_n6,FloorPlan207,living,6,llm_nominal_none,256,92.0,84.66666666666667,95.65321256038646,103.37883252818035,0.9202898550724637,1.0397088321781138,1.12368296226283,256,1.0,53.14768533333333,53.16121938327948,9.84111499999818,40.129608666666634,-12.838534621578091,-0.11047001783334391
t207_n6,FloorPlan207,living,6,llm_risk_none,32,92.0,90.0,102.63115942028986,111.29072463768115,0.9782608695652174,1.1155560806553246,1.2096817895400125,32,1.0,4.505533000000043,4.5060353974501295,1.2248330000002028,3.012663999999221,-4.926642512077294,-0.04239162039980471
t207_n6,FloorPlan207,living,6,llm_risk_none,64,92.0,85.0,97.81621578099839,106.16834138486313,0.9239130434782609,1.0632197367499825,1.1540037107050338,64,1.0,8.915536666666743,8.916079998016357,2.45014266666758,5.8648493333322005,-10.049025764895324,-0.08646750491211945
t207_n6,FloorPlan207,living,6,llm_risk_none,128,92.0,80.33333333333333,93.19188405797101,101.3852657004831,0.8731884057971014,1.0129552614996848,1.1020137576139466,128,1.0,18.063560000000017,18.064151518046856,4.90469766666705,11.822196333332036,-14.832101449275347,-0.12762379507498745
t207_n6,FloorPlan207,living,6,llm_risk_none,256,92.0,80.33333333333333,91.94148148148147,99.70281803542673,0.8731884057971014,0.9993639291465378,1.0837262829937688,256,1.0,36.82404066666674,36.82474698871374,9.824373666667366,24.02716633333261,-16.514549114331714,-0.14210052696384834
t207_n6,FloorPlan207,living,6,llm_risk_nominal,32,92.0,90.0,102.63115942028986,111.29072463768115,0.9782608695652174,1.1155560806553246,1.2096817895400125,20,0.625,3.904788000000122,3.90532116095225,0.7808816666663443,2.879408666667397,-4.926642512077294,-0.04239162039980471
t207_n6,FloorPlan207,living,6,llm_risk_nominal,64,92.0,85.0,97.81621578099839,106.16834138486313,0.9239130434782609,1.0632197367499825,1.1540037107050338,35.333333333333336,0.5520833333333334,7.850610000000128,7.851168823738893,1.3801179999997082,5.925097000000656,-10.049025764895324,-0.08646750491211945
t207_n6,FloorPlan207,living,6,llm_risk_nominal,128,92.0,80.33333333333333,93.19188405797101,101.3852657004831,0.8731884057971014,1.0129552614996848,1.1020137576139466,57.666666666666664,0.4505208333333333,15.208355666666673,15.214078749219576,2.2568376666665113,11.762816666667675,-14.832101449275347,-0.12762379507498745
t207_n6,FloorPlan207,living,6,llm_risk_nominal,256,92.0,80.33333333333333,91.94148148148147,99.70281803542673,0.8731884057971014,0.9993639291465378,1.0837262829937688,86.33333333333333,0.3372395833333333,29.2827763333335,29.288571638365585,3.39548500000005,23.3139980000013,-16.514549114331714,-0.14210052696384834
t207_n6,FloorPlan207,living,6,llm_risk_critical,32,92.0,90.0,102.63115942028986,111.29072463768115,0.9782608695652174,1.1155560806553246,1.2096817895400125,15.666666666666666,0.4895833333333333,3.826938333333437,3.8275628661115966,0.6123206666668324,2.904249000000414,-4.926642512077294,-0.04239162039980471
t207_n6,FloorPlan207,living,6,llm_risk_critical,64,92.0,85.0,97.81621578099839,106.16834138486313,0.9239130434782609,1.0632197367499825,1.1540037107050338,24.666666666666668,0.3854166666666667,7.5913363333333095,7.591974300642808,0.9659846666670487,5.941302666667554,-10.049025764895324,-0.08646750491211945
t207_n6,FloorPlan207,living,6,llm_risk_critical,128,92.0,80.33333333333333,93.19188405797101,101.3852657004831,0.8731884057971014,1.0129552614996848,1.1020137576139466,37,0.2890625,14.783973999999903,14.787645389636358,1.4471549999999223,11.874703666666209,-14.832101449275347,-0.12762379507498745
t207_n6,FloorPlan207,living,6,llm_risk_critical,256,92.0,80.33333333333333,91.94148148148147,99.70281803542673,0.8731884057971014,0.9993639291465378,1.0837262829937688,54.333333333333336,0.21223958333333334,28.922789333333252,28.930173255503178,2.1324963333328264,23.62515933333446,-16.514549114331714,-0.14210052696384834
t207_n6,FloorPlan207,living,6,uniform_nominal_none,32,92.0,85.33333333333333,97.45638486312399,105.69277777777778,0.927536231884058,1.059308531120913,1.1488345410628018,32,1.0,4.603127999999994,4.6036796023448305,1.2418903333334026,3.0932096666667817,-10.524589371980667,-0.09055952333198718
t207_n6,FloorPlan207,living,6,uniform_nominal_none,64,92.0,80.0,92.4819806763285,100.5302657004831,0.8695652173913043,1.005238920394875,1.092720279353077,64,1.0,9.14110633333324,9.141684509813786,2.4718693333323216,6.058971000000894,-15.687101449275351,-0.13498069896094664
t207_n6,FloorPlan207,living,6,uniform_nominal_none,128,92.0,79.33333333333333,91.24574879227053,99.12857487922706,0.8623188405797102,0.9918016173072884,1.0774845095568157,128,1.0,18.426910999999937,18.42755762239297,4.950266333331843,12.090932000001775,-17.08879227053139,-0.14704164007183765
t207_n6,FloorPlan207,living,6,uniform_nominal_none,256,92.0,79.33333333333333,91.24574879227053,99.12857487922706,0.8623188405797102,0.9918016173072884,1.0774845095568157,256,1.0,37.91687333333312,37.917627642552056,9.89524699999674,24.714467000003165,-17.08879227053139,-0.14704164007183765
t207_n6,FloorPlan207,living,6,uniform_risk_none,32,92.0,85.33333333333333,97.81179549114331,106.32346215780998,0.927536231884058,1.063171690121123,1.155689806063152,32,1.0,4.450402333333455,4.450964120527108,1.233174666665467,2.949896000000063,-9.893904991948466,-0.0851327579913174
t207_n6,FloorPlan207,living,6,uniform_risk_none,64,92.0,83.0,95.26035426731079,103.10864734299517,0.9021739130434783,1.0354386333403347,1.1207461667716867,64,1.0,9.003997333333569,9.004570543766022,2.4725686666654902,5.927879000000728,-13.108719806763276,-0.1127948440775749
t207_n6,FloorPlan207,living,6,uniform_risk_none,128,92.0,79.33333333333333,91.24574879227053,99.12857487922706,0.8623188405797102,0.9918016173072884,1.0774845095568157,128,1.0,18.3263350000001,18.32697882006566,4.957597333331935,11.995835000001343,-17.08879227053139,-0.14704164007183765
t207_n6,FloorPlan207,living,6,uniform_risk_none,256,92.0,79.33333333333333,91.24574879227053,99.12857487922706,0.8623188405797102,0.9918016173072884,1.0774845095568157,256,1.0,37.28101466666681,37.28504044314226,9.918075666665102,24.318603666665606,-17.08879227053139,-0.14704164007183765
t207_n6,FloorPlan207,living,6,uniform_random,32,92.0,88.0,101.01608695652175,109.83136070853462,0.9565217391304348,1.0980009451795842,1.193819138136246,32,1.0,4.443050999999976,4.447087645530701,1.2341759999993467,2.92745166666745,-6.386006441223827,-0.054948813570993904
t207_n6,FloorPlan207,living,6,uniform_random,64,92.0,88.0,101.01608695652175,109.83136070853462,0.9565217391304348,1.0980009451795842,1.193819138136246,64,1.0,9.14942166666662,9.15347101787726,2.4589946666669547,6.068424666666091,-6.386006441223827,-0.054948813570993904
t207_n6,FloorPlan207,living,6,uniform_random,128,92.0,88.0,100.66398550724638,109.01143317230273,0.9565217391304348,1.0941737555135476,1.1849068823076385,128,1.0,18.323552333333232,18.327684452136356,4.911788333335092,12.104803999998026,-7.20593397745571,-0.062003934129484274
t207_n6,FloorPlan207,living,6,uniform_random,256,92.0,81.33333333333333,96.84336553945249,105.37021739130435,0.8840579710144928,1.0526452776027444,1.145328449905482,256,1.0,36.568182999999976,36.57647222280502,9.804598333334505,24.11385666666425,-10.847149758454094,-0.09333501544976826
t207_n8,FloorPlan207,living,8,llm_nominal_none,32,108.0,99.0,113.9330864197531,123.92236625514404,0.9166666666666666,1.0549359853680842,1.1474293171772596,32,1.0,5.390790666666663,5.391542489329974,1.5275673333332573,3.575650999999643,-9.560432098765418,-0.07162295229545142
t207_n8,FloorPlan207,living,8,llm_nominal_none,64,108.0,90.66666666666667,106.13206447187929,115.50675582990398,0.8395061728395061,0.982704300665549,1.069506998425037,64,1.0,11.047061000000117,11.047865884999434,3.03439466666681,7.384489333333022,-17.976042524005475,-0.13466935624427587
t207_n8,FloorPlan207,living,8,llm_nominal_none,128,108.0,89.0,104.10417695473252,113.39500000000001,0.8240740740740741,0.9639275643956715,1.0499537037037037,128,1.0,22.34504633333345,22.345888738830883,6.057270333332143,14.886179999999824,-20.087798353909452,-0.1504897904571171
t207_n8,FloorPlan207,living,8,llm_nominal_none,256,108.0,88.66666666666667,103.20626886145405,112.33432784636489,0.8209876543209876,0.955613600569019,1.0401326652441194,256,1.0,45.27498066666665,45.277912790576615,12.09364533333157,29.914767666666748,-21.14847050754457,-0.15843592409167653
t207_n8,FloorPlan207,living,8,llm_risk_none,32,108.0,102.33333333333333,116.91767489711935,127.17061728395062,0.9475308641975309,1.0825710638622161,1.1775057155921353,32,1.0,5.489924333333285,5.490409210324287,1.5325380000004902,3.665763999998776,-6.312181069958835,-0.04728834836997531
t207_n8,FloorPlan207,living,8,llm_risk_none,64,108.0,93.0,108.01314128943758,117.57557613168724,0.861111111111111,1.0001216786059035,1.0886627419600672,64,1.0,10.905546333333257,10.912300397952398,3.044754333332437,7.224715333332317,-15.907222222222211,-0.11917057792005992
t207_n8,FloorPlan207,living,8,llm_risk_none,128,108.0,87.0,101.92088477366255,111.07413580246914,0.8055555555555556,0.943711896052431,1.0284642203932328,128,1.0,22.1768976666666,22.183713192741077,6.074433999999555,14.727354333332018,-22.408662551440315,-0.16787678133647702
t207_n8,FloorPlan207,living,8,llm_risk_none,256,108.0,85.33333333333333,100.60757887517147,109.80458847736627,0.7901234567901235,0.9315516562515876,1.0167091525682062,256,1.0,44.80746333333337,44.81441155076027,12.096325666664853,29.65937966666517,-23.678209876543196,-0.17738772462474153
t207_n8,FloorPlan207,living,8,llm_risk_nominal,32,108.0,102.33333333333333,116.91767489711935,127.17061728395062,0.9475308641975309,1.0825710638622161,1.1775057155921353,21,0.65625,4.763033999999926,4.763508525987466,1.0161573333341185,3.4813503333341878,-6.312181069958835,-0.04728834836997531
t207_n8,FloorPlan207,living,8,llm_risk_nominal,64,108.0,93.0,108.01314128943758,117.57557613168724,0.861111111111111,1.0001216786059035,1.0886627419600672,35.333333333333336,0.5520833333333334,9.357675666666676,9.358208316067854,1.7032766666672157,7.082569666667056,-15.907222222222211,-0.11917057792005992
t207_n8,FloorPlan207,living,8,llm_risk_nominal,128,108.0,87.0,101.92088477366255,111.07413580246914,0.8055555555555556,0.943711896052431,1.0284642203932328,62,0.484375,18.55144399999986,18.55204130212466,2.982338666667713,14.345000333334745,-22.408662551440315,-0.16787678133647702
t207_n8,FloorPlan207,living,8,llm_risk_nominal,256,108.0,85.33333333333333,100.60757887517147,109.80458847736627,0.7901234567901235,0.9315516562515876,1.0167091525682062,95,0.37109375,35.74926333333339,35.75606675197681,4.567409333334993,28.524581666668453,-23.678209876543196,-0.17738772462474153
t207_n8,FloorPlan207,living,8,llm_risk_critical,32,108.0,102.33333333333333,116.91767489711935,127.17061728395062,0.9475308641975309,1.0825710638622161,1.1775057155921353,18,0.5625,4.681490333333205,4.682061883310477,0.8627063333334443,3.4821869999996182,-6.312181069958835,-0.04728834836997531
t207_n8,FloorPlan207,living,8,llm_risk_critical,64,108.0,93.0,108.01314128943758,117.57557613168724,0.861111111111111,1.0001216786059035,1.0886627419600672,28.333333333333332,0.4427083333333333,9.18249599999991,9.183092042803764,1.3611136666669132,7.101587333333696,-15.907222222222211,-0.11917057792005992
t207_n8,FloorPlan207,living,8,llm_risk_critical,128,108.0,87.0,101.92088477366255,111.07413580246914,0.8055555555555556,0.943711896052431,1.0284642203932328,42.666666666666664,0.3333333333333333,17.882225333333352,17.88286368052165,2.048922000000027,14.311960000000715,-22.408662551440315,-0.16787678133647702
t207_n8,FloorPlan207,living,8,llm_risk_critical,256,108.0,85.33333333333333,100.60757887517147,109.80458847736627,0.7901234567901235,0.9315516562515876,1.0167091525682062,58.666666666666664,0.22916666666666666,34.56445166666663,34.5651808505257,2.815206000000033,28.492384999999548,-23.678209876543196,-0.17738772462474153
t207_n8,FloorPlan207,living,8,uniform_nominal_none,32,108.0,98.66666666666667,114.74026063100138,124.40764060356653,0.9135802469135803,1.0624098206574202,1.1519225981811716,32,1.0,5.463689000000087,5.464370362460613,1.4874729999988883,3.7053426666662226,-9.07515775034293,-0.06798747001303888
t207_n8,FloorPlan207,living,8,uniform_nominal_none,64,108.0,90.66666666666667,104.90856652949246,113.92275720164609,0.8395061728395062,0.971375616013819,1.054840344459686,64,1.0,10.989248666666729,10.989958109954992,2.9821099999992975,7.390636333333441,-19.560041152263366,-0.1465360435462469
t207_n8,FloorPlan207,living,8,uniform_nominal_none,128,108.0,90.66666666666667,104.53153635116598,113.41477366255144,0.8395061728395062,0.9678845958441294,1.0501367931717727,128,1.0,22.332154333333392,22.332942423721153,5.9902160000004185,14.90513433333381,-20.068024691358016,-0.1503416540470682
t207_n8,FloorPlan207,living,8,uniform_nominal_none,256,108.0,88.0,102.17556927297669,111.20190672153635,0.8148148148148149,0.9460700858608952,1.02964728445867,256,1.0,44.853191333333285,44.85891324778398,11.984898000001465,29.706965666667823,-22.28089163237311,-0.16691957246280298
t207_n8,FloorPlan207,living,8,uniform_risk_none,32,108.0,102.33333333333333,117.0727572016461,126.51740740740742,0.9475308641975309,1.084007011126353,1.171457475994513,32,1.0,5.45279133333354,5.453319288790226,1.487575999999713,3.68783133333217,-6.965390946502045,-0.05218193679184313
t207_n8,FloorPlan207,living,8,uniform_risk_none,64,108.0,94.0,108.26793552812072,117.22775720164609,0.8703703703703703,1.0024808845196362,1.085442196311538,64,1.0,10.829333666666793,10.829889215528965,2.97499500000035,7.231584666665292,-16.255041152263374,-0.12177629891430349
t207_n8,FloorPlan207,living,8,uniform_risk_none,128,108.0,90.66666666666667,104.32884773662552,113.1540329218107,0.8395061728395061,0.9660078494131992,1.0477225270538026,128,1.0,32.12427333333349,32.132936641573906,6.223842666666386,24.43790166666456,-20.328765432098763,-0.1522950199036142
t207_n8,FloorPlan207,living,8,uniform_risk_none,256,108.0,87.33333333333333,101.88864197530864,111.05441015089163,0.808641975308642,0.9434133516232281,1.028281575471219,256,1.0,54.70710033333356,54.71890574942032,12.220381666666688,39.31200099999662,-22.42838820301783,-0.16802455806741742
t207_n8,FloorPlan207,living,8,uniform_random,32,108.0,107.33333333333333,122.64811385459534,133.28617283950618,0.9938271604938271,1.1356306838388457,1.2341312299954277,32,1.0,5.464791666666506,5.465347940723102,1.4924919999999748,3.6646630000001976,-0.19662551440328002,-0.0014730400982601033
t207_n8,FloorPlan207,living,8,uniform_random,64,108.0,100.0,116.73377914951989,127.3006378600823,0.9259259259259259,1.0808683254585176,1.178709609815577,64,1.0,10.952028000000022,10.952620456616083,2.9838123333340385,7.288367333333341,-6.18216049382715,-0.04631428596092272
t207_n8,FloorPlan207,living,8,uniform_random,128,108.0,96.0,111.64266117969822,121.70901920438958,0.8888888888888888,1.0337283442564649,1.1269353630036072,128,1.0,22.195781333333258,22.196415190895397,5.964910333333832,14.800217999998496,-11.773779149519877,-0.0882044675022731
t207_n8,FloorPlan207,living,8,uniform_random,256,108.0,94.0,109.60490397805212,119.60778463648835,0.8703703703703703,1.014860222019001,1.107479487374892,256,1.0,51.913143666666585,51.92102833340565,11.929983000000663,37.0588036666654,-13.875013717421112,-0.10394608060758219
t208_n4,FloorPlan208,living,4,llm_nominal_none,32,70.0,62.0,72.21719576719576,78.83181216931217,0.8857142857142857,1.0316742252456539,1.1261687452758882,32,1.0,3.7849846666664355,3.785621685286363,0.9301886666663132,2.592045333332275,-8.311044973544972,-0.09537264723740131
t208_n4,FloorPlan208,living,4,llm_nominal_none,64,70.0,57.666666666666664,68.37063492063493,74.69828042328042,0.8238095238095238,0.9767233560090703,1.0671182917611488,64,1.0,7.256792999999817,7.257458133002122,1.8739566666650849,4.793342333332173,-12.444576719576716,-0.14280661809350328
t208_n4,FloorPlan208,living,4,llm_nominal_none,128,70.0,57.666666666666664,68.2468253968254,74.55701058201058,0.8238095238095238,0.9749546485260772,1.0651001511715799,128,1.0,14.717074666666571,14.717775086561838,3.7782063333315166,9.551808333330728,-12.585846560846557,-0.14442774741955067
t208_n4,FloorPlan208,living,4,llm_nominal_none,256,70.0,54.666666666666664,65.10291005291005,71.07440476190476,0.780952380952381,0.9300415721844294,1.0153486394557822,256,1.0,30.02902566666658,30.029818105200928,7.545034666666932,19.13071499999634,-16.06845238095238,-0.18439207650273226
t208_n4,FloorPlan208,living,4,llm_risk_none,32,70.0,62.0,72.21719576719576,78.83181216931217,0.8857142857142857,1.0316742252456539,1.1261687452758882,32,1.0,3.420980000000018,3.421434201300144,0.9287653333340806,2.231452333334586,-8.311044973544972,-0.09537264723740131
t208_n4,FloorPlan208,living,4,llm_risk_none,64,70.0,59.333333333333336,69.43148148148148,75.7885582010582,0.8476190476190476,0.9918783068783069,1.0826936885865457,64,1.0,6.901965000000103,6.902437346676986,1.8724999999998697,4.4441710000011625,-11.35429894179894,-0.1302952337583485
t208_n4,FloorPlan208,living,4,llm_risk_none,128,70.0,57.666666666666664,68.2468253968254,74.55701058201058,0.8238095238095238,0.9749546485260772,1.0651001511715799,128,1.0,14.32198333333338,14.32395043472449,3.775488333333558,9.153058333333833,-12.585846560846557,-0.14442774741955067
t208_n4,FloorPlan208,living,4,llm_risk_none,256,70.0,54.666666666666664,65.22671957671957,71.2156746031746,0.780952380952381,0.9318102796674226,1.0173667800453514,256,1.0,29.506533999999956,29.508551272253197,7.537324000000438,18.907192333332972,-15.927182539682539,-0.18277094717668488
t208_n4,FloorPlan208,living,4,llm_risk_nominal,32,70.0,62.0,72.21719576719576,78.83181216931217,0.8857142857142857,1.0316742252456539,1.1261687452758882,16.333333333333332,0.5104166666666666,2.886760333333349,2.887074835598469,0.48439033333277,2.1722080000001753,-8.311044973544972,-0.09537264723740131
t208_n4,FloorPlan208,living,4,llm_risk_nominal,64,70.0,59.333333333333336,69.43148148148148,75.7885582010582,0.8476190476190476,0.9918783068783069,1.0826936885865457,26.333333333333332,0.4114583333333333,5.607629999999937,5.607974715530872,0.7925583333331746,4.310017999999971,-11.35429894179894,-0.1302952337583485
t208_n4,FloorPlan208,living,4,llm_risk_nominal,128,70.0,57.666666666666664,68.2468253968254,74.55701058201058,0.8238095238095238,0.9749546485260772,1.0651001511715799,39.333333333333336,0.3072916666666667,11.257413999999985,11.257790339489778,1.189719000000385,8.878114333333187,-12.585846560846557,-0.14442774741955067
t208_n4,FloorPlan208,living,4,llm_risk_nominal,256,70.0,54.666666666666664,65.22671957671957,71.2156746031746,0.780952380952381,0.9318102796674226,1.0173667800453514,65,0.25390625,22.40200899999989,22.4024448543787,1.9786833333332865,17.849688999997504,-15.927182539682539,-0.18277094717668488
t208_n4,FloorPlan208,living,4,llm_risk_critical,32,70.0,62.0,72.21719576719576,78.83181216931217,0.8857142857142857,1.0316742252456539,1.1261687452758882,14.333333333333334,0.4479166666666667,2.9739446666668576,2.974554275472959,0.4305896666669066,2.23855433333379,-8.311044973544972,-0.09537264723740131
t208_n4,FloorPlan208,living,4,llm_risk_critical,64,70.0,59.333333333333336,69.43148148148148,75.7885582010582,0.8476190476190476,0.9918783068783069,1.0826936885865457,22.666666666666668,0.3541666666666667,5.7817723333333975,5.782391255100568,0.6853736666667665,4.426539333334034,-11.35429894179894,-0.1302952337583485
t208_n4,FloorPlan208,living,4,llm_risk_critical,128,70.0,57.666666666666664,68.2468253968254,74.55701058201058,0.8238095238095238,0.9749546485260772,1.0651001511715799,33,0.2578125,18.66837900000003,18.668969472249348,1.0046233333338428,16.139575000001738,-12.585846560846557,-0.14442774741955067
t208_n4,FloorPlan208,living,4,llm_risk_critical,256,70.0,54.666666666666664,65.22671957671957,71.2156746031746,0.780952380952381,0.9318102796674226,1.0173667800453514,56,0.21875,30.159165666666727,30.159893445670605,1.7063760000010457,25.19787366667018,-15.927182539682539,-0.18277094717668488
t208_n4,FloorPlan208,living,4,uniform_nominal_none,32,70.0,64.33333333333333,72.80396825396825,78.87645502645502,0.919047619047619,1.0400566893424037,1.1268065003779288,32,1.0,3.4612806666666587,3.4617244576414428,0.9348200000000398,2.280414999999684,-8.266402116402114,-0.09486035215543409
t208_n4,FloorPlan208,living,4,uniform_nominal_none,64,70.0,61.0,70.15132275132275,76.03796296296296,0.8714285714285714,1.002161753590325,1.0862566137566136,64,1.0,6.8885719999999635,6.889042444527149,1.8721793333333163,4.460121666666576,-11.10489417989418,-0.127433211900425
t208_n4,FloorPlan208,living,4,uniform_nominal_none,128,70.0,58.666666666666664,68.52962962962962,74.64722222222223,0.8380952380952381,0.978994708994709,1.0663888888888888,128,1.0,14.178969333333402,14.179483676950136,3.7640923333359666,9.11756133333356,-12.495634920634918,-0.14339253187613843
t208_n4,FloorPlan208,living,4,uniform_nominal_none,256,70.0,54.666666666666664,65.10291005291005,71.07440476190476,0.780952380952381,0.9300415721844294,1.0153486394557822,256,1.0,29.411959333333293,29.412569167713325,7.51713100000299,18.667037333331898,-16.06845238095238,-0.18439207650273226
t208_n4,FloorPlan208,living,4,uniform_risk_none,32,70.0,64.33333333333333,73.4431216931217,79.655291005291,0.919047619047619,1.0491874527588814,1.1379327286470144,32,1.0,3.421805999999824,3.422158770263195,0.931555000000491,2.23193699999961,-7.487566137566134,-0.08592289010321792
t208_n4,FloorPlan208,living,4,uniform_risk_none,64,70.0,59.666666666666664,68.91481481481482,74.93346560846561,0.8523809523809524,0.9844973544973545,1.0704780801209373,64,1.0,6.870721333333218,6.871102688213189,1.8769323333334142,4.42330333333274,-12.209391534391534,-0.14010777170613234
t208_n4,FloorPlan208,living,4,uniform_risk_none,128,70.0,58.666666666666664,67.77910052910053,73.80945767195767,0.8380952380952381,0.9682728647014361,1.0544208238851096,128,1.0,14.169600999999865,14.175931612650553,3.7714676666671387,9.10869499999937,-13.33339947089947,-0.15300622343655132
t208_n4,FloorPlan208,living,4,uniform_risk_none,256,70.0,54.666666666666664,65.10291005291005,71.07440476190476,0.780952380952381,0.9300415721844294,1.0153486394557822,256,1.0,29.474568666666645,29.48100430270036,7.542569000000092,18.908096666668,-16.06845238095238,-0.18439207650273226
t208_n4,FloorPlan208,living,4,uniform_random,32,70.0,63.333333333333336,73.1068783068783,79.6420634920635,0.9047619047619048,1.0443839758125473,1.1377437641723356,32,1.0,3.44757566666661,3.4507478897770247,0.9446886666662676,2.2506286666665134,-7.500793650793644,-0.08607468123861561
t208_n4,FloorPlan208,living,4,uniform_random,64,70.0,56.0,66.30661375661376,72.46957671957672,0.8,0.9472373393801964,1.0352796674225244,64,1.0,6.881097333333308,6.884295493364334,1.8828943333337733,4.455969666667503,-14.673280423280422,-0.1683819064966606
t208_n4,FloorPlan208,living,4,uniform_random,128,70.0,56.0,66.30661375661376,72.46957671957672,0.8,0.9472373393801964,1.0352796674225244,128,1.0,13.969471333333447,13.972713301579157,3.7557956666683565,9.091824000000711,-14.673280423280422,-0.1683819064966606
t208_n4,FloorPlan208,living,4,uniform_random,256,70.0,56.0,66.30661375661376,72.46957671957672,0.8,0.9472373393801964,1.0352796674225244,256,1.0,28.40094000000004,28.404266263047855,7.494650000000973,18.595704000001323,-14.673280423280422,-0.1683819064966606
t208_n6,FloorPlan208,living,6,llm_nominal_none,32,101.0,93.66666666666667,105.56825449211588,113.71909653465346,0.9273927392739274,1.0452302424961968,1.1259316488579552,32,1.0,4.370945999999876,4.371589049696922,1.2123963333336245,2.885791666667359,-11.229040154015408,-0.08986960871609166
t208_n6,FloorPlan208,living,6,llm_nominal_none,64,101.0,85.33333333333333,99.3529226255959,108.17476347634764,0.8448844884488449,0.9836923032237217,1.0710372621420559,64,1.0,9.209537999999906,9.210224573810896,2.442051666667814,6.140171666667064,-16.773373212321236,-0.1342426838594253
t208_n6,FloorPlan208,living,6,llm_nominal_none,128,101.0,81.0,94.7474807480748,103.1706742757609,0.801980198019802,0.9380938687928199,1.0214918245124842,128,1.0,18.488244666666542,18.490551660458248,4.851516000002813,12.278567666667092,-21.777462412907962,-0.1742920141912199
t208_n6,FloorPlan208,living,6,llm_nominal_none,256,101.0,80.0,94.3046442977631,102.87683489182251,0.7920792079207921,0.933709349482803,1.018582523681411,256,1.0,37.23836633333318,37.24082466214895,9.692172000002794,24.436159000000252,-22.07130179684636,-0.1766437049945054
t208_n6,FloorPlan208,living,6,llm_risk_none,32,101.0,93.66666666666667,105.56825449211588,113.71909653465346,0.9273927392739274,1.0452302424961968,1.1259316488579552,32,1.0,4.42153733333317,4.421972669661045,1.221240999998911,2.936303333334056,-11.229040154015408,-0.08986960871609166
t208_n6,FloorPlan208,living,6,llm_risk_none,64,101.0,86.66666666666667,99.88507884121745,108.41546754675467,0.858085808580858,0.9889611766457174,1.0734204707599473,64,1.0,8.92768833333335,8.928153042991957,2.423821666665512,5.8957396666681205,-16.532669141914194,-0.13231625200708966
t208_n6,FloorPlan208,living,6,llm_risk_none,128,101.0,82.0,95.70586175284195,104.2574202420242,0.8118811881188119,0.9475827896320985,1.032251685564596,128,1.0,17.959492666666705,17.960003887613613,4.806552999999288,11.830943333335528,-20.690716446644668,-0.16559443778020774
t208_n6,FloorPlan208,living,6,llm_risk_none,256,101.0,81.33333333333333,94.72745874587459,103.15981802346901,0.8052805280528053,0.9378956311472731,1.0213843368660298,256,1.0,36.76723866666665,36.76788229495287,9.650860000002037,24.1753130000039,-21.788318665199856,-0.17437890025914862
t208_n6,FloorPlan208,living,6,llm_risk_nominal,32,101.0,93.66666666666667,105.56825449211588,113.71909653465346,0.9273927392739274,1.0452302424961968,1.1259316488579552,24.333333333333332,0.7604166666666666,4.020806999999849,4.021353709201018,0.9289579999998132,2.8454486666672865,-11.229040154015408,-0.08986960871609166
t208_n6,FloorPlan208,living,6,llm_risk_nominal,64,101.0,86.66666666666667,99.88507884121745,108.41546754675467,0.858085808580858,0.9889611766457174,1.0734204707599473,38.333333333333336,0.5989583333333334,7.79225599999996,7.792824879288673,1.4672569999999812,5.772440000001211,-16.532669141914194,-0.13231625200708966
t208_n6,FloorPlan208,living,6,llm_risk_nominal,128,101.0,82.0,95.70586175284195,104.2574202420242,0.8118811881188119,0.9475827896320985,1.032251685564596,67.66666666666667,0.5286458333333334,15.446290999999945,15.446905667583147,2.577677333333176,11.673833000001613,-20.690716446644668,-0.16559443778020774
t208_n6,FloorPlan208,living,6,llm_risk_nominal,256,101.0,81.33333333333333,94.72745874587459,103.15981802346901,0.8052805280528053,0.9378956311472731,1.0213843368660298,114.33333333333333,0.4466145833333333,30.41582399999987,30.41990101337433,4.370029999998397,23.42660700000169,-21.788318665199856,-0.17437890025914862
t208_n6,FloorPlan208,living,6,llm_risk_critical,32,101.0,93.66666666666667,105.56825449211588,113.71909653465346,0.9273927392739274,1.0452302424961968,1.1259316488579552,22.333333333333332,0.6979166666666666,4.161076999999865,4.161806466678779,0.8858023333335,2.944854333334579,-11.229040154015408,-0.08986960871609166
t208_n6,FloorPlan208,living,6,llm_risk_critical,64,101.0,86.66666666666667,99.88507884121745,108.41546754675467,0.858085808580858,0.9889611766457174,1.0734204707599473,34.666666666666664,0.5416666666666666,7.943063666666639,7.943807169795036,1.3550100000004524,5.870916333334956,-16.532669141914194,-0.13231625200708966
t208_n6,FloorPlan208,living,6,llm_risk_critical,128,101.0,82.0,95.70586175284195,104.2574202420242,0.8118811881188119,0.9475827896320985,1.032251685564596,59.333333333333336,0.4635416666666667,15.710946999999939,15.71172351638476,2.2851730000007877,11.898952666669071,-20.690716446644668,-0.16559443778020774
t208_n6,FloorPlan208,living,6,llm_risk_critical,256,101.0,81.33333333333333,94.72745874587459,103.15981802346901,0.8052805280528053,0.9378956311472731,1.0213843368660298,91.66666666666667,0.3580729166666667,30.445848666666553,30.449146094421547,3.5190119999997846,23.683212333336662,-21.788318665199856,-0.17437890025914862
t208_n6,FloorPlan208,living,6,uniform_nominal_none,32,101.0,88.66666666666667,99.67546204620461,107.72685368536854,0.8778877887788779,0.9868857628337091,1.066602511736322,32,1.0,4.433115999999811,4.433691501617432,1.1968019999990531,2.977265666666895,-17.221283003300332,-0.13782744952980217
t208_n6,FloorPlan208,living,6,uniform_nominal_none,64,101.0,87.33333333333333,98.71891822515585,106.73780390539054,0.8646864686468647,0.9774150319322361,1.056809939657332,64,1.0,8.90464066666663,8.905261444548765,2.401036999998496,5.888807666665959,-18.210332783278332,-0.1457431320376766
t208_n6,FloorPlan208,living,6,uniform_nominal_none,128,101.0,79.0,92.23989182251559,100.50906628162817,0.7821782178217822,0.9132662556684711,0.9951392701151303,128,1.0,18.178895999999927,18.179576533536117,4.824092666666058,11.992285333330818,-24.439070407040706,-0.19559371635877307
t208_n6,FloorPlan208,living,6,uniform_nominal_none,256,101.0,79.0,92.23989182251559,100.50906628162817,0.7821782178217822,0.9132662556684711,0.9951392701151303,256,1.0,37.01835366666669,37.01913853486379,9.66819633333138,24.19935899999596,-24.439070407040706,-0.19559371635877307
t208_n6,FloorPlan208,living,6,uniform_risk_none,32,101.0,88.66666666666667,100.32585441877521,108.7495934176751,0.8778877887788779,0.9933252912750021,1.0767286476997535,32,1.0,4.331662999999875,4.332125807801883,1.1881829999998612,2.8773653333338998,-16.198543270993767,-0.12964213553144374
t208_n6,FloorPlan208,living,6,uniform_risk_none,64,101.0,86.66666666666667,97.39368170150348,105.2534438027136,0.858085808580858,0.9642938782327078,1.0421133049773623,64,1.0,8.889626666666631,8.890113482872644,2.3972156666656197,5.892454666666769,-19.694692885955266,-0.1576229418692989
t208_n6,FloorPlan208,living,6,uniform_risk_none,128,101.0,78.33333333333333,91.14870003667033,99.1761464063073,0.7755775577557756,0.9024623766006964,0.9819420436268049,128,1.0,18.055309333333398,18.055871749917667,4.824344999999397,11.908801333332905,-25.771990282361575,-0.20626150149463376
t208_n6,FloorPlan208,living,6,uniform_risk_none,256,101.0,78.33333333333333,90.4945104510451,98.61052896956362,0.7755775577557756,0.8959852519905456,0.9763418709857784,256,1.0,37.140081333333356,37.14075777679682,9.699210999999744,24.424007333332092,-26.337607719105247,-0.21078831919462884
t208_n6,FloorPlan208,living,6,uniform_random,32,101.0,96.66666666666667,107.86008434176752,115.99017876787678,0.9570957095709571,1.067921627146213,1.1484176115631364,32,1.0,4.320435000000049,4.324610034624736,1.1905133333335687,2.85611399999978,-8.957957920792088,-0.07169340942724482
t208_n6,FloorPlan208,living,6,uniform_random,64,101.0,88.0,99.86320865419876,107.68388613861386,0.8712871287128713,0.9887446401405817,1.0661770904813253,64,1.0,8.809492333333354,8.813704053560892,2.387738666667231,5.817385666667452,-17.264250550055014,-0.1381713325831505
t208_n6,FloorPlan208,living,6,uniform_random,128,101.0,86.0,98.13170883755042,105.99980106343968,0.8514851485148515,0.9716010775995092,1.0495029808261354,128,1.0,17.83754066666665,17.84179111321767,4.79532566666722,11.770255333333424,-18.948335625229195,-0.15164960540742148
t208_n6,FloorPlan208,living,6,uniform_random,256,101.0,79.66666666666667,91.17564356435643,98.93355198019802,0.7887788778877888,0.9027291442015489,0.9795401186158219,256,1.0,52.811162333333456,52.8156291693449,9.592038666669023,40.6121886666669,-26.014584708470853,-0.20820306246975853
t208_n8,FloorPlan208,living,8,llm_nominal_none,32,129.0,138.66666666666666,158.6569494688487,171.4620811800172,1.074935400516796,1.2298988330918503,1.3291634200001334,32,1.0,5.637462333333361,5.638140253722668,1.4964623333315608,3.849416999999781,-8.688584194659787,-0.048229542625275824
t208_n8,FloorPlan208,living,8,llm_nominal_none,64,129.0,132.0,152.35181309216193,165.36100129198965,1.0232558139534884,1.181021806915984,1.2818682270696873,64,1.0,11.180189333333276,11.180904693901539,3.0014336666650543,7.537063666667028,-14.789664082687343,-0.08209608358607963
t208_n8,FloorPlan208,living,8,llm_nominal_none,128,129.0,126.0,145.99024260694804,158.34954744473154,0.9767441860465116,1.131707307030605,1.2275158716645858,128,1.0,29.99281466666659,29.9976443250974,6.034701333331949,22.54768433333254,-21.801117929945452,-0.12101602780430216
t208_n8,FloorPlan208,living,8,llm_nominal_none,256,129.0,123.0,142.50320269882286,154.71666092449038,0.9534883720930232,1.1046759899133554,1.1993539606549641,256,1.0,52.82017666666687,52.82513238489628,12.01467499999683,37.74052733333096,-25.43400445018663,-0.1411818512981289
t208_n8,FloorPlan208,living,8,llm_risk_none,32,129.0,140.66666666666666,159.924132931381,172.26842054263565,1.0904392764857882,1.2397219607083798,1.3354141127336097,32,1.0,5.4193489999999995,5.419914610683918,1.4784029999992399,3.650809999999449,-7.882244832041351,-0.04375362597550155
t208_n8,FloorPlan208,living,8,llm_risk_none,64,129.0,132.66666666666666,152.40153316106804,164.9431312805053,1.028423772609819,1.181407233806729,1.2786289246550797,64,1.0,10.908098333333319,10.908683141072592,2.948710999999271,7.31946733333159,-15.207534094171706,-0.08441564211013657
t208_n8,FloorPlan208,living,8,llm_risk_none,128,129.0,127.66666666666667,144.48229974160208,156.19564132931382,0.9896640826873385,1.1200178274542796,1.2108189250334405,128,1.0,22.127383333333306,22.128034383058548,5.950757333333723,14.777999333330646,-23.9550240453632,-0.1329721652459156
t208_n8,FloorPlan208,living,8,llm_risk_none,256,129.0,118.33333333333333,136.7313853000287,148.65759761699684,0.917312661498708,1.0599332193800675,1.1523844776511383,256,1.0,44.81340733333343,44.81811231623093,11.95280766666773,29.884881666665326,-31.493067757680166,-0.17481516203218536
t208_n8,FloorPlan208,living,8,llm_risk_nominal,32,129.0,140.66666666666666,159.924132931381,172.26842054263565,1.0904392764857882,1.2397219607083798,1.3354141127336097,20,0.625,4.726845999999914,4.727334715425968,0.9322596666668422,3.5322679999992466,-7.882244832041351,-0.04375362597550155
t208_n8,FloorPlan208,living,8,llm_risk_nominal,64,129.0,132.66666666666666,152.40153316106804,164.9431312805053,1.028423772609819,1.181407233806729,1.2786289246550797,37.333333333333336,0.5833333333333334,9.572703333333266,9.573222137987614,1.7363093333333524,7.251227999998555,-15.207534094171706,-0.08441564211013657
t208_n8,FloorPlan208,living,8,llm_risk_nominal,128,129.0,127.66666666666667,144.48229974160208,156.19564132931382,0.9896640826873385,1.1200178274542796,1.2108189250334405,63.333333333333336,0.4947916666666667,18.7738856666666,18.7772149220109,2.9608040000003535,14.58160133333175,-23.9550240453632,-0.1329721652459156
t208_n8,FloorPlan208,living,8,llm_risk_nominal,256,129.0,118.33333333333333,136.7313853000287,148.65759761699684,0.917312661498708,1.0599332193800675,1.1523844776511383,102,0.3984375,36.54284200000009,36.546280918022,4.808052666667173,29.16457599999796,-31.493067757680166,-0.17481516203218536
t208_n8,FloorPlan208,living,8,llm_risk_critical,32,129.0,140.66666666666666,159.924132931381,172.26842054263565,1.0904392764857882,1.2397219607083798,1.3354141127336097,18.333333333333332,0.5729166666666666,4.7963883333334385,4.797118405501048,0.8563230000001217,3.5918046666664574,-7.882244832041351,-0.04375362597550155
t208_n8,FloorPlan208,living,8,llm_risk_critical,64,129.0,132.66666666666666,152.40153316106804,164.9431312805053,1.028423772609819,1.181407233806729,1.2786289246550797,34,0.53125,9.624839333333432,9.642495152850946,1.5807276666666148,7.2884009999990935,-15.207534094171706,-0.08441564211013657
t208_n8,FloorPlan208,living,8,llm_risk_critical,128,129.0,127.66666666666667,144.48229974160208,156.19564132931382,0.9896640826873385,1.1200178274542796,1.2108189250334405,56.333333333333336,0.4401041666666667,18.93017100000005,18.947879162927467,2.6168693333330495,14.735128333332051,-23.9550240453632,-0.1329721652459156
t208_n8,FloorPlan208,living,8,llm_risk_critical,256,129.0,118.33333333333333,136.7313853000287,148.65759761699684,0.917312661498708,1.0599332193800675,1.1523844776511383,84,0.328125,36.4666326666668,36.484441719949245,3.9253803333334503,29.297478333332922,-31.493067757680166,-0.17481516203218536
t208_n8,FloorPlan208,living,8,uniform_nominal_none,32,129.0,129.0,150.39252512202125,163.5921493683606,1.0,1.1658335280776841,1.268156196653958,32,1.0,5.608484333333348,5.609381012618542,1.5196340000006952,3.790624999998974,-16.55851600631641,-0.09191482014167444
t208_n8,FloorPlan208,living,8,uniform_nominal_none,64,129.0,124.66666666666667,148.3321734137238,161.80536103933392,0.9664082687338501,1.1498618094087116,1.2543051243359218,64,1.0,11.230057666666552,11.230992463727793,3.0370756666662224,7.527135333331418,-18.345304335343098,-0.10183312005641816
t208_n8,FloorPlan208,living,8,uniform_nominal_none,128,129.0,123.66666666666667,144.7123227103072,157.7494437266724,0.958656330749354,1.1218009512426914,1.2228639048579257,128,1.0,22.7173249999999,22.72158892204364,6.063255666665619,15.1661179999986,-22.401221648004604,-0.12434714910108484
t208_n8,FloorPlan208,living,8,uniform_nominal_none,256,129.0,123.66666666666667,143.6756818834338,156.3719577232271,0.958656330749354,1.1137649758405723,1.2121857187847063,256,1.0,45.72449733333335,45.72891443967819,12.136485333334335,30.195610999998717,-23.778707651449896,-0.1319934489389478
t208_n8,FloorPlan208,living,8,uniform_risk_none,32,129.0,129.0,150.39252512202125,163.5921493683606,1.0,1.1658335280776841,1.268156196653958,32,1.0,5.570474333333427,5.571068885425727,1.4988813333332018,3.781855999999214,-16.55851600631641,-0.09191482014167444
t208_n8,FloorPlan208,living,8,uniform_risk_none,64,129.0,126.66666666666667,148.7361958082113,162.32322243755382,0.9819121447028424,1.1529937659551264,1.258319553779487,64,1.0,11.038653666666823,11.03926356881857,2.991737666667049,7.398700666667442,-17.82744293712318,-0.09895851841593646
t208_n8,FloorPlan208,living,8,uniform_risk_none,128,129.0,124.0,144.73910565604365,157.6071590582831,0.9612403100775194,1.1220085709770826,1.221760922932427,128,1.0,22.648228666666565,22.64892030507326,6.022140666666361,15.197519666668047,-22.543506316393916,-0.12513695838706992
t208_n8,FloorPlan208,living,8,uniform_risk_none,256,129.0,121.0,140.12437553832902,152.40931847545218,0.937984496124031,1.0862354692893723,1.1814675850810248,256,1.0,45.53121533333322,45.537398817638554,12.070233999998958,30.407675000001817,-27.741346899224812,-0.15398969990773229
t208_n8,FloorPlan208,living,8,uniform_random,32,129.0,127.0,148.25218776916452,161.42277275337352,0.9844961240310077,1.149241765652438,1.2513393236695622,32,1.0,14.722005999999807,14.722547804315886,1.4942499999997712,12.922179333334208,-18.727892621303493,-0.10395683292289408
t208_n8,FloorPlan208,living,8,uniform_random,64,129.0,126.33333333333333,146.59368073499857,159.6860260551249,0.979328165374677,1.1363851219767331,1.2378761709699604,64,1.0,20.268397333333226,20.26898010323445,2.9964933333335906,16.58465233333528,-20.464639319552116,-0.11359735628502843
t208_n8,FloorPlan208,living,8,uniform_random,128,129.0,123.33333333333333,142.62719207579673,155.2785501004881,0.9560723514211886,1.1056371478743932,1.2037096907014582,128,1.0,31.594381999999754,31.595016208787758,5.997539333332913,24.14838433333581,-24.87211527418891,-0.13806285545745797
t208_n8,FloorPlan208,living,8,uniform_random,256,129.0,123.33333333333333,142.62719207579673,155.2785501004881,0.9560723514211886,1.1056371478743932,1.2037096907014582,256,1.0,54.14795066666637,54.14871467898289,12.02094333333307,39.15833000000187,-24.87211527418891,-0.13806285545745797
t209_n4,FloorPlan209,living,4,llm_nominal_none,32,50.0,47.666666666666664,53.933703703703706,58.17962962962962,0.9533333333333334,1.0786740740740741,1.1635925925925925,32,1.0,3.833146666666565,3.8338073839743934,0.9290266666668323,2.629751666667198,-1.1317592592592594,-0.0190816516095997
t209_n4,FloorPlan209,living,4,llm_nominal_none,64,50.0,47.666666666666664,53.794074074074075,57.939537037037034,0.9533333333333334,1.0758814814814814,1.1587907407407407,64,1.0,7.433176666666726,7.433847524225712,1.859214333333803,4.903320666667543,-1.3718518518518508,-0.02312965313325932
t209_n4,FloorPlan209,living,4,llm_nominal_none,128,50.0,46.666666666666664,53.10777777777778,57.35287037037037,0.9333333333333333,1.0621555555555555,1.1470574074074074,128,1.0,15.870992666666695,15.875001437962055,3.991970333334945,10.155701333333766,-1.9585185185185168,-0.03302095188139179
t209_n4,FloorPlan209,living,4,llm_nominal_none,256,50.0,45.333333333333336,52.235925925925926,56.567685185185184,0.9066666666666666,1.0447185185185186,1.1313537037037036,256,1.0,33.19702199999996,33.203763576845326,8.02250766666838,21.155333999999026,-2.7437037037037015,-0.04625930626651864
t209_n4,FloorPlan209,living,4,llm_risk_none,32,50.0,47.666666666666664,53.933703703703706,58.17962962962962,0.9533333333333334,1.0786740740740741,1.1635925925925925,32,1.0,3.4152243333333367,3.415732023616632,0.9207126666657869,2.2214883333327626,-1.1317592592592594,-0.0190816516095997
t209_n4,FloorPlan209,living,4,llm_risk_none,64,50.0,47.666666666666664,53.794074074074075,57.939537037037034,0.9533333333333334,1.0758814814814814,1.1587907407407407,64,1.0,6.95717233333341,6.957715687652429,1.844747666665943,4.437261666665915,-1.3718518518518508,-0.02312965313325932
t209_n4,FloorPlan209,living,4,llm_risk_none,128,50.0,46.666666666666664,53.10777777777778,57.35287037037037,0.9333333333333333,1.0621555555555555,1.1470574074074074,128,1.0,14.520892666666748,14.5214619114995,3.710957333331747,9.163791666666329,-1.9585185185185168,-0.03302095188139179
t209_n4,FloorPlan209,living,4,llm_risk_none,256,50.0,45.333333333333336,52.235925925925926,56.567685185185184,0.9066666666666666,1.0447185185185186,1.1313537037037036,256,1.0,30.01942433333345,30.020090751349926,7.464488999997816,18.71641600000092,-2.7437037037037015,-0.04625930626651864
t209_n4,FloorPlan209,living,4,llm_risk_nominal,32,50.0,47.666666666666664,53.933703703703706,58.17962962962962,0.9533333333333334,1.0786740740740741,1.1635925925925925,6,0.1875,2.5285723333333308,2.53253864745299,0.17809200000037015,2.1428503333331683,-1.1317592592592594,-0.0190816516095997
t209_n4,FloorPlan209,living,4,llm_risk_nominal,64,50.0,47.666666666666664,53.794074074074075,57.939537037037034,0.9533333333333334,1.0758814814814814,1.1587907407407407,10.333333333333334,0.16145833333333334,5.142705666666784,5.146710202097893,0.3117500000005731,4.291868999999486,-1.3718518518518508,-0.02312965313325932
t209_n4,FloorPlan209,living,4,llm_risk_nominal,128,50.0,46.666666666666664,53.10777777777778,57.35287037037037,0.9333333333333333,1.0621555555555555,1.1470574074074074,18.666666666666668,0.14583333333333334,10.807571333333321,10.811597419281801,0.5699196666668627,8.869211333333737,-1.9585185185185168,-0.03302095188139179
t209_n4,FloorPlan209,living,4,llm_risk_nominal,256,50.0,45.333333333333336,52.235925925925926,56.567685185185184,0.9066666666666666,1.0447185185185186,1.1313537037037036,27.666666666666668,0.10807291666666667,22.19939033333314,22.20346126705408,0.85184033333352,18.17643966666734,-2.7437037037037015,-0.04625930626651864
t209_n4,FloorPlan209,living,4,llm_risk_critical,32,50.0,47.666666666666664,53.933703703703706,58.17962962962962,0.9533333333333334,1.0786740740740741,1.1635925925925925,5.666666666666667,0.17708333333333334,2.6324290000000103,2.6330833012859025,0.16583333333342054,2.1812213333332053,-1.1317592592592594,-0.0190816516095997
t209_n4,FloorPlan209,living,4,llm_risk_critical,64,50.0,47.666666666666664,53.794074074074075,57.939537037037034,0.9533333333333334,1.0758814814814814,1.1587907407407407,9.333333333333334,0.14583333333333334,5.316757666666394,5.317430943250656,0.2777596666663958,4.338632333332833,-1.3718518518518508,-0.02312965313325932
t209_n4,FloorPlan209,living,4,llm_risk_critical,128,50.0,46.666666666666664,53.10777777777778,57.35287037037037,0.9333333333333333,1.0621555555555555,1.1470574074074074,16.666666666666668,0.13020833333333334,11.125829000000031,11.126521664361158,0.506142333332941,8.917668666666323,-1.9585185185185168,-0.03302095188139179
t209_n4,FloorPlan209,living,4,llm_risk_critical,256,50.0,45.333333333333336,52.235925925925926,56.567685185185184,0.9066666666666666,1.0447185185185186,1.1313537037037036,24.333333333333332,0.09505208333333333,22.766476666666573,22.7672482530276,0.748046333333067,18.176607333332928,-2.7437037037037015,-0.04625930626651864
t209_n4,FloorPlan209,living,4,uniform_nominal_none,32,50.0,50.333333333333336,56.307037037037034,60.38407407407407,1.0066666666666666,1.1261407407407407,1.2076814814814814,32,1.0,3.5042633333334607,3.505056103070577,0.9357766666672577,2.309494000000208,1.0726851851851837,0.018085652777322436
t209_n4,FloorPlan209,living,4,uniform_nominal_none,64,50.0,50.333333333333336,56.16740740740741,60.143981481481475,1.0066666666666666,1.1233481481481482,1.2028796296296296,64,1.0,7.0169846666667075,7.017794065177441,1.887330333334732,4.5381726666666,0.8325925925925924,0.014037651253662816
t209_n4,FloorPlan209,living,4,uniform_nominal_none,128,50.0,49.333333333333336,55.47555555555556,59.636574074074076,0.9866666666666667,1.1095111111111111,1.1927314814814816,128,1.0,14.423800999999958,14.424657449126244,3.7647293333349374,9.253785333332024,0.32518518518518863,0.005482676957613915
t209_n4,FloorPlan209,living,4,uniform_nominal_none,256,50.0,45.333333333333336,52.235925925925926,56.567685185185184,0.9066666666666666,1.0447185185185186,1.1313537037037036,256,1.0,29.920829000000076,29.925524567564327,7.51882333333483,18.904870666666646,-2.7437037037037015,-0.04625930626651864
t209_n4,FloorPlan209,living,4,uniform_risk_none,32,50.0,49.0,56.15888888888889,60.62444444444444,0.98,1.1231777777777778,1.2124888888888887,32,1.0,3.403284999999793,3.4037322426835694,0.9203276666664983,2.2281443333335518,1.313055555555555,0.022138337681071135
t209_n4,FloorPlan209,living,4,uniform_risk_none,64,50.0,47.666666666666664,53.794074074074075,57.939537037037034,0.9533333333333334,1.0758814814814814,1.1587907407407407,64,1.0,6.8453429999998745,6.8458203847209615,1.8462513333331227,4.415036000000446,-1.3718518518518508,-0.02312965313325932
t209_n4,FloorPlan209,living,4,uniform_risk_none,128,50.0,46.666666666666664,53.10777777777778,57.35287037037037,0.9333333333333333,1.0621555555555555,1.1470574074074074,128,1.0,14.18079566666656,14.181318382422129,3.703639666665796,9.054425666667735,-1.9585185185185168,-0.03302095188139179
t209_n4,FloorPlan209,living,4,uniform_risk_none,256,50.0,45.333333333333336,52.235925925925926,56.567685185185184,0.9066666666666666,1.0447185185185186,1.1313537037037036,256,1.0,29.52368399999979,29.524267961581547,7.447244666664836,18.558524666669147,-2.7437037037037015,-0.04625930626651864
t209_n4,FloorPlan209,living,4,uniform_random,32,50.0,55.333333333333336,61.218148148148146,65.4350925925926,1.1066666666666667,1.224362962962963,1.3087018518518518,32,1.0,3.4325506666667374,3.4331058462460837,0.9328153333330036,2.244777666667197,6.123703703703711,0.10324667519041857
t209_n4,FloorPlan209,living,4,uniform_random,64,50.0,53.0,58.455555555555556,62.425185185185185,1.06,1.169111111111111,1.2485037037037037,64,1.0,6.898750000000102,6.899273333450158,1.8717903333326606,4.473306333333167,3.113796296296298,0.0524991296718668
t209_n4,FloorPlan209,living,4,uniform_random,128,50.0,48.666666666666664,55.538148148148146,60.3675,0.9733333333333334,1.110762962962963,1.2073500000000001,128,1.0,14.175030666666663,14.179576188325882,3.7713446666671757,9.257946333332582,1.0561111111111146,0.017806211098674158
t209_n4,FloorPlan209,living,4,uniform_random,256,50.0,48.0,54.76740740740741,59.396574074074074,0.96,1.0953481481481482,1.1879314814814814,256,1.0,28.712372999999996,28.717023320496082,7.526949666667744,18.856189666666356,0.08518518518518903,0.0014362365606506167
t209_n6,FloorPlan209,living,6,llm_nominal_none,32,63.0,63.0,72.24641975308641,78.45588477366255,1.0,1.1467685675093082,1.24533150434385,32,1.0,4.358971333333184,4.359640801946322,1.2180683333335256,2.874617000000098,-0.41034318048206825,-0.005203027850154769
t209_n6,FloorPlan209,living,6,llm_nominal_none,64,63.0,60.666666666666664,70.55884773662551,76.36628747795415,0.9629629629629629,1.1199817101051668,1.2121632933008593,64,1.0,8.953705999999931,8.954403611520926,2.4154396666659452,5.921225000000252,-2.499940476190479,-0.031698491750410916
t209_n6,FloorPlan209,living,6,llm_nominal_none,128,63.0,60.333333333333336,70.25161669606113,76.07739858906525,0.9576719576719577,1.1151050269216054,1.207577755381988,128,1.0,18.742547999999932,18.743289013703663,4.803839333333689,12.464121333333336,-2.7888293650793705,-0.035361515789760954
t209_n6,FloorPlan209,living,6,llm_nominal_none,256,63.0,60.333333333333336,69.95233686067019,75.86770208700764,0.9576719576719577,1.1103545533439714,1.2042492394763118,256,1.0,37.76660499999999,37.769924538830914,9.551882999998393,24.74398633333556,-2.998525867136981,-0.03802040423285391
t209_n6,FloorPlan209,living,6,llm_risk_none,32,63.0,63.0,72.24641975308641,78.45588477366255,1.0,1.1467685675093082,1.24533150434385,32,1.0,4.331128333333378,4.331607682009538,1.200554000000557,2.8682079999996133,-0.41034318048206825,-0.005203027850154769
t209_n6,FloorPlan209,living,6,llm_risk_none,64,63.0,60.666666666666664,70.85518518518519,76.82249118165785,0.9629629629629629,1.1246854791299237,1.2194046219310768,64,1.0,8.869887000000057,8.870400177935759,2.392038666666411,5.869431333332435,-2.043736772486772,-0.025913966288270657
t209_n6,FloorPlan209,living,6,llm_risk_none,128,63.0,60.333333333333336,70.25161669606113,76.07739858906525,0.9576719576719577,1.1151050269216054,1.207577755381988,128,1.0,18.040989000000025,18.04152751962344,4.771243666666998,11.875804666665601,-2.7888293650793705,-0.035361515789760954
t209_n6,FloorPlan209,living,6,llm_risk_none,256,63.0,59.0,69.49188712522046,75.43447971781305,0.9365079365079365,1.1030458273844517,1.1973726939335403,256,1.0,53.134172000000035,53.13494615256786,9.54061866666652,40.40095766666522,-3.431748236331572,-0.04351353330004448
t209_n6,FloorPlan209,living,6,llm_risk_nominal,32,63.0,63.0,72.24641975308641,78.45588477366255,1.0,1.1467685675093082,1.24533150434385,16.666666666666668,0.5208333333333334,3.7183576666666163,3.7190082172552743,0.6441780000003838,2.8392446666662963,-0.41034318048206825,-0.005203027850154769
t209_n6,FloorPlan209,living,6,llm_risk_nominal,64,63.0,60.666666666666664,70.85518518518519,76.82249118165785,0.9629629629629629,1.1246854791299237,1.2194046219310768,28.333333333333332,0.4427083333333333,7.399005666666625,7.399677609403928,1.0845736666664034,5.778937333333604,-2.043736772486772,-0.025913966288270657
t209_n6,FloorPlan209,living,6,llm_risk_nominal,128,63.0,60.333333333333336,70.25161669606113,76.07739858906525,0.9576719576719577,1.1151050269216054,1.207577755381988,44,0.34375,14.468347000000067,14.471586793661118,1.6705719999997963,11.600108333333026,-2.7888293650793705,-0.035361515789760954
t209_n6,FloorPlan209,living,6,llm_risk_nominal,256,63.0,59.0,69.49188712522046,75.43447971781305,0.9365079365079365,1.1030458273844517,1.1973726939335403,68,0.265625,28.573882000000033,28.577213486035664,2.5448576666664557,23.35569566666562,-3.431748236331572,-0.04351353330004448
t209_n6,FloorPlan209,living,6,llm_risk_critical,32,63.0,63.0,72.24641975308641,78.45588477366255,1.0,1.1467685675093082,1.24533150434385,14.666666666666666,0.4583333333333333,3.7394246666668054,3.739952420194944,0.5574413333334268,2.875617333332562,-0.41034318048206825,-0.005203027850154769
t209_n6,FloorPlan209,living,6,llm_risk_critical,64,63.0,60.666666666666664,70.85518518518519,76.82249118165785,0.9629629629629629,1.1246854791299237,1.2194046219310768,22.333333333333332,0.3489583333333333,7.325142000000007,7.325672544538975,0.8435216666669021,5.8004263333328865,-2.043736772486772,-0.025913966288270657
t209_n6,FloorPlan209,living,6,llm_risk_critical,128,63.0,60.333333333333336,70.25161669606113,76.07739858906525,0.9576719576719577,1.1151050269216054,1.207577755381988,31.666666666666668,0.24739583333333334,14.36200733333326,14.362587903936705,1.1845420000002882,11.683354999998397,-2.7888293650793705,-0.035361515789760954
t209_n6,FloorPlan209,living,6,llm_risk_critical,256,63.0,59.0,69.49188712522046,75.43447971781305,0.9365079365079365,1.1030458273844517,1.1973726939335403,49,0.19140625,28.515298333333366,28.5159678508838,1.8030426666670134,23.416584000000018,-3.431748236331572,-0.04351353330004448
t209_n6,FloorPlan209,living,6,uniform_nominal_none,32,63.0,66.33333333333333,75.40757789535567,81.1663330393886,1.0529100529100528,1.1969456808786616,1.2883544926887078,32,1.0,4.420003333333404,4.420658573508263,1.2059156666661686,2.952786000000559,2.3001050852439797,0.029164639224045774
t209_n6,FloorPlan209,living,6,uniform_nominal_none,64,63.0,66.33333333333333,75.40757789535567,81.1663330393886,1.0529100529100528,1.1969456808786616,1.2883544926887078,64,1.0,8.946967333333333,8.947660215198994,2.412027666666964,5.941787333334059,2.3001050852439797,0.029164639224045774
t209_n6,FloorPlan209,living,6,uniform_nominal_none,128,63.0,65.0,74.43347736625515,80.29524176954733,1.0317460317460316,1.1814837677183356,1.274527647135672,128,1.0,18.157751333333454,18.158494494855404,4.814585333333898,11.966978000000536,1.4290138154027072,0.018119464471327063
t209_n6,FloorPlan209,living,6,uniform_nominal_none,256,63.0,64.33333333333333,73.3912962962963,79.34392048794827,1.0211640211640212,1.1649412110523223,1.2594273093325121,256,1.0,37.26358333333346,37.26441568384568,9.705536333333598,24.39967600000026,0.477692533803643,0.006056997351025717
t209_n6,FloorPlan209,living,6,uniform_risk_none,32,63.0,71.33333333333333,80.2803997648442,86.19517342739564,1.1322751322751323,1.2742920597594318,1.3681773559904071,32,1.0,4.381535333333335,4.381934801737468,1.2065613333341514,2.9047173333336396,7.3289454732510295,0.09292881964016735
t209_n6,FloorPlan209,living,6,uniform_risk_none,64,63.0,68.33333333333333,76.9172075249853,82.8072795414462,1.0846560846560847,1.2209080559521477,1.3144012625626382,64,1.0,8.946422666666601,8.946854000290235,2.420409666669047,5.915194333334206,3.941051587301587,0.04997134628516838
t209_n6,FloorPlan209,living,6,uniform_risk_none,128,63.0,67.0,75.21603174603175,81.00670414462081,1.0634920634920635,1.1939052658100278,1.285820700708267,128,1.0,18.296605999999827,18.297063497205574,4.841738000001279,12.09287433333476,2.1404761904761878,0.027140592950898174
t209_n6,FloorPlan209,living,6,uniform_risk_none,256,63.0,66.33333333333333,74.27117577895356,79.88762860082305,1.0529100529100528,1.178907552046882,1.268057596838461,256,1.0,37.23636966666666,37.23697395374378,9.69122633333456,24.447180999999468,1.0214006466784251,0.012951052347429437
t209_n6,FloorPlan209,living,6,uniform_random,32,63.0,78.66666666666667,85.36251322751323,90.54110743680188,1.2486772486772486,1.354960527420845,1.4371604355047918,32,1.0,4.344876999999858,4.345308057963848,1.2038056666668535,2.8597986666663764,11.67487948265726,0.14803395300514963
t209_n6,FloorPlan209,living,6,uniform_random,64,63.0,74.33333333333333,81.67488242210464,87.30703042328042,1.17989417989418,1.2964267051127722,1.38582587973461,64,1.0,8.910686333333473,8.9111536120375,2.414500666667152,5.875555333333615,8.440802469135804,0.10702683123178607
t209_n6,FloorPlan209,living,6,uniform_random,128,63.0,67.66666666666667,77.04235155790711,83.53257422104645,1.0740740740740742,1.222894469173129,1.3259138765245466,128,1.0,18.24361433333325,18.244120602806408,4.841826999999614,12.093366999999411,4.666346266901821,0.05916786421705108
t209_n6,FloorPlan209,living,6,uniform_random,256,63.0,63.333333333333336,74.64796002351558,81.38401161081717,1.0052910052910053,1.1848882543415171,1.291809708108209,256,1.0,36.70242566666667,36.706287413835526,9.717189333333653,24.31407033333392,2.517783656672544,0.031924737900948706
t209_n8,FloorPlan209,living,8,llm_nominal_none,32,83.0,83.0,98.41706157965194,107.26465863453815,1.0,1.1857477298753245,1.2923452847534718,32,1.0,5.32833566666661,5.329347215592861,1.4792853333328952,3.563807333332688,0.0,0.0
t209_n8,FloorPlan209,living,8,llm_nominal_none,64,83.0,83.0,98.41706157965194,107.26465863453815,1.0,1.1857477298753245,1.2923452847534718,64,1.0,10.815980333333494,10.816994744042555,2.9504759999994987,7.220115999999758,0.0,0.0
t209_n8,FloorPlan209,living,8,llm_nominal_none,128,83.0,80.0,95.96452476572958,104.52008032128514,0.963855421686747,1.1561990935630069,1.259278076160062,128,1.0,22.55363099999978,22.55473906795184,5.8900653333352855,15.199239666665735,-2.7445783132530153,-0.02558697662576892
t209_n8,FloorPlan209,living,8,llm_nominal_none,256,83.0,80.0,95.96452476572958,104.52008032128514,0.963855421686747,1.1561990935630069,1.259278076160062,256,1.0,45.07115099999999,45.07235437631607,11.718963333334997,30.1503469999993,-2.7445783132530153,-0.02558697662576892
t209_n8,FloorPlan209,living,8,llm_risk_none,32,83.0,83.0,98.41706157965194,107.26465863453815,1.0,1.1857477298753245,1.2923452847534718,32,1.0,5.42018266666681,5.4206935067971544,1.480123666668091,3.653646333333279,0.0,0.0
t209_n8,FloorPlan209,living,8,llm_risk_none,64,83.0,83.0,98.41706157965194,107.26465863453815,1.0,1.1857477298753245,1.2923452847534718,64,1.0,10.766928000000378,10.767464836438497,2.9507133333354454,7.1626673333324105,0.0,0.0
t209_n8,FloorPlan209,living,8,llm_risk_none,128,83.0,80.0,95.96452476572958,104.52008032128514,0.963855421686747,1.1561990935630069,1.259278076160062,128,1.0,22.035746666666817,22.036341950297356,5.8863080000023755,14.673640333331406,-2.7445783132530153,-0.02558697662576892
t209_n8,FloorPlan209,living,8,llm_risk_none,256,83.0,80.0,95.96452476572958,104.52008032128514,0.963855421686747,1.1561990935630069,1.259278076160062,256,1.0,44.69996366666695,44.70071103423834,11.747388666668357,29.776781333331098,-2.7445783132530153,-0.02558697662576892
t209_n8,FloorPlan209,living,8,llm_risk_nominal,32,83.0,83.0,98.41706157965194,107.26465863453815,1.0,1.1857477298753245,1.2923452847534718,18,0.5625,4.561536666666625,4.562208739419778,0.8438346666671906,3.459593666667112,0.0,0.0
t209_n8,FloorPlan209,living,8,llm_risk_nominal,64,83.0,83.0,98.41706157965194,107.26465863453815,1.0,1.1857477298753245,1.2923452847534718,31.666666666666668,0.4947916666666667,9.12413333333332,9.124845576783022,1.48126233333364,7.05813200000005,0.0,0.0
t209_n8,FloorPlan209,living,8,llm_risk_nominal,128,83.0,80.0,95.96452476572958,104.52008032128514,0.963855421686747,1.1561990935630069,1.259278076160062,54.666666666666664,0.4270833333333333,18.21731933333348,18.218090757727623,2.5469370000007117,14.363046333333815,-2.7445783132530153,-0.02558697662576892
t209_n8,FloorPlan209,living,8,llm_risk_nominal,256,83.0,80.0,95.96452476572958,104.52008032128514,0.963855421686747,1.1561990935630069,1.259278076160062,87.66666666666667,0.3424479166666667,35.24719666666668,35.2480374276638,4.055428000000472,28.43611466666962,-2.7445783132530153,-0.02558697662576892
t209_n8,FloorPlan209,living,8,llm_risk_critical,32,83.0,83.0,98.41706157965194,107.26465863453815,1.0,1.1857477298753245,1.2923452847534718,13.666666666666666,0.4270833333333333,4.400823000000109,4.401375539600849,0.6338206666661369,3.444784333334875,0.0,0.0
t209_n8,FloorPlan209,living,8,llm_risk_critical,64,83.0,83.0,98.41706157965194,107.26465863453815,1.0,1.1857477298753245,1.2923452847534718,21.666666666666668,0.3385416666666667,8.776133333333528,8.776713473101458,1.003589999999092,7.053909000002652,0.0,0.0
t209_n8,FloorPlan209,living,8,llm_risk_critical,128,83.0,80.0,95.96452476572958,104.52008032128514,0.963855421686747,1.1561990935630069,1.259278076160062,33.666666666666664,0.2630208333333333,17.320686666666713,17.321314041813213,1.5522286666653784,14.18754133333581,-2.7445783132530153,-0.02558697662576892
t209_n8,FloorPlan209,living,8,llm_risk_critical,256,83.0,80.0,95.96452476572958,104.52008032128514,0.963855421686747,1.1561990935630069,1.259278076160062,47.666666666666664,0.18619791666666666,33.80889166666664,33.80959387868643,2.1884756666663563,28.31101733333356,-2.7445783132530153,-0.02558697662576892
t209_n8,FloorPlan209,living,8,uniform_nominal_none,32,83.0,89.33333333333333,101.55828424810352,109.68278056671129,1.0763052208835342,1.2235937861217292,1.3214792839362806,32,1.0,5.406314999999958,5.407191192110379,1.4602859999991817,3.666084000000828,2.418121932173141,0.022543510257296766
t209_n8,FloorPlan209,living,8,uniform_nominal_none,64,83.0,82.0,96.80270861222668,105.36461512717537,0.9879518072289156,1.166297694123213,1.2694531943033176,64,1.0,10.663010333332945,10.663931878904501,2.9148459999994714,7.126930666666513,-1.9000435073627813,-0.017713602332306122
t209_n8,FloorPlan209,living,8,uniform_nominal_none,128,83.0,81.33333333333333,95.94719767960731,104.4244767960732,0.9799196787148594,1.1559903334892447,1.258126226458713,128,1.0,21.837177333332864,21.840680701037247,5.860041666664539,14.56545966666504,-2.840181838464962,-0.02647826296769144
t209_n8,FloorPlan209,living,8,uniform_nominal_none,256,83.0,81.33333333333333,95.64215528781793,104.10647144132085,0.9799196787148594,1.1523151239496137,1.2542948366424198,256,1.0,44.196235666666084,44.19985879212618,11.75419666666381,29.126664999997942,-3.1581871932173065,-0.029442942656234743
t209_n8,FloorPlan209,living,8,uniform_risk_none,32,83.0,84.33333333333333,97.74368139223562,105.95899431057563,1.0160642570281124,1.1776347155691038,1.2766143892840438,32,1.0,5.340588333333507,5.341039039194584,1.4625283333330092,3.601992666666535,-1.3056643239625128,-0.012172362645659832
t209_n8,FloorPlan209,living,8,uniform_risk_none,64,83.0,84.33333333333333,97.524859437751,105.7025691655511,1.0160642570281124,1.1749983064789278,1.2735249297054347,64,1.0,10.760721666666603,10.761196414629618,2.9206616666660836,7.215806333332964,-1.5620894689870586,-0.014562946350384206
t209_n8,FloorPlan209,living,8,uniform_risk_none,128,83.0,81.0,95.56870593485051,104.13043340026775,0.9759036144578314,1.1514301919861507,1.2545835349429848,128,1.0,21.939831333333288,21.940353326499462,5.859608000000775,14.666306333334026,-3.134225234270408,-0.029219551660058334
t209_n8,FloorPlan209,living,8,uniform_risk_none,256,83.0,81.0,95.26366354306113,103.8124280455154,0.9759036144578314,1.1477549824465196,1.2507521451266914,256,1.0,44.11053133333335,44.11434940993786,11.731962333336584,29.25828733333476,-3.452230589022752,-0.032184231348601634
t209_n8,FloorPlan209,living,8,uniform_random,32,83.0,97.0,107.68476572958501,115.40908913431504,1.1686746987951808,1.2974068160190966,1.3904709534254824,32,1.0,5.3151030000001915,5.31559685866038,1.4653909999993904,3.545040999999601,8.144430499776888,0.07592836823846905
t209_n8,FloorPlan209,living,8,uniform_random,64,83.0,95.66666666666667,106.82239178937975,114.97223282016957,1.1526104417670682,1.287016768546744,1.3852076243393923,64,1.0,10.77560600000016,10.776123031973839,2.9293296666662214,7.171011333332829,7.707574185631415,0.07185567253695295
t209_n8,FloorPlan209,living,8,uniform_random,128,83.0,89.33333333333333,103.35479919678714,111.5509655287818,1.0763052208835342,1.2452385445396041,1.343987536491347,128,1.0,31.02613700000016,31.026787124574184,5.859202666666767,23.745355666664764,4.286306894243647,0.03996010381059001
t209_n8,FloorPlan209,living,8,uniform_random,256,83.0,87.0,102.19164212405175,110.77220102632754,1.0481927710843373,1.231224603904238,1.3346048316425003,256,1.0,52.980938666667164,52.98172154774269,11.732579999997217,38.34195999999679,3.5075423917893858,0.03269988863470811
t210_n4,FloorPlan210,living,4,llm_nominal_none,32,93.0,70.33333333333333,82.33383910792513,89.44795201115093,0.7562724014336918,0.8853100979346787,0.9618059356037735,32,1.0,3.7644273333333387,3.7650475278496742,0.9490006666659964,2.5310450000001574,-16.869550975706883,-0.1586714369861769
t210_n4,FloorPlan210,living,4,llm_nominal_none,64,93.0,67.0,80.20219633612106,87.71400189167662,0.7204301075268817,0.8623892079152803,0.9431613106631895,64,1.0,7.394763000000341,7.395397250850995,1.9094803333318626,4.858011333331784,-18.603501095181198,-0.1749806059448257
t210_n4,FloorPlan210,living,4,llm_nominal_none,128,93.0,67.0,80.20219633612106,87.71400189167662,0.7204301075268817,0.8623892079152803,0.9431613106631895,128,1.0,15.112364333333664,15.115850605070591,3.8344269999999923,9.75585766666424,-18.603501095181198,-0.1749806059448257
t210_n4,FloorPlan210,living,4,llm_nominal_none,256,93.0,66.0,79.002905217045,86.40082188371167,0.7096774193548387,0.8494936044843548,0.9290410955237813,256,1.0,30.894256000000137,30.897834648688633,7.661297999998891,19.563773333329443,-19.91668110314615,-0.18733210001751174
t210_n4,FloorPlan210,living,4,llm_risk_none,32,93.0,70.33333333333333,82.33383910792513,89.44795201115093,0.7562724014336918,0.8853100979346787,0.9618059356037735,32,1.0,3.5161096666667113,3.5164967800180116,0.9498773333325161,2.2979230000008677,-16.869550975706883,-0.1586714369861769
t210_n4,FloorPlan210,living,4,llm_risk_none,64,93.0,67.0,80.20219633612106,87.71400189167662,0.7204301075268817,0.8623892079152803,0.9431613106631895,64,1.0,7.076874333333667,7.077293780942758,1.9065343333335427,4.566147333333603,-18.603501095181198,-0.1749806059448257
t210_n4,FloorPlan210,living,4,llm_risk_none,128,93.0,67.0,80.20219633612106,87.71400189167662,0.7204301075268817,0.8623892079152803,0.9431613106631895,128,1.0,14.637826000000112,14.638270872334639,3.808784333334536,9.339554999999203,-18.603501095181198,-0.1749806059448257
t210_n4,FloorPlan210,living,4,llm_risk_none,256,93.0,66.0,79.002905217045,86.40082188371167,0.7096774193548387,0.8494936044843548,0.9290410955237813,256,1.0,30.32693333333351,30.32746911048889,7.617286333334139,19.105288333332915,-19.91668110314615,-0.18733210001751174
t210_n4,FloorPlan210,living,4,llm_risk_nominal,32,93.0,70.33333333333333,82.33383910792513,89.44795201115093,0.7562724014336918,0.8853100979346787,0.9618059356037735,19.333333333333332,0.6041666666666666,3.059915333333496,3.06033498297135,0.5771496666667394,2.2419600000000983,-16.869550975706883,-0.1586714369861769
t210_n4,FloorPlan210,living,4,llm_risk_nominal,64,93.0,67.0,80.20219633612106,87.71400189167662,0.7204301075268817,0.8623892079152803,0.9431613106631895,28.333333333333332,0.4427083333333333,5.790816999999837,5.791247201462586,0.8483020000011147,4.42221733333481,-18.603501095181198,-0.1749806059448257
t210_n4,FloorPlan210,living,4,llm_risk_nominal,128,93.0,67.0,80.20219633612106,87.71400189167662,0.7204301075268817,0.8623892079152803,0.9431613106631895,36.666666666666664,0.2864583333333333,11.47594199999998,11.479496645430723,1.111309333334513,9.103101000001187,-18.603501095181198,-0.1749806059448257
t210_n4,FloorPlan210,living,4,llm_risk_nominal,256,93.0,66.0,79.002905217045,86.40082188371167,0.7096774193548387,0.8494936044843548,0.9290410955237813,46.333333333333336,0.18098958333333334,22.82900800000028,22.832640757163364,1.4131870000015923,18.3717440000013,-19.91668110314615,-0.18733210001751174
t210_n4,FloorPlan210,living,4,llm_risk_critical,32,93.0,70.33333333333333,82.33383910792513,89.44795201115093,0.7562724014336918,0.8853100979346787,0.9618059356037735,16,0.5,3.11492400000013,3.1154782821734748,0.48297299999881343,2.312098333335122,-16.869550975706883,-0.1586714369861769
t210_n4,FloorPlan210,living,4,llm_risk_critical,64,93.0,67.0,80.20219633612106,87.71400189167662,0.7204301075268817,0.8623892079152803,0.9431613106631895,23,0.359375,5.896656666666574,5.897229226926963,0.6934639999986262,4.522714666667167,-18.603501095181198,-0.1749806059448257
t210_n4,FloorPlan210,living,4,llm_risk_critical,128,93.0,67.0,80.20219633612106,87.71400189167662,0.7204301075268817,0.8623892079152803,0.9431613106631895,28.333333333333332,0.22135416666666666,11.652719999999839,11.653325830896696,0.8610376666648989,9.201215666668835,-18.603501095181198,-0.1749806059448257
t210_n4,FloorPlan210,living,4,llm_risk_critical,256,93.0,66.0,79.002905217045,86.40082188371167,0.7096774193548387,0.8494936044843548,0.9290410955237813,33.333333333333336,0.13020833333333334,32.09088233333338,32.09158591926098,1.0161149999986148,27.361973666665484,-19.91668110314615,-0.18733210001751174
t210_n4,FloorPlan210,living,4,uniform_nominal_none,32,93.0,68.0,78.79545997610514,85.34641577060933,0.7311827956989247,0.8472630104957541,0.917703395382896,32,1.0,3.505432666666438,3.5059796646237373,0.9520536666651758,2.299732999999341,-20.971087216248492,-0.19724962143665825
t210_n4,FloorPlan210,living,4,uniform_nominal_none,64,93.0,67.0,78.33194942254082,85.15667114695341,0.7204301075268817,0.842279026048826,0.9156631306124022,64,1.0,6.988170666666645,6.988740215698878,1.8862083333311592,4.516397333331608,-21.160831839904407,-0.19903431933046953
t210_n4,FloorPlan210,living,4,uniform_nominal_none,128,93.0,67.0,78.33194942254082,85.15667114695341,0.7204301075268817,0.842279026048826,0.9156631306124022,128,1.0,14.521438333333267,14.522048023839792,3.7806099999984077,9.29558433332911,-21.160831839904407,-0.19903431933046953
t210_n4,FloorPlan210,living,4,uniform_nominal_none,256,93.0,66.0,78.00133412982875,85.0704131819992,0.7096774193548387,0.8387240229013845,0.9147356256128947,256,1.0,30.18023166666639,30.184296580652397,7.593992333336057,18.972018333332247,-21.247089804858614,-0.19984564354831602
t210_n4,FloorPlan210,living,4,uniform_risk_none,32,93.0,76.66666666666667,87.09864595778573,93.45028673835125,0.8243727598566308,0.9365445801912445,1.0048417928854974,32,1.0,3.485323999999679,3.4858835861086845,0.947677666667405,2.2789490000019916,-12.86721624850656,-0.1210263210385698
t210_n4,FloorPlan210,living,4,uniform_risk_none,64,93.0,67.0,79.20062524890481,86.38359318996416,0.7204301075268817,0.8516196263323099,0.9288558407523028,64,1.0,7.041571999999441,7.042150944471359,1.9043616666663727,4.5416530000019035,-19.93390979689366,-0.18749414947563
t210_n4,FloorPlan210,living,4,uniform_risk_none,128,93.0,66.0,78.87000995619275,86.29733522500996,0.7096774193548387,0.8480646231848683,0.9279283357527952,128,1.0,14.61901166666646,14.619637280702591,3.809286333331663,9.40087866667009,-20.020167761847862,-0.1883054736934765
t210_n4,FloorPlan210,living,4,uniform_risk_none,256,93.0,65.0,77.67071883711668,84.984155217045,0.6989247311827957,0.8351690197539429,0.9138081206133871,256,1.0,30.033781666666332,30.037433840334415,7.615735333331486,19.06286500000487,-21.333347769812818,-0.20065696776616251
t210_n4,FloorPlan210,living,4,uniform_random,32,93.0,85.33333333333333,94.82252887295898,101.47006869772999,0.9175627240143369,1.019597084655473,1.091076007502473,32,1.0,3.4723400000000737,3.472947825988134,0.9431443333329051,2.2740656666681383,-4.847434289127828,-0.04559394411028472
t210_n4,FloorPlan210,living,4,uniform_random,64,93.0,79.0,89.02941059338909,95.99407158502589,0.8494623655913979,0.9573054902514956,1.032194318118558,64,1.0,6.971327333333536,6.97193822513024,1.8907009999997726,4.527171333335467,-10.32343140183193,-0.09710001751177351
t210_n4,FloorPlan210,living,4,uniform_random,128,93.0,76.0,86.04516129032258,92.69763142174432,0.8172043010752689,0.9252167880679848,0.9967487249649927,128,1.0,14.27565866666658,14.276329738398394,3.8099326666651834,9.308550000003043,-13.619871565113494,-0.12810563813558598
t210_n4,FloorPlan210,living,4,uniform_random,256,93.0,68.0,80.01021505376345,87.23245818399045,0.7311827956989247,0.8603248930512198,0.9379834213332305,256,1.0,28.890688999999803,28.891445448001225,7.605832333329528,18.92424599999772,-19.085044802867376,-0.17950990445314097
t210_n6,FloorPlan210,living,6,llm_nominal_none,32,118.0,104.0,119.87291902071563,130.18933301946015,0.8813559322033898,1.0158721950908105,1.1032994323683063,32,1.0,4.811144333333406,4.8118022580941515,1.2376393333313196,3.299307000001287,-10.545718769617068,-0.07493313595693396
t210_n6,FloorPlan210,living,6,llm_nominal_none,64,118.0,100.33333333333333,116.02076585059636,125.98244507219083,0.8502824858757062,0.9832268292423421,1.0676478395948377,64,1.0,9.377538,9.37821933378776,2.4503223333343094,6.301524666667557,-14.75260671688637,-0.10482539018777237
t210_n6,FloorPlan210,living,6,llm_nominal_none,128,118.0,99.66666666666667,114.43484620213434,124.43728499686127,0.8446327683615819,0.9697868322214774,1.054553262685265,128,1.0,18.918268333333543,18.91901499281327,4.906255333331888,12.57370100000399,-16.297766792215942,-0.115804602940295
t210_n6,FloorPlan210,living,6,llm_nominal_none,256,118.0,94.0,108.85183301946014,118.37601694915254,0.7966101694915254,0.9224731611818656,1.003186584314852,256,1.0,38.42033600000031,38.42118134101232,9.793145666662303,25.39690666667053,-22.359034839924664,-0.15887324838899874
t210_n6,FloorPlan210,living,6,llm_risk_none,32,118.0,102.33333333333333,117.34557438794727,126.9130790960452,0.867231638418079,0.9944540202368413,1.0755345686105524,32,1.0,4.61591066666663,4.616421647369862,1.2484493333322355,3.0874153333331953,-13.821972693032015,-0.09821272325068893
t210_n6,FloorPlan210,living,6,llm_risk_none,64,118.0,101.33333333333333,116.17980539861895,125.49326741996234,0.8587570621468926,0.9845746220221946,1.0635022662708673,64,1.0,9.13885366666678,9.139385384817919,2.464284666664559,6.021655666666496,-15.241784369114873,-0.1083012666379523
t210_n6,FloorPlan210,living,6,llm_risk_none,128,118.0,93.66666666666667,109.14281858129316,118.34395009416195,0.7937853107344632,0.9249391405194335,1.002914831306457,128,1.0,18.486004666666833,18.48659695436557,4.9057419999976775,12.14064966666717,-22.39110169491525,-0.15910110104249864
t210_n6,FloorPlan210,living,6,llm_risk_none,256,118.0,93.0,108.36620841180164,117.54949466415567,0.788135593220339,0.9183576984050985,0.9961821581708108,256,1.0,37.80072399999978,37.801433354616165,9.80641799999867,24.867639666672787,-23.185557124921527,-0.16474614412101288
t210_n6,FloorPlan210,living,6,llm_risk_nominal,32,118.0,102.33333333333333,117.34557438794727,126.9130790960452,0.867231638418079,0.9944540202368413,1.0755345686105524,22.333333333333332,0.6979166666666666,4.060321333333376,4.0608976657191915,0.8790049999999697,2.920976333332289,-13.821972693032015,-0.09821272325068893
t210_n6,FloorPlan210,living,6,llm_risk_nominal,64,118.0,101.33333333333333,116.17980539861895,125.49326741996234,0.8587570621468926,0.9845746220221946,1.0635022662708673,31.333333333333332,0.4895833333333333,7.738396666666721,7.738985121250153,1.2301286666662747,5.929140333333767,-15.241784369114873,-0.1083012666379523
t210_n6,FloorPlan210,living,6,llm_risk_nominal,128,118.0,93.66666666666667,109.14281858129316,118.34395009416195,0.7937853107344632,0.9249391405194335,1.002914831306457,47.666666666666664,0.3723958333333333,14.926572666666527,14.927196005980173,1.860957999999524,11.819441666668299,-22.39110169491525,-0.15910110104249864
t210_n6,FloorPlan210,living,6,llm_risk_nominal,256,118.0,93.0,108.36620841180164,117.54949466415567,0.788135593220339,0.9183576984050985,0.9961821581708108,70.66666666666667,0.2760416666666667,29.065813333333395,29.066431646545727,2.760828000000881,23.648563333335204,-23.185557124921527,-0.16474614412101288
t210_n6,FloorPlan210,living,6,llm_risk_critical,32,118.0,102.33333333333333,117.34557438794727,126.9130790960452,0.867231638418079,0.9944540202368413,1.0755345686105524,19.333333333333332,0.6041666666666666,4.087752666666944,4.08845953643322,0.7608073333337609,2.986718666664482,-13.821972693032015,-0.09821272325068893
t210_n6,FloorPlan210,living,6,llm_risk_critical,64,118.0,101.33333333333333,116.17980539861895,125.49326741996234,0.8587570621468926,0.9845746220221946,1.0635022662708673,24,0.375,7.693015666666803,7.693722223242124,0.9408723333332129,6.012027333330098,-15.241784369114873,-0.1083012666379523
t210_n6,FloorPlan210,living,6,llm_risk_critical,128,118.0,93.66666666666667,109.14281858129316,118.34395009416195,0.7937853107344632,0.9249391405194335,1.002914831306457,35.666666666666664,0.2786458333333333,15.364873333333584,15.365645289421082,1.3901363333331436,12.395967999997204,-22.39110169491525,-0.15910110104249864
t210_n6,FloorPlan210,living,6,llm_risk_critical,256,118.0,93.0,108.36620841180164,117.54949466415567,0.788135593220339,0.9183576984050985,0.9961821581708108,48.333333333333336,0.18880208333333334,29.315036666666867,29.31590285152197,1.8828269999999019,24.120287666661966,-23.185557124921527,-0.16474614412101288
t210_n6,FloorPlan210,living,6,uniform_nominal_none,32,118.0,99.66666666666667,115.76316384180791,125.94670903954801,0.8446327683615819,0.9810437613712535,1.0673449918605764,32,1.0,4.592370666666549,4.592974670231342,1.2434756666674929,3.076982333335051,-14.788342749529187,-0.10507931436791458
t210_n6,FloorPlan210,living,6,uniform_nominal_none,64,118.0,91.66666666666667,107.34825486503453,116.841710608914,0.7768361581920904,0.909730973432496,0.9901839882111355,64,1.0,9.116256000000137,9.116907293597857,2.4554196666691417,6.044290666669856,-23.89334118016321,-0.16977533938007638
t210_n6,FloorPlan210,living,6,uniform_nominal_none,128,118.0,90.0,104.76463904582549,113.92520087884495,0.7627118644067796,0.8878359241171652,0.9654678040580079,128,1.0,26.98842966666663,26.9892110178868,4.915526000004,20.664108333338465,-26.80985091023226,-0.190498746185938
t210_n6,FloorPlan210,living,6,uniform_nominal_none,256,118.0,90.0,104.76463904582549,113.92520087884495,0.7627118644067796,0.8878359241171652,0.9654678040580079,256,1.0,46.42096799999992,46.42185724029938,9.799235333335155,33.33005200000164,-26.80985091023226,-0.190498746185938
t210_n6,FloorPlan210,living,6,uniform_risk_none,32,118.0,104.0,119.87291902071563,130.18933301946015,0.8813559322033898,1.0158721950908105,1.1032994323683063,32,1.0,4.508069999999679,4.508452179531257,1.22773600000059,3.0148449999997475,-10.545718769617068,-0.07493313595693396
t210_n6,FloorPlan210,living,6,uniform_risk_none,64,118.0,98.33333333333333,113.96198995605775,123.80002981795354,0.8333333333333334,0.9657795758987945,1.0491527950674029,64,1.0,8.960289666666732,8.960720772544542,2.4201089999994116,5.940133333332358,-16.93502197112366,-0.12033265171568319
t210_n6,FloorPlan210,living,6,uniform_risk_none,128,118.0,96.33333333333333,110.22611424984306,119.37769930947897,0.8163841807909604,0.9341196122868056,1.0116754178769405,128,1.0,18.301328000000023,18.301775368551414,4.864501333332901,12.059154333330232,-21.357352479598234,-0.15175574391806088
t210_n6,FloorPlan210,living,6,uniform_risk_none,256,118.0,96.33333333333333,109.15655994978029,118.2212962962963,0.8163841807909604,0.9250555927947482,1.001875392341494,256,1.0,37.7552759999998,37.75582555681467,9.777375333332413,24.864098666661505,-22.513755492780906,-0.1599726237819046
t210_n6,FloorPlan210,living,6,uniform_random,32,118.0,115.66666666666667,127.06145637162587,135.31217357187697,0.9802259887005649,1.0767920031493718,1.1467133353548895,32,1.0,4.432374333333655,4.432768560945988,1.2164436666661043,2.9301799999990052,-5.422878217200245,-0.03853253434920841
t210_n6,FloorPlan210,living,6,uniform_random,64,118.0,105.0,117.47477715003139,126.43149246704331,0.8898305084745762,0.995548958898571,1.0714533259918924,64,1.0,9.001476666666619,9.001901373267174,2.4242896666667826,5.947338333333126,-14.303559322033891,-0.10163466130293508
t210_n6,FloorPlan210,living,6,uniform_random,128,118.0,101.66666666666667,115.5266980539862,124.82274795982423,0.8615819209039548,0.979039814016832,1.057819897964612,128,1.0,18.33729400000017,18.337772848705452,4.878584666669165,12.14602199999811,-15.912303829252977,-0.11306567643930739
t210_n6,FloorPlan210,living,6,uniform_random,256,118.0,91.66666666666667,105.11874450721908,113.862434086629,0.7768361581920904,0.8908368178577888,0.9649358820900763,256,1.0,36.792277333333345,36.792851674060024,9.780086666665966,24.339843666663086,-26.872617702448206,-0.19094473878989862
t210_n8,FloorPlan210,living,8,llm_nominal_none,32,141.0,137.66666666666666,158.92856842658261,172.76718807459943,0.9763593380614657,1.1271529675644156,1.2252992062028327,32,1.0,5.600373000000047,5.601128252844016,1.5469846666666953,3.7647996666665406,-2.584913974257944,-0.014741277373097716
t210_n8,FloorPlan210,living,8,llm_nominal_none,64,141.0,131.0,152.5302547938009,166.297237654321,0.9290780141843972,1.0817748566936234,1.1794130330093688,64,1.0,11.216692000000231,11.217481456696987,3.059595333331444,7.509784999998104,-9.054864394536375,-0.05163818562045789
t210_n8,FloorPlan210,living,8,llm_nominal_none,128,141.0,128.0,146.6921670606777,158.92442605726293,0.9078014184397163,1.0403699791537424,1.1271235890586024,128,1.0,22.748237666666782,22.749098328252632,6.095837999995801,15.201072333330087,-16.42767599159444,-0.09368394105145823
t210_n8,FloorPlan210,living,8,llm_nominal_none,256,141.0,128.0,146.6921670606777,158.92442605726293,0.9078014184397163,1.0403699791537424,1.1271235890586024,256,1.0,45.81467033333345,45.81882804632187,12.14038466666049,30.343569999997655,-16.42767599159444,-0.09368394105145823
t210_n8,FloorPlan210,living,8,llm_risk_none,32,141.0,137.66666666666666,158.92856842658261,172.76718807459943,0.9763593380614657,1.1271529675644156,1.2252992062028327,32,1.0,5.575388333333227,5.575918592512608,1.5267206666689976,3.7588746666665784,-2.584913974257944,-0.014741277373097716
t210_n8,FloorPlan210,living,8,llm_risk_none,64,141.0,136.0,157.55635933806147,171.4259072104019,0.9645390070921985,1.117420988213202,1.215786575960297,64,1.0,11.252297999999902,11.252857434252897,3.039127666667104,7.550181666667655,-3.926194838455473,-0.022390349431691086
t210_n8,FloorPlan210,living,8,llm_risk_none,128,141.0,135.0,152.44680194378776,164.190945298135,0.9574468085106382,1.0811829925091332,1.1644747893484753,128,1.0,22.535131333333364,22.535741639633972,6.048322999999023,15.050181333336354,-11.16115675072236,-0.06364997408250399
t210_n8,FloorPlan210,living,8,llm_risk_none,256,141.0,130.0,147.77842789598108,159.65342100078803,0.9219858156028369,1.0480739567090858,1.1322937659630357,256,1.0,45.395622000000024,45.39791742960612,12.067759666664143,30.224197333336217,-15.698681048069355,-0.08952662023803581
t210_n8,FloorPlan210,living,8,llm_risk_nominal,32,141.0,137.66666666666666,158.92856842658261,172.76718807459943,0.9763593380614657,1.1271529675644156,1.2252992062028327,18.333333333333332,0.5729166666666666,4.752597666666543,4.753056603173415,0.8986110000005118,3.593005666666649,-2.584913974257944,-0.014741277373097716
t210_n8,FloorPlan210,living,8,llm_risk_nominal,64,141.0,136.0,157.55635933806147,171.4259072104019,0.9645390070921985,1.117420988213202,1.215786575960297,30.666666666666668,0.4791666666666667,9.391209000000048,9.391705815990766,1.486812333333513,7.3169556666667175,-3.926194838455473,-0.022390349431691086
t210_n8,FloorPlan210,living,8,llm_risk_nominal,128,141.0,135.0,152.44680194378776,164.190945298135,0.9574468085106382,1.0811829925091332,1.1644747893484753,56,0.4375,18.83034799999983,18.835116177797318,2.694712333335403,14.85651100000022,-11.16115675072236,-0.06364997408250399
t210_n8,FloorPlan210,living,8,llm_risk_nominal,256,141.0,130.0,147.77842789598108,159.65342100078803,0.9219858156028369,1.0480739567090858,1.1322937659630357,90.66666666666667,0.3541666666666667,44.77731699999973,44.78571688135465,4.339918333335764,37.73263633333723,-15.698681048069355,-0.08952662023803581
t210_n8,FloorPlan210,living,8,llm_risk_critical,32,141.0,137.66666666666666,158.92856842658261,172.76718807459943,0.9763593380614657,1.1271529675644156,1.2252992062028327,17.333333333333332,0.5416666666666666,4.816067666666868,4.816761240363121,0.8410803333340766,3.630226999998302,-2.584913974257944,-0.014741277373097716
t210_n8,FloorPlan210,living,8,llm_risk_critical,64,141.0,136.0,157.55635933806147,171.4259072104019,0.9645390070921985,1.117420988213202,1.215786575960297,24.333333333333332,0.3802083333333333,9.30483466666665,9.3101030215621,1.17443600000063,7.37508699999682,-3.926194838455473,-0.022390349431691086
t210_n8,FloorPlan210,living,8,llm_risk_critical,128,141.0,135.0,152.44680194378776,164.190945298135,0.9574468085106382,1.0811829925091332,1.1644747893484753,40,0.3125,18.43461933333342,18.439916893839836,1.9274073333332236,14.903819999998605,-11.16115675072236,-0.06364997408250399
t210_n8,FloorPlan210,living,8,llm_risk_critical,256,141.0,130.0,147.77842789598108,159.65342100078803,0.9219858156028369,1.0480739567090858,1.1322937659630357,62,0.2421875,36.24061399999986,36.24602531393369,2.9803363333327226,29.89819699999578,-15.698681048069355,-0.08952662023803581
t210_n8,FloorPlan210,living,8,uniform_nominal_none,32,141.0,140.0,159.86817966903075,172.59991397425796,0.9929078014184397,1.1338168770853243,1.2241128650656592,32,1.0,5.588168999999847,5.588792264461517,1.5320873333314704,3.771224333333064,-2.752188074599426,-0.01569521005133197
t210_n8,FloorPlan210,living,8,uniform_nominal_none,64,141.0,126.0,147.17963094299975,160.13721664039926,0.8936170212765958,1.0438271698085089,1.1357249407120515,64,1.0,11.202994999999957,11.203650385141373,3.0473233333327223,7.511753666665122,-15.214885408458107,-0.08676762485697986
t210_n8,FloorPlan210,living,8,uniform_nominal_none,128,141.0,121.33333333333333,142.49746782243236,155.4087953112687,0.8605200945626478,1.010620339166187,1.1021900376685725,128,1.0,22.56613899999967,22.57018443197012,6.086732666666113,15.040251666665228,-19.94330673758866,-0.11373292081797781
t210_n8,FloorPlan210,living,8,uniform_nominal_none,256,141.0,121.33333333333333,142.49746782243236,155.4087953112687,0.8605200945626478,1.010620339166187,1.1021900376685725,256,1.0,45.98820266666662,45.99239180485407,12.17745700000202,30.454974666666246,-19.94330673758866,-0.11373292081797781
t210_n8,FloorPlan210,living,8,uniform_risk_none,32,141.0,144.66666666666666,163.05851195166798,175.48045015760442,1.0260047281323876,1.1564433471749502,1.244542199699322,32,1.0,5.546965666667347,5.547538710137208,1.5176846666668335,3.7419509999991143,0.12834810874704772,0.0007319450821940965
t210_n8,FloorPlan210,living,8,uniform_risk_none,64,141.0,120.66666666666667,143.44789598108747,156.58755516154454,0.8557919621749409,1.0173609644048756,1.110550036606699,64,1.0,10.947392000000278,10.947992404301962,3.0279049999994236,7.284111666664946,-18.764546887312843,-0.10701067548129295
t210_n8,FloorPlan210,living,8,uniform_risk_none,128,141.0,121.0,142.2178184922511,154.72628644602048,0.8581560283687943,1.008637010583341,1.0973495492625567,128,1.0,22.521560333333746,22.522234357893467,6.088483666665627,14.993465999998179,-20.625815602836884,-0.1176251402854015
t210_n8,FloorPlan210,living,8,uniform_risk_none,256,141.0,121.0,142.2178184922511,154.72628644602048,0.8581560283687943,1.008637010583341,1.0973495492625567,256,1.0,45.863358333333736,45.86418562879165,12.141865666667565,30.43403166666714,-20.625815602836884,-0.1176251402854015
t210_n8,FloorPlan210,living,8,uniform_random,32,141.0,154.0,172.22918833727346,185.17396375098502,1.0921985815602837,1.2214836052288898,1.3132905230566314,32,1.0,5.574950999999828,5.575381219387054,1.5043809999989814,3.757997333334965,9.821861702127649,0.05601222675614714
t210_n8,FloorPlan210,living,8,uniform_random,64,141.0,140.0,158.14884817441555,170.43813370107696,0.9929078014184398,1.1216230366979827,1.20878109007856,64,1.0,11.092905999999717,11.09334360808134,3.011748666666314,7.382911666666381,-4.913968347780411,-0.0280234356495553
t210_n8,FloorPlan210,living,8,uniform_random,128,141.0,132.33333333333334,154.04710664565275,167.3619693984765,0.9385342789598109,1.0925326712457641,1.1869643219750106,128,1.0,22.593920666666694,22.594444764157135,6.044192999999846,15.08138300000065,-7.990132650380882,-0.04556622108901002
t210_n8,FloorPlan210,living,8,uniform_random,256,141.0,130.66666666666666,150.91147622800105,164.12724553454163,0.9267139479905437,1.0702941576453975,1.1640230179754727,256,1.0,45.36705333333302,45.37340315679709,12.076287666668387,30.277044000003528,-11.224856514315737,-0.06401324183264263
t211_n4,FloorPlan211,living,4,llm_nominal_none,32,46.0,44.666666666666664,50.202415458937196,54.00419484702093,0.9710144927536232,1.0913568578029826,1.1740042358048028,32,1.0,3.514926666666677,3.515619784593582,0.9669830000014201,2.280985999999411,-0.7951771336553956,-0.014510697931644093
t211_n4,FloorPlan211,living,4,llm_nominal_none,64,46.0,44.0,49.41895330112721,53.02398550724637,0.9565217391304348,1.074325071763635,1.1526953371140516,64,1.0,7.310990666666406,7.311718227962653,1.935320333335433,4.75074833333385,-1.7753864734299516,-0.03239793467078419
t211_n4,FloorPlan211,living,4,llm_nominal_none,128,46.0,43.333333333333336,49.15719806763285,53.06656602254428,0.9420289855072463,1.0686347406007142,1.153621000490093,128,1.0,14.999049666666467,14.999828611811003,3.872668333338917,9.602993666667873,-1.732805958132045,-0.03162090906339362
t211_n4,FloorPlan211,living,4,llm_nominal_none,256,46.0,42.666666666666664,48.895442834138485,53.109146537842186,0.927536231884058,1.0629444094377931,1.1545466638661346,256,1.0,30.595226666666402,30.596100414792698,7.740223333338865,19.34199000000299,-1.6902254428341383,-0.030843883456003047
t211_n4,FloorPlan211,living,4,llm_risk_none,32,46.0,44.666666666666664,50.202415458937196,54.00419484702093,0.9710144927536232,1.0913568578029826,1.1740042358048028,32,1.0,3.510119000000126,3.510672909518083,0.9650060000009711,2.278499333332462,-0.7951771336553956,-0.014510697931644093
t211_n4,FloorPlan211,living,4,llm_risk_none,64,46.0,44.0,49.41895330112721,53.02398550724637,0.9565217391304348,1.074325071763635,1.1526953371140516,64,1.0,7.066589333333558,7.067181480427583,1.9213006666681427,4.531190666663558,-1.7753864734299516,-0.03239793467078419
t211_n4,FloorPlan211,living,4,llm_risk_none,128,46.0,43.333333333333336,49.15719806763285,53.06656602254428,0.9420289855072463,1.0686347406007142,1.153621000490093,128,1.0,14.638472666666699,14.639098818103472,3.8566913333326625,9.33788933332913,-1.732805958132045,-0.03162090906339362
t211_n4,FloorPlan211,living,4,llm_risk_none,256,46.0,42.666666666666664,48.895442834138485,53.109146537842186,0.927536231884058,1.0629444094377931,1.1545466638661346,256,1.0,30.59856399999994,30.59929609298706,7.726690333332027,19.42104833333147,-1.6902254428341383,-0.030843883456003047
t211_n4,FloorPlan211,living,4,llm_risk_nominal,32,46.0,44.666666666666664,50.202415458937196,54.00419484702093,0.9710144927536232,1.0913568578029826,1.1740042358048028,18.666666666666668,0.5833333333333334,3.093750666666395,3.094328877826532,0.5746566666662289,2.2820953333354175,-0.7951771336553956,-0.014510697931644093
t211_n4,FloorPlan211,living,4,llm_risk_nominal,64,46.0,44.0,49.41895330112721,53.02398550724637,0.9565217391304348,1.074325071763635,1.1526953371140516,29.333333333333332,0.4583333333333333,5.932070999999854,5.932668534417947,0.9047146666662323,4.4919273333346625,-1.7753864734299516,-0.03239793467078419
t211_n4,FloorPlan211,living,4,llm_risk_nominal,128,46.0,43.333333333333336,49.15719806763285,53.06656602254428,0.9420289855072463,1.0686347406007142,1.153621000490093,38,0.296875,11.551450999999583,11.552089514831701,1.183748999998772,9.138175000003615,-1.732805958132045,-0.03162090906339362
t211_n4,FloorPlan211,living,4,llm_risk_nominal,256,46.0,42.666666666666664,48.895442834138485,53.109146537842186,0.927536231884058,1.0629444094377931,1.1545466638661346,51.666666666666664,0.20182291666666666,23.003430999999647,23.004124251504738,1.620558999998245,18.465720000004165,-1.6902254428341383,-0.030843883456003047
t211_n4,FloorPlan211,living,4,llm_risk_critical,32,46.0,44.666666666666664,50.202415458937196,54.00419484702093,0.9710144927536232,1.0913568578029826,1.1740042358048028,17.666666666666668,0.5520833333333334,3.1970333333329513,3.200314318140348,0.5501736666682078,2.3279930000003426,-0.7951771336553956,-0.014510697931644093
t211_n4,FloorPlan211,living,4,llm_risk_critical,64,46.0,44.0,49.41895330112721,53.02398550724637,0.9565217391304348,1.074325071763635,1.1526953371140516,25.666666666666668,0.4010416666666667,6.038116333333399,6.041433351735274,0.7971496666681807,4.547945333332137,-1.7753864734299516,-0.03239793467078419
t211_n4,FloorPlan211,living,4,llm_risk_critical,128,46.0,43.333333333333336,49.15719806763285,53.06656602254428,0.9420289855072463,1.0686347406007142,1.153621000490093,31,0.2421875,11.775984999999878,11.779312044382095,0.9694226666689213,9.243616999999796,-1.732805958132045,-0.03162090906339362
t211_n4,FloorPlan211,living,4,llm_risk_critical,256,46.0,42.666666666666664,48.895442834138485,53.109146537842186,0.927536231884058,1.0629444094377931,1.1545466638661346,38,0.1484375,32.44357966666674,32.44699351489544,1.1920780000013547,27.671070333332715,-1.6902254428341383,-0.030843883456003047
t211_n4,FloorPlan211,living,4,uniform_nominal_none,32,46.0,46.666666666666664,53.5292270531401,58.14915458937198,1.0144927536231885,1.1636788489813066,1.2641120562906951,32,1.0,3.5080433333334327,3.5086447993914285,0.9542366666656458,2.2998876666662227,3.349782608695653,0.061128120407600184
t211_n4,FloorPlan211,living,4,uniform_nominal_none,64,46.0,45.666666666666664,52.17971014492754,56.46952495974235,0.9927536231884059,1.134341524889729,1.2275983686900511,64,1.0,7.026510666666634,7.027121881643931,1.8905560000002097,4.541037999999276,1.6701529790660221,0.030477593423058964
t211_n4,FloorPlan211,living,4,uniform_nominal_none,128,46.0,42.666666666666664,48.44913043478261,52.1687077294686,0.927536231884058,1.053241965973535,1.1341023419449696,128,1.0,14.567297999999932,14.567967193822065,3.8126833333335477,9.33964833333345,-2.6306642512077283,-0.048005372253816514
t211_n4,FloorPlan211,living,4,uniform_nominal_none,256,46.0,41.0,46.71299516908213,50.687165861513684,0.891304347826087,1.0154998949800462,1.1018949100329063,256,1.0,30.15032933333354,30.15109213689963,7.668388333329427,19.160629333338026,-4.11220611916264,-0.07504111763566763
t211_n4,FloorPlan211,living,4,uniform_risk_none,32,46.0,46.666666666666664,53.5292270531401,58.14915458937198,1.0144927536231885,1.1636788489813066,1.2641120562906951,32,1.0,3.5403746666669753,3.5408263405164084,0.9512569999999462,2.32150599999977,3.349782608695653,0.061128120407600184
t211_n4,FloorPlan211,living,4,uniform_risk_none,64,46.0,47.0,53.47834138486313,57.9676731078905,1.0217391304347827,1.1625726388013724,1.2601668066932716,64,1.0,7.179251666666886,7.17973243445158,1.9218183333344168,4.618970000000111,3.1683011272141712,0.05781637658788127
t211_n4,FloorPlan211,living,4,uniform_risk_none,128,46.0,41.333333333333336,47.78219001610306,51.6805193236715,0.8985507246376812,1.038743261219632,1.1234895505145976,128,1.0,14.697679666666907,14.69818347444137,3.8510926666666854,9.462560999999722,-3.118852657004832,-0.05691402189982431
t211_n4,FloorPlan211,living,4,uniform_risk_none,256,46.0,40.666666666666664,46.79268921095008,50.67208534621578,0.8840579710144928,1.0172323741510887,1.1015670727438212,256,1.0,30.43583333333366,30.436416467030842,7.704091666664266,19.480312999996602,-4.127286634460549,-0.07531631267445797
t211_n4,FloorPlan211,living,4,uniform_random,32,46.0,46.0,54.22222222222222,59.13194444444444,1.0,1.178743961352657,1.2854770531400965,32,1.0,3.488385333332881,3.488987684249878,0.9440890000010546,2.2875813333333994,4.332572463768116,0.07906244738162127
t211_n4,FloorPlan211,living,4,uniform_random,64,46.0,44.333333333333336,50.272222222222226,54.25277777777778,0.963768115942029,1.0928743961352658,1.1794082125603864,64,1.0,7.03075633333287,7.031364366412163,1.9078093333349717,4.559071666665915,-0.546594202898549,-0.009974461077606725
t211_n4,FloorPlan211,living,4,uniform_random,128,46.0,43.333333333333336,49.09236714975845,52.798425925925926,0.9420289855072463,1.067225372820836,1.1477918679549115,128,1.0,14.435590666666442,14.436244033277035,3.831741666672587,9.436038333329991,-2.0009460547504005,-0.03651403259613972
t211_n4,FloorPlan211,living,4,uniform_random,256,46.0,38.666666666666664,45.40903381642512,49.3307729468599,0.8405797101449275,0.98715290905272,1.0724081075404328,256,1.0,29.253471333333298,29.256841478248436,7.653535000009685,19.215278999994645,-5.4685990338164245,-0.099793096821343
t211_n6,FloorPlan211,living,6,llm_nominal_none,32,61.0,54.333333333333336,61.652795992714026,66.85734137826351,0.8907103825136612,1.0107015736510496,1.0960219898075985,32,1.0,4.3831879999996675,4.383827559649944,1.2236116666688446,2.889135000000801,-7.080192774741962,-0.09575911417454486
t211_n6,FloorPlan211,living,6,llm_nominal_none,64,61.0,54.333333333333336,61.652795992714026,66.85734137826351,0.8907103825136612,1.0107015736510496,1.0960219898075985,64,1.0,9.13939899999979,9.140057489275932,2.445438333336547,6.06340533333564,-7.080192774741962,-0.09575911417454486
t211_n6,FloorPlan211,living,6,llm_nominal_none,128,61.0,49.333333333333336,56.515303582270796,61.34575060716454,0.8087431693989071,0.9264803865946032,1.0056680427404023,128,1.0,18.3321783333333,18.33288309474786,4.8854563333365535,12.052754000003496,-12.591783545840933,-0.17030299549594993
t211_n6,FloorPlan211,living,6,llm_nominal_none,256,61.0,48.333333333333336,55.65435944140862,60.47596690953248,0.7923497267759563,0.9123665482198134,0.9914092935988931,256,1.0,37.44160066666661,37.44242464502653,9.78457566666909,24.490481000005577,-13.461567243472992,-0.1820667594298693
t211_n6,FloorPlan211,living,6,llm_risk_none,32,61.0,58.0,65.12026108075288,70.40759107468124,0.9508196721311475,1.0675452636188998,1.154222804502971,32,1.0,4.458151333333345,4.458528012037277,1.230117666666845,2.9570283333348137,-3.5299430783242323,-0.047742234289547825
t211_n6,FloorPlan211,living,6,llm_risk_none,64,61.0,53.666666666666664,61.10645415907711,66.3253066180935,0.8797814207650273,1.001745150148805,1.087300108493336,64,1.0,8.921797999999962,8.922201270858446,2.4501016666684805,5.852088000002513,-7.612227534911966,-0.10295484725199666
t211_n6,FloorPlan211,living,6,llm_risk_none,128,61.0,48.666666666666664,56.26907407407408,61.262893139040685,0.7978142076502732,0.9224438372799029,1.004309723590831,128,1.0,18.196366666666464,18.1968342512846,4.891480000000392,11.877237333336529,-12.67464101396479,-0.17142363698167207
t211_n6,FloorPlan211,living,6,llm_risk_none,256,61.0,47.666666666666664,55.004444444444445,59.90075288403157,0.7814207650273224,0.901712204007286,0.9819795554759274,256,1.0,36.85963266666666,36.86019933472077,9.785966000002588,24.082577999999504,-14.036781268973902,-0.18984648906367843
t211_n6,FloorPlan211,living,6,llm_risk_nominal,32,61.0,58.0,65.12026108075288,70.40759107468124,0.9508196721311475,1.0675452636188998,1.154222804502971,13.666666666666666,0.4270833333333333,3.577110333333522,3.577724409600099,0.5318673333309931,2.8142656666689803,-3.5299430783242323,-0.047742234289547825
t211_n6,FloorPlan211,living,6,llm_risk_nominal,64,61.0,53.666666666666664,61.10645415907711,66.3253066180935,0.8797814207650273,1.001745150148805,1.087300108493336,24.333333333333332,0.3802083333333333,7.295332333333349,7.2959720467527704,0.9509763333310772,5.811532666670931,-7.612227534911966,-0.10295484725199666
t211_n6,FloorPlan211,living,6,llm_risk_nominal,128,61.0,48.666666666666664,56.26907407407408,61.262893139040685,0.7978142076502732,0.9224438372799029,1.004309723590831,40.333333333333336,0.3151041666666667,14.400536999999916,14.40119898567597,1.5776686666644224,11.600196666669818,-12.67464101396479,-0.17142363698167207
t211_n6,FloorPlan211,living,6,llm_risk_nominal,256,61.0,47.666666666666664,55.004444444444445,59.90075288403157,0.7814207650273224,0.901712204007286,0.9819795554759274,61.333333333333336,0.23958333333333334,28.70604166666683,28.706799261271954,2.4332826666653893,23.712138666670175,-14.036781268973902,-0.18984648906367843
t211_n6,FloorPlan211,living,6,llm_risk_critical,32,61.0,58.0,65.12026108075288,70.40759107468124,0.9508196721311475,1.0675452636188998,1.154222804502971,11.333333333333334,0.3541666666666667,3.59761299999987,3.5981815308332443,0.4380293333330343,2.854128000001251,-3.5299430783242323,-0.047742234289547825
t211_n6,FloorPlan211,living,6,llm_risk_critical,64,61.0,53.666666666666664,61.10645415907711,66.3253066180935,0.8797814207650273,1.001745150148805,1.087300108493336,19,0.296875,7.302084666667004,7.302676637967427,0.7367513333334704,5.877604999999638,-7.612227534911966,-0.10295484725199666
t211_n6,FloorPlan211,living,6,llm_risk_critical,128,61.0,48.666666666666664,56.26907407407408,61.262893139040685,0.7978142076502732,0.9224438372799029,1.004309723590831,28.333333333333332,0.22135416666666666,14.269993000000389,14.270635632177195,1.1075163333330214,11.631908666664673,-12.67464101396479,-0.17142363698167207
t211_n6,FloorPlan211,living,6,llm_risk_critical,256,61.0,47.666666666666664,55.004444444444445,59.90075288403157,0.7814207650273224,0.901712204007286,0.9819795554759274,44.333333333333336,0.17317708333333334,28.315536333333096,28.316219958166283,1.7380283333337705,23.43311366666434,-14.036781268973902,-0.18984648906367843
t211_n6,FloorPlan211,living,6,uniform_nominal_none,32,61.0,58.0,65.93814814814814,71.14157103825137,0.9508196721311476,1.0809532483302975,1.1662552629221536,32,1.0,4.527461999999834,4.527990706264973,1.2059166666666954,3.052649666666222,-2.7959631147541018,-0.0378152064006918
t211_n6,FloorPlan211,living,6,uniform_nominal_none,64,61.0,53.666666666666664,61.11890406800243,66.16403612629023,0.8797814207650273,1.0019492470164333,1.084656329939184,64,1.0,8.968387000000059,8.968911444147428,2.4178693333336554,5.952976333333027,-7.7734980267152425,-0.10513601942186572
t211_n6,FloorPlan211,living,6,uniform_nominal_none,128,61.0,53.666666666666664,60.78155130540377,65.5109365513054,0.8797814207650273,0.9964188738590781,1.0739497795295967,128,1.0,18.2252656666666,18.225859229763348,4.832371999998604,12.005161666667282,-8.426597601700069,-0.11396914568806375
t211_n6,FloorPlan211,living,6,uniform_nominal_none,256,61.0,52.666666666666664,59.40700667880996,63.82573391013965,0.8633879781420765,0.9738853553903272,1.0463235067236007,256,1.0,37.22312633333343,37.22546094407638,9.697700999998856,24.393978333333937,-10.111800242865824,-0.1367613940429848
t211_n6,FloorPlan211,living,6,uniform_risk_none,32,61.0,58.0,65.84489981785063,70.9703233151184,0.9508196721311476,1.0794245871778794,1.1634479231986623,32,1.0,4.33809366666645,4.338496675093968,1.2012106666669335,2.869444333333545,-2.967210837887071,-0.04013131992942531
t211_n6,FloorPlan211,living,6,uniform_risk_none,64,61.0,56.333333333333336,64.20233758348513,69.35523907103826,0.9234972677595629,1.0524973374341824,1.1369711323121026,64,1.0,8.878087666666682,8.878523483872414,2.413689333333006,5.872407333333089,-4.582295081967217,-0.06197522184719698
t211_n6,FloorPlan211,living,6,uniform_risk_none,128,61.0,52.666666666666664,59.93924104432301,64.95772161505768,0.8633879781420765,0.9826105089233281,1.0648806822140604,128,1.0,18.282491999999984,18.28296948224306,4.875848000002255,12.067338666666613,-8.979812537947792,-0.1214513391718619
t211_n6,FloorPlan211,living,6,uniform_risk_none,256,61.0,52.0,59.449930176077714,64.44664465695203,0.8524590163934427,0.9745890192799626,1.0565023714254431,256,1.0,36.99090733333321,36.99697150538365,9.723448000003168,24.290083333332824,-9.49088949605344,-0.12836361943601068
t211_n6,FloorPlan211,living,6,uniform_random,32,61.0,63.0,70.51615664845173,75.65526639344263,1.0327868852459017,1.1560025680074053,1.240250268744961,32,1.0,4.33097099999961,4.331354672710101,1.1916323333321561,2.861963333331552,1.7177322404371533,0.023232208919525155
t211_n6,FloorPlan211,living,6,uniform_random,64,61.0,61.0,69.4684335154827,75.2148649058895,1.0,1.1388267789423392,1.2330305722276966,64,1.0,8.889570666666438,8.889960125088692,2.391428666664789,5.883746999998311,1.2773307528840216,0.017275809472367953
t211_n6,FloorPlan211,living,6,uniform_random,128,61.0,57.0,65.01059502125077,70.34705221615059,0.9344262295081968,1.0657474593647664,1.15323036419919,128,1.0,18.077114333333515,18.077571255465347,4.814395666663529,11.966065333330592,-3.5904819368548906,-0.04856101813491357
t211_n6,FloorPlan211,living,6,uniform_random,256,61.0,53.666666666666664,61.37528536733455,66.33943230115362,0.8797814207650273,1.0061522191366319,1.087531677068092,256,1.0,44.24187300000012,44.24250374237696,9.660185333330832,31.920769333330174,-7.5981018518518555,-0.10276379837239946
t211_n8,FloorPlan211,living,8,llm_nominal_none,32,72.0,73.66666666666667,84.09116255144033,90.9508024691358,1.0231481481481481,1.167932813214449,1.2632055898491084,32,1.0,5.478565666666786,5.4822977011402445,1.506194666668866,3.6724960000006726,-3.3787037037037018,-0.03581810019775696
t211_n8,FloorPlan211,living,8,llm_nominal_none,64,72.0,68.0,78.19800411522634,84.72090534979424,0.9444444444444444,1.0860833904892546,1.1766792409693643,64,1.0,11.047172333333558,11.054594069719315,3.0111233333368994,7.369398000002765,-9.60860082304527,-0.10186209186168615
t211_n8,FloorPlan211,living,8,llm_nominal_none,128,72.0,66.0,76.68998971193416,83.2273353909465,0.9166666666666666,1.0651387459990855,1.1559352137631458,128,1.0,22.617696666666614,22.625201071302097,6.037523666668025,15.082730333337993,-11.102170781893003,-0.11769563132823517
t211_n8,FloorPlan211,living,8,llm_nominal_none,256,72.0,63.666666666666664,74.67100823045267,81.10954732510288,0.8842592592592592,1.037097336534065,1.1265214906264287,256,1.0,45.852776333333324,45.86042774220308,12.115095333334658,30.34801433333782,-13.219958847736626,-0.14014659234528118
t211_n8,FloorPlan211,living,8,llm_risk_none,32,72.0,73.66666666666667,84.3038683127572,91.34433127572017,1.0231481481481481,1.1708870598994057,1.2686712677183356,32,1.0,5.552768333333328,5.5532073602080345,1.5349243333346863,3.723213000000669,-2.985174897119341,-0.03164624748113931
t211_n8,FloorPlan211,living,8,llm_risk_none,64,72.0,73.0,83.37047325102881,90.32318930041151,1.0138888888888888,1.1579232395976224,1.2544887402834932,64,1.0,11.085102333333374,11.085562407970428,3.0207273333369145,7.40669400000075,-4.006316872427983,-0.04247151326210937
t211_n8,FloorPlan211,living,8,llm_risk_none,128,72.0,63.0,73.65861111111111,79.95844650205761,0.875,1.0230362654320988,1.1105339791952447,128,1.0,33.21115899999979,33.21383148431778,6.010748666669248,25.773747666665514,-14.371059670781895,-0.15234956965055949
t211_n8,FloorPlan211,living,8,llm_risk_none,256,72.0,57.0,67.23388888888888,72.98688271604938,0.7916666666666666,0.933804012345679,1.0137067043895747,256,1.0,56.166607000000056,56.17588758468628,12.031979000005855,41.06207666666428,-21.342623456790125,-0.2262560711139963
t211_n8,FloorPlan211,living,8,llm_risk_nominal,32,72.0,73.66666666666667,84.3038683127572,91.34433127572017,1.0231481481481481,1.1708870598994057,1.2686712677183356,20.333333333333332,0.6354166666666666,4.81699599999974,4.817659656206767,0.9761203333328675,3.565540999999802,-2.985174897119341,-0.03164624748113931
t211_n8,FloorPlan211,living,8,llm_risk_nominal,64,72.0,73.0,83.37047325102881,90.32318930041151,1.0138888888888888,1.1579232395976224,1.2544887402834932,35.333333333333336,0.5520833333333334,9.549750333333348,9.550463408231735,1.681982333332203,7.267165999998919,-4.006316872427983,-0.04247151326210937
t211_n8,FloorPlan211,living,8,llm_risk_nominal,128,72.0,63.0,73.65861111111111,79.95844650205761,0.875,1.0230362654320988,1.1105339791952447,59.666666666666664,0.4661458333333333,18.722357999999772,18.723121533791225,2.807977000000387,14.63706199999463,-14.371059670781895,-0.15234956965055949
t211_n8,FloorPlan211,living,8,llm_risk_nominal,256,72.0,57.0,67.23388888888888,72.98688271604938,0.7916666666666666,0.933804012345679,1.0137067043895747,87,0.33984375,36.02768399999986,36.043500527739525,4.117564000000407,29.272107333325675,-21.342623456790125,-0.2262560711139963
t211_n8,FloorPlan211,living,8,llm_risk_critical,32,72.0,73.66666666666667,84.3038683127572,91.34433127572017,1.0231481481481481,1.1708870598994057,1.2686712677183356,15.333333333333334,0.4791666666666667,4.649388333333171,4.650203821559747,0.7458400000013299,3.5651716666699564,-2.985174897119341,-0.03164624748113931
t211_n8,FloorPlan211,living,8,llm_risk_critical,64,72.0,73.0,83.37047325102881,90.32318930041151,1.0138888888888888,1.1579232395976224,1.2544887402834932,27,0.421875,16.619310666666703,16.620074088374775,1.2919746666681202,14.58044833333568,-4.006316872427983,-0.04247151326210937
t211_n8,FloorPlan211,living,8,llm_risk_critical,128,72.0,63.0,73.65861111111111,79.95844650205761,0.875,1.0230362654320988,1.1105339791952447,44.333333333333336,0.3463541666666667,25.543556666666706,25.544443167746067,2.086198000001538,21.88224600000351,-14.371059670781895,-0.15234956965055949
t211_n8,FloorPlan211,living,8,llm_risk_critical,256,72.0,57.0,67.23388888888888,72.98688271604938,0.7916666666666666,0.933804012345679,1.0137067043895747,61.333333333333336,0.23958333333333334,42.35841999999993,42.35941978792349,2.8810626666686545,36.23483100000454,-21.342623456790125,-0.2262560711139963
t211_n8,FloorPlan211,living,8,uniform_nominal_none,32,72.0,60.333333333333336,70.3329012345679,76.80058641975309,0.837962962962963,0.9768458504801097,1.0666748113854594,32,1.0,5.500526666666635,5.504649753371875,1.5101449999989451,3.7054479999989454,-17.528919753086416,-0.18582647640461789
t211_n8,FloorPlan211,living,8,uniform_nominal_none,64,72.0,58.666666666666664,68.74293209876544,75.1033024691358,0.8148148148148148,0.9547629458161866,1.0431014231824418,64,1.0,11.062301333333302,11.066441424190998,3.0128950000000523,7.420943999999412,-19.2262037037037,-0.20381961576768584
t211_n8,FloorPlan211,living,8,uniform_nominal_none,128,72.0,57.0,67.15296296296296,73.40601851851852,0.7916666666666666,0.9326800411522633,1.019528034979424,128,1.0,22.421924666666666,22.426134285827477,6.059242333333141,14.924235333332389,-20.92348765432098,-0.22181275513075382
t211_n8,FloorPlan211,living,8,uniform_nominal_none,256,72.0,57.0,67.15296296296296,73.40601851851852,0.7916666666666666,0.9326800411522633,1.019528034979424,256,1.0,45.60314499999999,45.607488291958965,12.106951333333171,30.153585333333528,-20.92348765432098,-0.22181275513075382
t211_n8,FloorPlan211,living,8,uniform_risk_none,32,72.0,63.333333333333336,72.89185185185185,79.25875514403292,0.8796296296296297,1.0123868312757203,1.100816043667124,32,1.0,5.523174666666482,5.523735657334328,1.511938666667767,3.7216120000008366,-15.070751028806583,-0.15976709346058185
t211_n8,FloorPlan211,living,8,uniform_risk_none,64,72.0,61.666666666666664,71.340658436214,77.80567901234568,0.8564814814814815,0.9908424782807499,1.0806344307270233,64,1.0,11.055318333333434,11.055932069818178,3.0228540000024986,7.38625066666702,-16.523827160493823,-0.17517135232550984
t211_n8,FloorPlan211,living,8,uniform_risk_none,128,72.0,60.333333333333336,70.05342592592592,76.3387037037037,0.837962962962963,0.9729642489711934,1.0602597736625514,128,1.0,22.5017739999999,22.502460827430088,6.040941000002853,15.017045666665988,-17.9908024691358,-0.19072295826685806
t211_n8,FloorPlan211,living,8,uniform_risk_none,256,72.0,58.333333333333336,68.34365226337448,74.62762345679012,0.8101851851851851,0.9492173925468679,1.0364947702331961,256,1.0,45.16080533333344,45.16162071377039,12.088025666668223,29.90486000000055,-19.70188271604938,-0.20886235405441125
t211_n8,FloorPlan211,living,8,uniform_random,32,72.0,71.0,80.90576131687243,87.81197530864198,0.9861111111111112,1.123691129401006,1.219610768175583,32,1.0,5.594812666666431,5.59534536053737,1.5020123333317297,3.7857770000006377,-6.517530864197529,-0.06909323634383806
t211_n8,FloorPlan211,living,8,uniform_random,64,72.0,68.66666666666667,79.05093621399178,85.96255144032921,0.9537037037037037,1.0979296696387746,1.193924325560128,64,1.0,11.139479666666396,11.140087619423866,3.001490333331821,7.452311000000655,-8.366954732510289,-0.08869923178840307
t211_n8,FloorPlan211,living,8,uniform_random,128,72.0,68.33333333333333,77.73333333333333,84.27272633744856,0.9490740740740741,1.0796296296296297,1.1704545324645632,128,1.0,22.671746666666753,22.672428439060848,6.02680399999637,15.18835133333211,-10.056779835390946,-0.10661329888618261
t211_n8,FloorPlan211,living,8,uniform_random,256,72.0,65.66666666666667,75.62404320987655,82.19782921810699,0.912037037037037,1.0503339334705075,1.1416365169181528,256,1.0,45.45954033333347,45.462881214916706,12.110722666659987,30.3243926666615,-12.131676954732507,-0.12860956711152174
t212_n4,FloorPlan212,living,4,llm_nominal_none,32,34.0,34.0,39.342810457516336,42.33039215686274,1.0,1.1571414840445982,1.245011534025375,32,1.0,3.513001333333321,3.513712746401628,0.9562669999999921,2.2839350000000516,0.0,0.0
t212_n4,FloorPlan212,living,4,llm_nominal_none,64,34.0,34.0,39.342810457516336,42.33039215686274,1.0,1.1571414840445982,1.245011534025375,64,1.0,7.106083333333402,7.106834712127845,1.9037979999995496,4.556176333331052,0.0,0.0
t212_n4,FloorPlan212,living,4,llm_nominal_none,128,34.0,34.0,39.342810457516336,42.33039215686274,1.0,1.1571414840445982,1.245011534025375,128,1.0,14.761284000000133,14.76206568380197,3.8100783333326524,9.327653666665547,0.0,0.0
t212_n4,FloorPlan212,living,4,llm_nominal_none,256,34.0,34.0,39.342810457516336,42.33039215686274,1.0,1.1571414840445982,1.245011534025375,256,1.0,38.35286599999973,38.35377066085736,7.709783333335866,26.46639533333713,0.0,0.0
t212_n4,FloorPlan212,living,4,llm_risk_none,32,34.0,34.0,39.342810457516336,42.33039215686274,1.0,1.1571414840445982,1.245011534025375,32,1.0,3.471709000000267,3.4702358146508536,0.9438173333344105,2.2571843333324773,0.0,0.0
t212_n4,FloorPlan212,living,4,llm_risk_none,64,34.0,34.0,39.342810457516336,42.33039215686274,1.0,1.1571414840445982,1.245011534025375,64,1.0,6.98435133333349,6.9849978511532145,1.8867856666687406,4.486963333333094,0.0,0.0
t212_n4,FloorPlan212,living,4,llm_risk_none,128,34.0,34.0,39.342810457516336,42.33039215686274,1.0,1.1571414840445982,1.245011534025375,128,1.0,14.57364233333358,14.574342096845308,3.7877760000008345,9.258963000000916,0.0,0.0
t212_n4,FloorPlan212,living,4,llm_risk_none,256,34.0,34.0,39.342810457516336,42.33039215686274,1.0,1.1571414840445982,1.245011534025375,256,1.0,30.632518999999785,30.637010621527832,7.595578333336424,19.046904999998837,0.0,0.0
t212_n4,FloorPlan212,living,4,llm_risk_nominal,32,34.0,34.0,39.342810457516336,42.33039215686274,1.0,1.1571414840445982,1.245011534025375,18,0.5625,2.990567666666758,2.9975262780984244,0.536369666667369,2.2155706666682207,0.0,0.0
t212_n4,FloorPlan212,living,4,llm_risk_nominal,64,34.0,34.0,39.342810457516336,42.33039215686274,1.0,1.1571414840445982,1.245011534025375,28,0.4375,5.735907666666762,5.742903798818588,0.8359503333338717,4.378804000002272,0.0,0.0
t212_n4,FloorPlan212,living,4,llm_risk_nominal,128,34.0,34.0,39.342810457516336,42.33039215686274,1.0,1.1571414840445982,1.245011534025375,36.666666666666664,0.2864583333333333,11.346520333333387,11.353546132644018,1.105129666667833,8.961676000003157,0.0,0.0
t212_n4,FloorPlan212,living,4,llm_risk_nominal,256,34.0,34.0,39.342810457516336,42.33039215686274,1.0,1.1571414840445982,1.245011534025375,43,0.16796875,22.63935666666672,22.646433984239895,1.3034293333342717,17.965911666668017,0.0,0.0
t212_n4,FloorPlan212,living,4,llm_risk_critical,32,34.0,34.0,39.342810457516336,42.33039215686274,1.0,1.1571414840445982,1.245011534025375,13.666666666666666,0.4270833333333333,2.965903666666788,2.96662375330925,0.4122519999990952,2.247842666665297,0.0,0.0
t212_n4,FloorPlan212,living,4,llm_risk_critical,64,34.0,34.0,39.342810457516336,42.33039215686274,1.0,1.1571414840445982,1.245011534025375,19.333333333333332,0.3020833333333333,5.644410000000081,5.6451428681612015,0.5828859999983393,4.396705666664206,0.0,0.0
t212_n4,FloorPlan212,living,4,llm_risk_critical,128,34.0,34.0,39.342810457516336,42.33039215686274,1.0,1.1571414840445982,1.245011534025375,26.333333333333332,0.20572916666666666,11.37886633333333,11.379624716937542,0.7979766666646645,8.987436999995602,0.0,0.0
t212_n4,FloorPlan212,living,4,llm_risk_critical,256,34.0,34.0,39.342810457516336,42.33039215686274,1.0,1.1571414840445982,1.245011534025375,31.666666666666668,0.12369791666666667,23.054886000000014,23.055683821439743,0.9596009999981447,18.065233666662312,0.0,0.0
t212_n4,FloorPlan212,living,4,uniform_nominal_none,32,34.0,35.0,39.94135076252723,43.18544662309368,1.0294117647058822,1.1747456106625656,1.270160194796873,32,1.0,3.553378000000329,3.5541836793224015,0.9633573333334885,2.3209653333307045,0.8550544662309392,0.020199540393162036
t212_n4,FloorPlan212,living,4,uniform_nominal_none,64,34.0,34.0,39.28037037037037,42.67355664488018,1.0,1.155305010893246,1.2551046072023582,64,1.0,7.162188000000273,7.163022334376971,1.9286709999999374,4.608554333329629,0.34316448801743366,0.00810681098218454
t212_n4,FloorPlan212,living,4,uniform_nominal_none,128,34.0,34.0,38.919934640522875,42.04871459694989,1.0,1.1447039600153786,1.236726899910291,128,1.0,15.132025333333724,15.137827644745508,3.9162466666669005,9.61027633333226,-0.2816775599128505,-0.006654262943490918
t212_n4,FloorPlan212,living,4,uniform_nominal_none,256,34.0,34.0,38.919934640522875,42.04871459694989,1.0,1.1447039600153786,1.236726899910291,256,1.0,31.84220333333343,31.848107775052387,7.778067333333342,20.005118333333034,-0.2816775599128505,-0.006654262943490918
t212_n4,FloorPlan212,living,4,uniform_risk_none,32,34.0,35.0,39.94135076252723,43.18544662309368,1.0294117647058822,1.1747456106625656,1.270160194796873,32,1.0,3.4776993333330473,3.4783206259210906,0.9480690000023273,2.2663349999992497,0.8550544662309392,0.020199540393162036
t212_n4,FloorPlan212,living,4,uniform_risk_none,64,34.0,34.0,39.28037037037037,42.67355664488018,1.0,1.155305010893246,1.2551046072023582,64,1.0,6.987180000000019,6.987806099156539,1.8922100000020592,4.480832333332667,0.34316448801743366,0.00810681098218454
t212_n4,FloorPlan212,living,4,uniform_risk_none,128,34.0,34.0,38.919934640522875,42.04871459694989,1.0,1.1447039600153786,1.236726899910291,128,1.0,14.519098333333424,14.519767214854559,3.8041750000011496,9.252777000000082,-0.2816775599128505,-0.006654262943490918
t212_n4,FloorPlan212,living,4,uniform_risk_none,256,34.0,34.0,38.919934640522875,42.04871459694989,1.0,1.1447039600153786,1.236726899910291,256,1.0,30.35445766666663,30.35523494084676,7.6217396666680886,19.017004333328202,-0.2816775599128505,-0.006654262943490918
t212_n4,FloorPlan212,living,4,uniform_random,32,34.0,37.0,40.69143790849673,43.443545751633984,1.088235294117647,1.1968069973087274,1.2777513456362937,32,1.0,3.44083433333342,3.44131359209617,0.939831999998475,2.2502796666650227,1.1131535947712408,0.026296793817696118
t212_n4,FloorPlan212,living,4,uniform_random,64,34.0,36.0,40.279564270152505,43.291263616557735,1.0588235294117647,1.1846930667691913,1.2732724593105216,64,1.0,6.908285666666754,6.90877220282952,1.8878519999961558,4.475992333331884,0.96087145969499,0.02269932808877158
t212_n4,FloorPlan212,living,4,uniform_random,128,34.0,35.0,39.86769063180828,43.13898148148148,1.0294117647058822,1.1725791362296554,1.2687935729847495,128,1.0,14.093624666666749,14.094134171803793,3.7922023333291457,9.17056199999955,0.8085893246187391,0.01910186235984705
t212_n4,FloorPlan212,living,4,uniform_random,256,34.0,34.0,38.919934640522875,42.04871459694989,1.0,1.1447039600153786,1.236726899910291,256,1.0,28.758953333333597,28.759549061457317,7.568258999991843,18.872272666666728,-0.2816775599128505,-0.006654262943490918
t212_n6,FloorPlan212,living,6,llm_nominal_none,32,55.0,53.333333333333336,60.92643097643097,66.01433080808081,0.9696969696969697,1.1077532904805631,1.2002605601469238,32,1.0,4.733794333333208,4.734461195766926,1.2711740000010963,3.1810796666690657,-1.6691919191919216,-0.024661717533790983
t212_n6,FloorPlan212,living,6,llm_nominal_none,64,55.0,50.0,57.948232323232325,62.96279461279462,0.9090909090909091,1.0536042240587695,1.144778083868993,64,1.0,9.385747333333564,9.386420249938965,2.538472000000939,6.213917333336205,-4.720728114478116,-0.06974708059301298
t212_n6,FloorPlan212,living,6,llm_nominal_none,128,55.0,44.666666666666664,52.18156565656566,56.7505260942761,0.8121212121212121,0.9487557392102847,1.0318277471686563,128,1.0,18.85464066666683,18.855363441010315,5.068276666667278,12.3617720000014,-10.932996632996634,-0.16153114070392852
t212_n6,FloorPlan212,living,6,llm_nominal_none,256,55.0,44.666666666666664,52.18156565656566,56.7505260942761,0.8121212121212121,0.9487557392102847,1.0318277471686563,256,1.0,38.24784000000007,38.251214660704136,10.11409299999381,24.908181333335833,-10.932996632996634,-0.16153114070392852
t212_n6,FloorPlan212,living,6,llm_risk_none,32,55.0,54.0,61.73838383838383,66.96950757575758,0.9818181818181818,1.122516069788797,1.2176274104683198,32,1.0,4.687499999999585,4.687962432702382,1.269622666664046,3.1392956666671523,-0.714015151515151,-0.010549320170468057
t212_n6,FloorPlan212,living,6,llm_risk_none,64,55.0,50.666666666666664,57.97878787878788,62.697958754208756,0.9212121212121211,1.054159779614325,1.1399628864401592,64,1.0,9.255995333332953,9.256469085812569,2.534187333329996,6.086595333333851,-4.985563973063975,-0.07365993630610879
t212_n6,FloorPlan212,living,6,llm_risk_none,128,55.0,47.0,54.31717171717172,58.82411616161616,0.8545454545454545,0.987584940312213,1.0695293847566574,128,1.0,18.915137666666304,18.915661921103794,5.066307333331466,12.427334000003102,-8.859406565656569,-0.13089458421594116
t212_n6,FloorPlan212,living,6,llm_risk_none,256,55.0,44.666666666666664,52.18156565656566,56.7505260942761,0.8121212121212121,0.9487557392102847,1.0318277471686563,256,1.0,38.23363799999976,38.234276697039604,10.118533000002946,24.916628333336927,-10.932996632996634,-0.16153114070392852
t212_n6,FloorPlan212,living,6,llm_risk_nominal,32,55.0,54.0,61.73838383838383,66.96950757575758,0.9818181818181818,1.122516069788797,1.2176274104683198,17,0.53125,3.811726333333413,3.812143268684546,0.6835259999995458,2.882943666665009,-0.714015151515151,-0.010549320170468057
t212_n6,FloorPlan212,living,6,llm_risk_nominal,64,55.0,50.666666666666664,57.97878787878788,62.697958754208756,0.9212121212121211,1.054159779614325,1.1399628864401592,29.666666666666668,0.4635416666666667,7.665569333333326,7.666005752980709,1.1945706666655436,5.913753333332809,-4.985563973063975,-0.07365993630610879
t212_n6,FloorPlan212,living,6,llm_risk_nominal,128,55.0,47.0,54.31717171717172,58.82411616161616,0.8545454545454545,0.987584940312213,1.0695293847566574,46.666666666666664,0.3645833333333333,15.049305666667104,15.049790342648825,1.9010223333308929,11.920595000002088,-8.859406565656569,-0.13089458421594116
t212_n6,FloorPlan212,living,6,llm_risk_nominal,256,55.0,44.666666666666664,52.18156565656566,56.7505260942761,0.8121212121212121,0.9487557392102847,1.0318277471686563,71,0.27734375,29.69128033333342,29.69407755881548,2.886686999998389,24.11699400000818,-10.932996632996634,-0.16153114070392852
t212_n6,FloorPlan212,living,6,llm_risk_critical,32,55.0,54.0,61.73838383838383,66.96950757575758,0.9818181818181818,1.122516069788797,1.2176274104683198,13.666666666666666,0.4270833333333333,3.8073046666668255,3.807780953745047,0.558930000002178,2.9302023333350746,-0.714015151515151,-0.010549320170468057
t212_n6,FloorPlan212,living,6,llm_risk_critical,64,55.0,50.666666666666664,57.97878787878788,62.697958754208756,0.9212121212121211,1.054159779614325,1.1399628864401592,23,0.359375,7.54245666666679,7.542960035304229,0.9265856666681079,5.90669500000196,-4.985563973063975,-0.07365993630610879
t212_n6,FloorPlan212,living,6,llm_risk_critical,128,55.0,47.0,54.31717171717172,58.82411616161616,0.8545454545454545,0.987584940312213,1.0695293847566574,36,0.28125,14.928734666666443,14.929177239537239,1.4553586666679053,11.945204666670447,-8.859406565656569,-0.13089458421594116
t212_n6,FloorPlan212,living,6,llm_risk_critical,256,55.0,44.666666666666664,52.18156565656566,56.7505260942761,0.8121212121212121,0.9487557392102847,1.0318277471686563,50.333333333333336,0.19661458333333334,29.549990333333238,29.550612904131413,2.0539640000005,24.166864000002636,-10.932996632996634,-0.16153114070392852
t212_n6,FloorPlan212,living,6,uniform_nominal_none,32,55.0,57.0,64.52121212121213,69.46694023569023,1.0363636363636364,1.1731129476584023,1.2630352770125497,32,1.0,4.8495393333333565,4.850226143995921,1.322196666666109,3.2349340000017435,1.7834175084175048,0.026349360029673585
t212_n6,FloorPlan212,living,6,uniform_nominal_none,64,55.0,50.666666666666664,58.80117845117845,63.950021043771045,0.9212121212121211,1.0691123354759717,1.1627276553412917,64,1.0,9.43539600000006,9.436091408133507,2.585851333332556,6.217177666668405,-3.7335016835016837,-0.055161160841843825
t212_n6,FloorPlan212,living,6,uniform_nominal_none,128,55.0,50.666666666666664,58.80117845117845,63.950021043771045,0.9212121212121211,1.0691123354759717,1.1627276553412917,128,1.0,18.965836999999947,18.96659843623638,5.111516333332548,12.408751000002086,-3.7335016835016837,-0.055161160841843825
t212_n6,FloorPlan212,living,6,uniform_nominal_none,256,55.0,50.0,58.153956228956226,63.232659932659935,0.9090909090909091,1.057344658708295,1.1496847260483625,256,1.0,38.362139333333545,38.36301248520613,10.155356333329793,24.878739000003296,-4.450862794612793,-0.06575991637650591
t212_n6,FloorPlan212,living,6,uniform_risk_none,32,55.0,54.0,61.85210437710438,66.92851430976431,0.9818181818181818,1.1245837159473524,1.216882078359351,32,1.0,4.455410333333336,4.455881814161937,1.2633573333351578,2.9211376666680167,-0.7550084175084208,-0.011154981110405396
t212_n6,FloorPlan212,living,6,uniform_risk_none,64,55.0,52.666666666666664,60.33880471380471,65.40397727272727,0.9575757575757575,1.0970691766146312,1.1891632231404958,64,1.0,17.304776666666594,17.30533813436826,2.499417666668021,14.199337666667292,-2.279545454545456,-0.03367947415696382
t212_n6,FloorPlan212,living,6,uniform_risk_none,128,55.0,50.666666666666664,58.78855218855219,63.838552188552185,0.9212121212121211,1.0688827670645853,1.160700948882767,128,1.0,26.74896899999979,26.749575821061928,5.003255000003648,20.380175333331252,-3.8449705387205433,-0.056808073572258554
t212_n6,FloorPlan212,living,6,uniform_risk_none,256,55.0,50.0,58.14132996632997,63.121191077441075,0.9090909090909091,1.0571150902969084,1.1476580195898378,256,1.0,45.74833666666667,45.749062982698284,9.99957733333249,32.75386933333291,-4.562331649831653,-0.06740682910692064
t212_n6,FloorPlan212,living,6,uniform_random,32,55.0,53.333333333333336,61.73442760942761,67.06007996632997,0.9696969696969697,1.1224441383532293,1.2192741812059993,32,1.0,4.42773900000019,4.428262822329998,1.22699133333537,2.9194839999998243,-0.6234427609427678,-0.009211145280586272
t212_n6,FloorPlan212,living,6,uniform_random,64,55.0,52.333333333333336,60.443518518518516,65.61706649831649,0.9515151515151514,1.098973063973064,1.1930375726966636,64,1.0,9.047152333333011,9.047694814701876,2.4604506666682604,5.962221666665712,-2.066456228956234,-0.030531156560554867
t212_n6,FloorPlan212,living,6,uniform_random,128,55.0,50.666666666666664,58.73686868686869,63.91828703703703,0.9212121212121211,1.0679430670339762,1.1621506734006735,128,1.0,18.41531433333306,18.41590243081252,4.958576666668139,12.13399433333251,-3.7652356902356963,-0.05563001951608696
t212_n6,FloorPlan212,living,6,uniform_random,256,55.0,48.666666666666664,56.522222222222226,61.404671717171716,0.8848484848484848,1.0276767676767677,1.1164485766758494,256,1.0,37.61098266666648,37.61170214662949,9.937984000002823,24.958623666664497,-6.278851010101015,-0.09276779276695339
t212_n8,FloorPlan212,living,8,llm_nominal_none,32,62.0,62.0,71.37523297491039,77.38495519713261,1.0,1.1512134350791998,1.2481444386634293,32,1.0,5.34149633333314,5.3421917061011,1.4772609999991932,3.5792926666674183,-0.28699820788530417,-0.0036950043780765718
t212_n8,FloorPlan212,living,8,llm_nominal_none,64,62.0,60.666666666666664,70.55277180406212,76.63441158900835,0.978494623655914,1.1379479323235826,1.236038896596909,64,1.0,10.729248666666358,10.729983759423098,2.9432323333328605,7.1534059999998805,-1.0375418160095602,-0.01335799822877289
t212_n8,FloorPlan212,living,8,llm_nominal_none,128,62.0,60.666666666666664,69.53248506571087,75.27508661887694,0.978494623655914,1.1214916946082398,1.2141143003044668,128,1.0,21.951364333333185,21.95217025776704,5.896645999999173,14.62685566666296,-2.3968667861409805,-0.03085884519528685
t212_n8,FloorPlan212,living,8,llm_nominal_none,256,62.0,59.666666666666664,68.26464755077659,73.92588709677419,0.9623655913978495,1.1010427024318803,1.1923530176899064,256,1.0,44.15946966666636,44.163698330521584,11.813348666670128,29.25074733333144,-3.7460663082437264,-0.048229330459992226
t212_n8,FloorPlan212,living,8,llm_risk_none,32,62.0,62.0,71.29555555555555,77.33997311827957,1.0,1.1499283154121862,1.2474189212625737,32,1.0,5.411595666666417,5.4120707015196485,1.469531666668189,3.6580773333326397,-0.33198028673834773,-0.0042741333542526405
t212_n8,FloorPlan212,living,8,llm_risk_none,64,62.0,62.0,71.29555555555555,77.33997311827957,1.0,1.1499283154121862,1.2474189212625737,64,1.0,10.706361333333211,10.706869885325432,2.9474416666677903,7.120999666666054,-0.33198028673834773,-0.0042741333542526405
t212_n8,FloorPlan212,living,8,llm_risk_none,128,62.0,62.0,71.13620071684588,77.25000896057348,1.0,1.1473580760781592,1.2459678864608625,128,1.0,21.832370999999757,21.832944514850777,5.919276333335925,14.469150666666467,-0.4219444444444349,-0.005432391306604778
t212_n8,FloorPlan212,living,8,llm_risk_none,256,62.0,62.0,70.75,76.69636200716846,1.0,1.1411290322580645,1.2370380968898138,256,1.0,44.21798399999973,44.21866747240225,11.86948500000066,29.192941333336126,-0.9755913978494561,-0.012560407651424299
t212_n8,FloorPlan212,living,8,llm_risk_nominal,32,62.0,62.0,71.29555555555555,77.33997311827957,1.0,1.1499283154121862,1.2474189212625737,19,0.59375,4.58299199999986,4.583501257002354,0.8850970000011671,3.4373919999991878,-0.33198028673834773,-0.0042741333542526405
t212_n8,FloorPlan212,living,8,llm_risk_nominal,64,62.0,62.0,71.29555555555555,77.33997311827957,1.0,1.1499283154121862,1.2474189212625737,31,0.484375,9.068705999999871,9.069241272906462,1.4529826666673056,7.04237299999851,-0.33198028673834773,-0.0042741333542526405
t212_n8,FloorPlan212,living,8,llm_risk_nominal,128,62.0,62.0,71.13620071684588,77.25000896057348,1.0,1.1473580760781592,1.2459678864608625,51,0.3984375,18.122077666666254,18.122661858797073,2.4101553333331083,14.421892333329764,-0.4219444444444349,-0.005432391306604778
t212_n8,FloorPlan212,living,8,llm_risk_nominal,256,62.0,62.0,70.75,76.69636200716846,1.0,1.1411290322580645,1.2370380968898138,86,0.3359375,35.51615333333332,35.51684506237507,4.085154333331491,28.65658466666125,-0.9755913978494561,-0.012560407651424299
t212_n8,FloorPlan212,living,8,llm_risk_critical,32,62.0,62.0,71.29555555555555,77.33997311827957,1.0,1.1499283154121862,1.2474189212625737,13.333333333333334,0.4166666666666667,4.379507000000042,4.380030557513237,0.6185826666665525,3.437975333333713,-0.33198028673834773,-0.0042741333542526405
t212_n8,FloorPlan212,living,8,llm_risk_critical,64,62.0,62.0,71.29555555555555,77.33997311827957,1.0,1.1499283154121862,1.2474189212625737,19.666666666666668,0.3072916666666667,8.647997333333398,8.648553242286047,0.916281333332177,7.029356666666746,-0.33198028673834773,-0.0042741333542526405
t212_n8,FloorPlan212,living,8,llm_risk_critical,128,62.0,62.0,71.13620071684588,77.25000896057348,1.0,1.1473580760781592,1.2459678864608625,28.333333333333332,0.22135416666666666,17.147149666666788,17.147737555205822,1.3335866666664604,14.265914666665639,-0.4219444444444349,-0.005432391306604778
t212_n8,FloorPlan212,living,8,llm_risk_critical,256,62.0,62.0,70.75,76.69636200716846,1.0,1.1411290322580645,1.2370380968898138,43.666666666666664,0.17057291666666666,33.732881666666735,33.733547975619636,2.0656616666660335,28.351627333333223,-0.9755913978494561,-0.012560407651424299
t212_n8,FloorPlan212,living,8,uniform_nominal_none,32,62.0,71.66666666666667,80.73332138590203,86.9515890083632,1.1559139784946237,1.3021503449339036,1.4024449840058582,32,1.0,5.423741666666555,5.427301861345768,1.4928456666665941,3.6546236666659127,9.279635603345284,0.11947215431749118
t212_n8,FloorPlan212,living,8,uniform_nominal_none,64,62.0,67.33333333333333,76.43615292712067,82.717243130227,1.086021505376344,1.2328411762438818,1.3341490827455968,64,1.0,10.733615000000066,10.737220756709576,2.9871833333349564,7.134458333333112,5.045289725209083,0.06495639035754104
t212_n8,FloorPlan212,living,8,uniform_nominal_none,128,62.0,64.66666666666667,74.11814814814815,80.42086618876941,1.043010752688172,1.1954540023894862,1.2971107449801518,128,1.0,22.344907000000507,22.348565980792046,5.986637333332823,14.93056899999908,2.748912783751493,0.03539131775684042
t212_n8,FloorPlan212,living,8,uniform_nominal_none,256,62.0,60.333333333333336,69.72642771804063,75.81081541218637,0.9731182795698925,1.124619801903881,1.2227550872933286,256,1.0,53.89191033333329,53.895773366093636,11.99073099999796,38.852484333335546,-1.8611379928315397,-0.023961519071455533
t212_n8,FloorPlan212,living,8,uniform_risk_none,32,62.0,73.0,81.82101553166069,87.8148954599761,1.1774193548387097,1.319693798897753,1.416369281612518,32,1.0,5.587073666666775,5.587751356263955,1.5365679999993869,3.756102333333603,10.142942054958189,0.1305869314508951
t212_n8,FloorPlan212,living,8,uniform_risk_none,64,62.0,64.0,74.03279569892473,80.53386200716845,1.032258064516129,1.194077349982657,1.2989332581801365,64,1.0,10.99698499999994,10.997706092894077,3.0518280000011444,7.3064066666660805,2.86190860215054,0.03684610051233306
t212_n8,FloorPlan212,living,8,uniform_risk_none,128,62.0,63.333333333333336,72.75124253285544,78.96684886499402,1.021505376344086,1.1734071376267006,1.2736588526611938,128,1.0,22.287339000000017,22.28811817864577,6.056998666664685,14.799954333334439,1.2948954599761084,0.016671338922350953
t212_n8,FloorPlan212,living,8,uniform_risk_none,256,62.0,59.333333333333336,69.0283870967742,75.09489844683392,0.9569892473118279,1.1133610822060356,1.2112080394650633,256,1.0,44.756317000000344,44.75723517437776,12.082265666664446,29.575896000001656,-2.577054958183988,-0.03317870666578989
t212_n8,FloorPlan212,living,8,uniform_random,32,62.0,67.66666666666667,76.63522102747909,82.69234468339307,1.0913978494623655,1.2360519520561144,1.3337474948934367,32,1.0,5.460855333333292,5.461360327899456,1.4933839999997645,3.6621626666650067,5.020391278375158,0.06463583131734163
t212_n8,FloorPlan212,living,8,uniform_random,64,62.0,67.66666666666667,76.63522102747909,82.69234468339307,1.0913978494623655,1.2360519520561144,1.3337474948934367,64,1.0,10.747176000000044,10.747722970942656,2.967213666667412,7.104068666665538,5.020391278375158,0.06463583131734163
t212_n8,FloorPlan212,living,8,uniform_random,128,62.0,64.66666666666667,75.14065710872163,81.60493428912784,1.043010752688172,1.2119460823987358,1.316208617566578,128,1.0,22.03250433333359,22.036153202255566,5.925227333334486,14.675370333332735,3.9329808841099188,0.05063579209346666
t212_n8,FloorPlan212,living,8,uniform_random,256,62.0,64.66666666666667,75.14065710872163,81.60493428912784,1.043010752688172,1.2119460823987358,1.316208617566578,256,1.0,44.53012000000012,44.536417350173,11.894104333337374,29.686827999998222,3.9329808841099188,0.05063579209346666
t213_n4,FloorPlan213,living,4,llm_nominal_none,32,58.0,51.666666666666664,60.59869731800766,65.86385057471264,0.8908045977011494,1.044805126172546,1.1355836305984939,32,1.0,3.4337419999997585,3.434587890903155,0.9326473333321298,2.238072666670495,-4.1597988505747026,-0.059405627737426824
t213_n4,FloorPlan213,living,4,llm_nominal_none,64,58.0,51.333333333333336,60.08563218390805,65.5116091954023,0.8850574712643678,1.0359591755846214,1.1295105033690052,64,1.0,7.168722333333062,7.169596229990323,1.8860573333311,4.6614600000032995,-4.512040229885045,-0.06443594795354428
t213_n4,FloorPlan213,living,4,llm_nominal_none,128,58.0,51.0,59.04173690932311,64.27310344827586,0.8793103448275862,1.0179609811952262,1.1081569560047562,128,1.0,14.798108333333282,14.799006593724092,3.7997466666658632,9.471114333333771,-5.750545977011481,-0.08212291167639163
t213_n4,FloorPlan213,living,4,llm_nominal_none,256,58.0,51.0,59.04173690932311,64.27310344827586,0.8793103448275862,1.0179609811952262,1.1081569560047562,256,1.0,30.671486999999626,30.67248935500781,7.573943333333351,19.269195000004718,-5.750545977011481,-0.08212291167639163
t213_n4,FloorPlan213,living,4,llm_risk_none,32,58.0,51.666666666666664,60.59869731800766,65.86385057471264,0.8908045977011494,1.044805126172546,1.1355836305984939,32,1.0,3.4120729999997934,3.412704293926557,0.9299169999999654,2.216263666666052,-4.1597988505747026,-0.059405627737426824
t213_n4,FloorPlan213,living,4,llm_risk_none,64,58.0,51.333333333333336,60.08563218390805,65.5116091954023,0.8850574712643678,1.0359591755846214,1.1295105033690052,64,1.0,6.906113999999815,6.906774205466111,1.8675786666664251,4.425275666666432,-4.512040229885045,-0.06443594795354428
t213_n4,FloorPlan213,living,4,llm_risk_none,128,58.0,51.0,59.04173690932311,64.27310344827586,0.8793103448275862,1.0179609811952262,1.1081569560047562,128,1.0,14.379328333333182,14.385390095412731,3.765092666662954,9.14063966666608,-5.750545977011481,-0.08212291167639163
t213_n4,FloorPlan213,living,4,llm_risk_none,256,58.0,51.0,59.04173690932311,64.27310344827586,0.8793103448275862,1.0179609811952262,1.1081569560047562,256,1.0,29.88542766666639,29.8915912086765,7.516045333330131,18.808457333329958,-5.750545977011481,-0.08212291167639163
t213_n4,FloorPlan213,living,4,llm_risk_nominal,32,58.0,51.666666666666664,60.59869731800766,65.86385057471264,0.8908045977011494,1.044805126172546,1.1355836305984939,16,0.5,2.86372999999962,2.8643490125735602,0.4722629999992141,2.1576296666644033,-4.1597988505747026,-0.059405627737426824
t213_n4,FloorPlan213,living,4,llm_risk_nominal,64,58.0,51.333333333333336,60.08563218390805,65.5116091954023,0.8850574712643678,1.0359591755846214,1.1295105033690052,23.333333333333332,0.3645833333333333,5.5180819999997395,5.518714586893718,0.6942386666647001,4.297213666663839,-4.512040229885045,-0.06443594795354428
t213_n4,FloorPlan213,living,4,llm_risk_nominal,128,58.0,51.0,59.04173690932311,64.27310344827586,0.8793103448275862,1.0179609811952262,1.1081569560047562,31,0.2421875,11.021365333333458,11.022017958263556,0.9359789999985324,8.8393726666632,-5.750545977011481,-0.08212291167639163
t213_n4,FloorPlan213,living,4,llm_risk_nominal,256,58.0,51.0,59.04173690932311,64.27310344827586,0.8793103448275862,1.0179609811952262,1.1081569560047562,41.666666666666664,0.16276041666666666,22.343042333333507,22.3437687382102,1.270311999998756,18.04971499999534,-5.750545977011481,-0.08212291167639163
t213_n4,FloorPlan213,living,4,llm_risk_critical,32,58.0,51.666666666666664,60.59869731800766,65.86385057471264,0.8908045977011494,1.044805126172546,1.1355836305984939,13,0.40625,2.944871333333173,2.9460210353136063,0.39258033333341064,2.244503000001785,-4.1597988505747026,-0.059405627737426824
t213_n4,FloorPlan213,living,4,llm_risk_critical,64,58.0,51.333333333333336,60.08563218390805,65.5116091954023,0.8850574712643678,1.0359591755846214,1.1295105033690052,19,0.296875,5.668838999999852,5.669993658860524,0.5753536666661674,4.410137666667128,-4.512040229885045,-0.06443594795354428
t213_n4,FloorPlan213,living,4,llm_risk_critical,128,58.0,51.0,59.04173690932311,64.27310344827586,0.8793103448275862,1.0179609811952262,1.1081569560047562,24.666666666666668,0.19270833333333334,11.35584966666651,11.357034867008528,0.7558066666666363,9.019721999997602,-5.750545977011481,-0.08212291167639163
t213_n4,FloorPlan213,living,4,llm_risk_critical,256,58.0,51.0,59.04173690932311,64.27310344827586,0.8793103448275862,1.0179609811952262,1.1081569560047562,31,0.12109375,23.10010233333326,23.10472975174586,0.9551383333331979,18.468155666665115,-5.750545977011481,-0.08212291167639163
t213_n4,FloorPlan213,living,4,uniform_nominal_none,32,58.0,57.666666666666664,65.41402298850575,70.41157407407407,0.9942528735632183,1.127827982560444,1.213992656449553,32,1.0,3.4352403333336077,3.4358681490023932,0.9459306666682229,2.2360683333332667,0.38792464878672445,0.005539909044595374
t213_n4,FloorPlan213,living,4,uniform_nominal_none,64,58.0,54.666666666666664,62.08393358876118,67.05815453384419,0.9425287356321839,1.0704126480820892,1.1561750781697273,64,1.0,6.918174000000239,6.91767471532027,1.8737739999998837,4.462774999999179,-2.9654948914431594,-0.042349904864744804
t213_n4,FloorPlan213,living,4,uniform_nominal_none,128,58.0,52.666666666666664,59.795223499361434,64.46710727969348,0.9080459770114943,1.0309521292993349,1.1115018496498876,128,1.0,14.311648000000213,14.312359193960825,3.7506073333336922,9.161522666663776,-5.5565421455938635,-0.07935236439686695
t213_n4,FloorPlan213,living,4,uniform_nominal_none,256,58.0,51.0,58.591813537675606,63.42291826309068,0.8793103448275862,1.0102036816840623,1.0934985907429426,256,1.0,29.701461333333512,29.702250535289448,7.495831000001729,18.66514933333156,-6.600731162196669,-0.09426431236263126
t213_n4,FloorPlan213,living,4,uniform_risk_none,32,58.0,60.0,67.46727969348659,72.47425925925926,1.0344827586206897,1.1632289602325274,1.2495561941251596,32,1.0,3.4381066666666626,3.4387114768226943,0.9454926666692861,2.2337569999993554,2.4506098339719102,0.034996888252541325
t213_n4,FloorPlan213,living,4,uniform_risk_none,64,58.0,54.666666666666664,61.72793103448276,66.64252554278416,0.9425287356321839,1.0642746730083235,1.1490090610824855,64,1.0,6.877385000000125,6.878017137447993,1.8843063333360277,4.406949666663884,-3.381123882503187,-0.04828545656008291
t213_n4,FloorPlan213,living,4,uniform_risk_none,128,58.0,51.0,58.52081736909323,63.38466794380587,0.8793103448275862,1.0089796098119523,1.0928391024794117,128,1.0,14.171989333333931,14.172660186886787,3.753838666669118,9.063778000001577,-6.63898148148147,-0.09481056094577049
t213_n4,FloorPlan213,living,4,uniform_risk_none,256,58.0,51.0,58.510906768837806,63.38683908045977,0.8793103448275862,1.0088087373937553,1.0928765358699961,256,1.0,29.501992666666865,29.505233901242416,7.482742666669632,18.755116333336968,-6.636810344827576,-0.09477955518312153
t213_n4,FloorPlan213,living,4,uniform_random,32,58.0,63.333333333333336,69.25347381864624,73.6358908045977,1.0919540229885056,1.1940254106663144,1.2695843242172016,32,1.0,3.4083303333337276,3.4088979785641036,0.934156666665705,2.2251793333320316,3.6122413793103525,0.051586019994066167
t213_n4,FloorPlan213,living,4,uniform_random,64,58.0,58.0,65.63564495530012,70.68104406130267,1.0,1.1316490509534505,1.2186386907121152,64,1.0,6.809140333333612,6.809728840986888,1.8658716666649273,4.402815999997441,0.6573946360153305,0.00938818015643054
t213_n4,FloorPlan213,living,4,uniform_random,128,58.0,53.333333333333336,62.191941251596425,67.47796296296296,0.9195402298850575,1.0722748491654557,1.1634131545338442,128,1.0,13.8758043333335,13.876437830428282,3.7347376666675793,9.024543999996895,-2.545686462324383,-0.03635466707630738
t213_n4,FloorPlan213,living,4,uniform_random,256,58.0,51.0,59.061558109833975,64.26876117496808,0.8793103448275862,1.0183027260316202,1.1080820892235874,256,1.0,28.08072133333332,28.081429811815422,7.451779000003711,18.34469933332687,-5.754888250319271,-0.08218492320168953
t213_n6,FloorPlan213,living,6,llm_nominal_none,32,82.0,76.33333333333333,87.22659439927733,94.62927055103884,0.9308943089430894,1.063738956088748,1.1540154945248637,32,1.0,4.779337333333504,4.779936124881108,1.2229376666684406,3.2781080000011307,-4.257789069557366,-0.043057090441291246
t213_n6,FloorPlan213,living,6,llm_nominal_none,64,82.0,76.0,85.94707317073171,92.99760840108401,0.926829268292683,1.04813503866746,1.1341171756229758,64,1.0,9.364668666666631,9.368661791086197,2.4478020000010168,6.298128666667384,-5.889451219512196,-0.05955734999208676
t213_n6,FloorPlan213,living,6,llm_nominal_none,128,82.0,74.66666666666667,85.10792231255645,92.2078206865402,0.910569105691057,1.037901491616542,1.124485618128539,128,1.0,18.782925666667023,18.786964006721973,4.911212999999155,12.424256666669168,-6.6792389340560065,-0.0675441150710973
t213_n6,FloorPlan213,living,6,llm_nominal_none,256,82.0,72.0,83.10770551038844,90.3939837398374,0.8780487804878049,1.0135086037852248,1.1023656553638708,256,1.0,45.28397566666668,45.28816075374683,9.785902999997967,32.364847333339185,-8.49307588075881,-0.08588662574602297
t213_n6,FloorPlan213,living,6,llm_risk_none,32,82.0,76.33333333333333,87.22659439927733,94.62927055103884,0.9308943089430894,1.063738956088748,1.1540154945248637,32,1.0,4.520545666666524,4.5243486141165095,1.2182786666666463,3.030971999998281,-4.257789069557366,-0.043057090441291246
t213_n6,FloorPlan213,living,6,llm_risk_none,64,82.0,76.0,85.94707317073171,92.99760840108401,0.926829268292683,1.04813503866746,1.1341171756229758,64,1.0,8.955927666666716,8.959769581755003,2.4362066666669215,5.9146789999996825,-5.889451219512196,-0.05955734999208676
t213_n6,FloorPlan213,living,6,llm_risk_none,128,82.0,75.66666666666667,85.54903342366757,92.6095573622403,0.9227642276422765,1.0432808954105801,1.1293848458809792,128,1.0,18.189101333332996,18.192994718750317,4.873889666666464,11.920098666665288,-6.277502258355914,-0.0634815342112613
t213_n6,FloorPlan213,living,6,llm_risk_none,256,82.0,72.33333333333333,83.4413911472448,90.62083785004516,0.8821138211382114,1.0175779408200587,1.1051321689029898,256,1.0,46.11229100000003,46.12024935583273,9.751364333332605,33.32036466666762,-8.266221770551036,-0.08359255298181952
t213_n6,FloorPlan213,living,6,llm_risk_nominal,32,82.0,76.33333333333333,87.22659439927733,94.62927055103884,0.9308943089430894,1.063738956088748,1.1540154945248637,22,0.6875,3.9427646666669127,3.943275660276413,0.8431136666651184,2.8481559999988804,-4.257789069557366,-0.043057090441291246
t213_n6,FloorPlan213,living,6,llm_risk_nominal,64,82.0,76.0,85.94707317073171,92.99760840108401,0.926829268292683,1.04813503866746,1.1341171756229758,38,0.59375,8.131058333333385,8.1345085054636,1.4775866666658644,6.076380666665789,-5.889451219512196,-0.05955734999208676
t213_n6,FloorPlan213,living,6,llm_risk_nominal,128,82.0,75.66666666666667,85.54903342366757,92.6095573622403,0.9227642276422765,1.0432808954105801,1.1293848458809792,60.333333333333336,0.4713541666666667,15.671289333333505,15.674820790688196,2.3423999999998557,12.04978599999921,-6.277502258355914,-0.0634815342112613
t213_n6,FloorPlan213,living,6,llm_risk_nominal,256,82.0,72.33333333333333,83.4413911472448,90.62083785004516,0.8821138211382114,1.0175779408200587,1.1051321689029898,90,0.3515625,29.74665866666637,29.750282565752666,3.49429366666687,23.605149333332836,-8.266221770551036,-0.08359255298181952
t213_n6,FloorPlan213,living,6,llm_risk_critical,32,82.0,76.33333333333333,87.22659439927733,94.62927055103884,0.9308943089430894,1.063738956088748,1.1540154945248637,15.333333333333334,0.4791666666666667,3.7817353333332213,3.786963721116384,0.5910643333333354,2.877235000001477,-4.257789069557366,-0.043057090441291246
t213_n6,FloorPlan213,living,6,llm_risk_critical,64,82.0,76.0,85.94707317073171,92.99760840108401,0.926829268292683,1.04813503866746,1.1341171756229758,24.666666666666668,0.3854166666666667,7.50855133333328,7.51378604521354,0.9542319999991852,5.873096666666022,-5.889451219512196,-0.05955734999208676
t213_n6,FloorPlan213,living,6,llm_risk_critical,128,82.0,75.66666666666667,85.54903342366757,92.6095573622403,0.9227642276422765,1.0432808954105801,1.1293848458809792,39.666666666666664,0.3098958333333333,14.834523999999996,14.839799764255682,1.5318406666645263,11.77665999999918,-6.277502258355914,-0.0634815342112613
t213_n6,FloorPlan213,living,6,llm_risk_critical,256,82.0,72.33333333333333,83.4413911472448,90.62083785004516,0.8821138211382114,1.0175779408200587,1.1051321689029898,57.333333333333336,0.22395833333333334,28.772770666666798,28.77813794960578,2.212103999998938,23.356065666665,-8.266221770551036,-0.08359255298181952
t213_n6,FloorPlan213,living,6,uniform_nominal_none,32,82.0,87.66666666666667,97.35010840108401,104.97280036133695,1.0691056910569106,1.1871964439156586,1.2801561019675238,32,1.0,4.516426666666777,4.517188606162866,1.2221993333320451,3.0258473333345157,6.085740740740742,0.0615423369254798
t213_n6,FloorPlan213,living,6,uniform_nominal_none,64,82.0,76.0,87.6372177055104,95.16296973803071,0.9268292682926829,1.068746557384273,1.1605240211954966,64,1.0,9.001898333333536,9.002679338057836,2.4401396666640096,5.963337333332319,-3.724089882565494,-0.03766003253462943
t213_n6,FloorPlan213,living,6,uniform_nominal_none,128,82.0,72.0,83.66053297199639,90.84105239385727,0.8780487804878049,1.020250402097517,1.1078177121202106,128,1.0,18.2689190000002,18.269732284049194,4.8737119999948675,12.051463333331883,-8.046007226738936,-0.08136562314229345
t213_n6,FloorPlan213,living,6,uniform_nominal_none,256,82.0,71.33333333333333,82.67518518518519,89.96508130081301,0.8699186991869918,1.0082339656729902,1.0971351378147927,256,1.0,37.34366766666675,37.34462677190701,9.782554333329566,24.476344333333344,-8.921978319783198,-0.09022392165379874
t213_n6,FloorPlan213,living,6,uniform_risk_none,32,82.0,83.0,94.29346883468835,101.9893337850045,1.0121951219512195,1.149920351642541,1.2437723632317623,32,1.0,4.534701666666585,4.538542280594508,1.2286296666648155,3.0374516666672826,3.1022741644083047,0.0313718920990362
t213_n6,FloorPlan213,living,6,uniform_risk_none,64,82.0,79.0,90.65815718157182,98.56484417344173,0.9634146341463414,1.1055872827020954,1.20201029479807,64,1.0,8.960673000000105,8.964535780251026,2.441085333328689,5.926236000000233,-0.3222154471544722,-0.003258418729313317
t213_n6,FloorPlan213,living,6,uniform_risk_none,128,82.0,70.33333333333333,82.26822944896115,89.3924322493225,0.8577235772357723,1.0032710908409896,1.0901516127966158,128,1.0,18.17909933333321,18.182891110579174,4.8704429999941,11.975274333333155,-9.494627371273713,-0.09601486188083778
t213_n6,FloorPlan213,living,6,uniform_risk_none,256,82.0,69.33333333333333,80.79574525745258,87.98010162601626,0.8455284552845529,0.9853139665542997,1.0729280686099543,256,1.0,37.253937000000015,37.25797527780136,9.794159999995186,24.446615666664506,-10.906957994579946,-0.1102971211443347
t213_n6,FloorPlan213,living,6,uniform_random,32,82.0,84.0,93.56679313459802,100.30532746160794,1.024390243902439,1.1410584528609513,1.2232357007513166,32,1.0,4.3894623333331495,4.392934963107109,1.2132003333356067,2.894268666667976,1.418267841011745,0.014342299654305299
t213_n6,FloorPlan213,living,6,uniform_random,64,82.0,81.66666666666667,91.78312556458899,98.64214317976513,0.9959349593495935,1.1193064093242557,1.2029529656068918,64,1.0,9.00533500000004,9.008840347329775,2.4251310000016346,5.961022000002518,-0.24491644083107644,-0.002476728924601009
t213_n6,FloorPlan213,living,6,uniform_random,128,82.0,75.0,86.11558265582656,93.21072719060524,0.9146341463414634,1.0501900323881286,1.1367161852512833,128,1.0,18.179614333333483,18.186224934955437,4.865951333337708,12.015565666673389,-5.6763324299909685,-0.05740217629859327
t213_n6,FloorPlan213,living,6,uniform_random,256,82.0,75.33333333333333,85.67341463414634,92.6384101174345,0.9186991869918699,1.044797739440809,1.1297367087492012,256,1.0,36.73377466666672,36.740497685968876,9.74890300000523,24.30167533334071,-6.248649503161697,-0.06318975937939837
t213_n8,FloorPlan213,living,8,llm_nominal_none,32,100.0,95.0,110.38944444444445,120.10111111111111,0.95,1.1038944444444445,1.201011111111111,32,1.0,5.519167333333463,5.5221688623229666,1.5196256666672643,3.7013833333334745,-6.040555555555557,-0.04788707581863427
t213_n8,FloorPlan213,living,8,llm_nominal_none,64,100.0,94.33333333333333,110.11037037037038,119.90870370370371,0.9433333333333334,1.1011037037037037,1.199087037037037,64,1.0,11.131873666666792,11.134898600478968,3.0719456666676117,7.394930333335085,-6.232962962962962,-0.049412403749458655
t213_n8,FloorPlan213,living,8,llm_nominal_none,128,100.0,87.0,103.35888888888888,112.51,0.87,1.033588888888889,1.1251,128,1.0,23.105619666666872,23.108710224429768,6.167900333336955,15.457100333334436,-13.63166666666666,-0.10806632754178502
t213_n8,FloorPlan213,living,8,llm_nominal_none,256,100.0,87.0,103.35888888888888,112.51,0.87,1.033588888888889,1.1251,256,1.0,46.57822066666709,46.58672927568356,12.362618000006856,30.89644400000176,-13.63166666666666,-0.10806632754178502
t213_n8,FloorPlan213,living,8,llm_risk_none,32,100.0,95.0,110.38944444444445,120.10111111111111,0.95,1.1038944444444445,1.201011111111111,32,1.0,5.579950333333509,5.580381490290165,1.532616000001023,3.7497293333321005,-6.040555555555557,-0.04788707581863427
t213_n8,FloorPlan213,living,8,llm_risk_none,64,100.0,95.0,110.38944444444445,120.10111111111111,0.95,1.1038944444444445,1.201011111111111,64,1.0,11.25395600000001,11.254406534135342,3.082226000002445,7.5043586666661,-6.040555555555557,-0.04788707581863427
t213_n8,FloorPlan213,living,8,llm_risk_none,128,100.0,91.33333333333333,107.57722222222222,117.1,0.9133333333333333,1.0757722222222221,1.171,128,1.0,22.797221333333322,22.80006092041731,6.1799290000026375,15.120503333333998,-9.041666666666666,-0.07167866816410122
t213_n8,FloorPlan213,living,8,llm_risk_none,256,100.0,87.0,103.35888888888888,112.51,0.87,1.033588888888889,1.1251,256,1.0,45.85148600000011,45.8544601375858,12.34241766667162,30.290482666663898,-13.63166666666666,-0.10806632754178502
t213_n8,FloorPlan213,living,8,llm_risk_nominal,32,100.0,95.0,110.38944444444445,120.10111111111111,0.95,1.1038944444444445,1.201011111111111,16,0.5,4.622678666666324,4.623146106799443,0.7802093333335591,3.5821086666683044,-6.040555555555557,-0.04788707581863427
t213_n8,FloorPlan213,living,8,llm_risk_nominal,64,100.0,95.0,110.38944444444445,120.10111111111111,0.95,1.1038944444444445,1.201011111111111,28.333333333333332,0.4427083333333333,9.270311666666586,9.270817041397095,1.3845409999995912,7.306007333334345,-6.040555555555557,-0.04788707581863427
t213_n8,FloorPlan213,living,8,llm_risk_nominal,128,100.0,91.33333333333333,107.57722222222222,117.1,0.9133333333333333,1.0757722222222221,1.171,48,0.375,18.34558766666679,18.347626862426598,2.356702666667173,14.69739533333255,-9.041666666666666,-0.07167866816410122
t213_n8,FloorPlan213,living,8,llm_risk_nominal,256,100.0,87.0,103.35888888888888,112.51,0.87,1.033588888888889,1.1251,74,0.2890625,35.756925666666405,35.759061885376774,3.6164156666670757,29.385621666665845,-13.63166666666666,-0.10806632754178502
t213_n8,FloorPlan213,living,8,llm_risk_critical,32,100.0,95.0,110.38944444444445,120.10111111111111,0.95,1.1038944444444445,1.201011111111111,13.666666666666666,0.4270833333333333,4.597925333333326,4.598476613561313,0.6696513333330026,3.590161333334526,-6.040555555555557,-0.04788707581863427
t213_n8,FloorPlan213,living,8,llm_risk_critical,64,100.0,95.0,110.38944444444445,120.10111111111111,0.95,1.1038944444444445,1.201011111111111,22,0.34375,18.307339666666422,18.30795935044686,1.0769933333329245,16.485793666665433,-6.040555555555557,-0.04788707581863427
t213_n8,FloorPlan213,living,8,llm_risk_critical,128,100.0,91.33333333333333,107.57722222222222,117.1,0.9133333333333333,1.0757722222222221,1.171,36.666666666666664,0.2864583333333333,27.324039000000095,27.324702590703964,1.7906719999996785,23.9038556666659,-9.041666666666666,-0.07167866816410122
t213_n8,FloorPlan213,living,8,llm_risk_critical,256,100.0,87.0,103.35888888888888,112.51,0.87,1.033588888888889,1.1251,54,0.2109375,44.57074033333323,44.57151424139738,2.615903000000882,38.55829599999527,-13.63166666666666,-0.10806632754178502
t213_n8,FloorPlan213,living,8,uniform_nominal_none,32,100.0,97.0,113.17925925925927,123.42611111111111,0.97,1.1317925925925927,1.234261111111111,32,1.0,5.573395999999953,5.577027797698975,1.5323333333349491,3.7488476666664994,-2.7155555555555586,-0.021527823655061562
t213_n8,FloorPlan213,living,8,uniform_nominal_none,64,100.0,97.0,112.56518518518519,122.34351851851852,0.97,1.125651851851852,1.2234351851851852,64,1.0,11.263871999999786,11.26754842698574,3.0575070000017726,7.5349443333321275,-3.7981481481481487,-0.030110178884704835
t213_n8,FloorPlan213,living,8,uniform_nominal_none,128,100.0,97.0,112.53370370370371,122.30092592592592,0.97,1.125337037037037,1.2230092592592592,128,1.0,30.41660766666669,30.42039678742488,6.128947000001735,22.70352300000174,-3.840740740740742,-0.030447835693260778
t213_n8,FloorPlan213,living,8,uniform_nominal_none,256,100.0,95.33333333333333,111.11907407407408,120.84574074074074,0.9533333333333333,1.1111907407407409,1.2084574074074075,256,1.0,53.582835999999766,53.58677078038454,12.212369333334175,38.01622366667109,-5.295925925925924,-0.04198395396122815
t213_n8,FloorPlan213,living,8,uniform_risk_none,32,100.0,97.0,113.7,124.39388888888888,0.97,1.137,1.2439388888888887,32,1.0,5.588069999999649,5.588609414796035,1.51801233333367,3.7772023333329705,-1.7477777777777845,-0.013855673735438612
t213_n8,FloorPlan213,living,8,uniform_risk_none,64,100.0,97.0,112.56518518518519,122.34351851851852,0.97,1.125651851851852,1.2234351851851852,64,1.0,11.10758566666655,11.108150395254293,3.0386900000009356,7.40990400000167,-3.7981481481481487,-0.030110178884704835
t213_n8,FloorPlan213,living,8,uniform_risk_none,128,100.0,97.0,112.53370370370371,122.30092592592592,0.97,1.125337037037037,1.2230092592592592,128,1.0,22.73426833333314,22.73490373045206,6.106144666666147,15.117496333334776,-3.840740740740742,-0.030447835693260778
t213_n8,FloorPlan213,living,8,uniform_risk_none,256,100.0,96.33333333333333,111.73925925925926,121.37481481481481,0.9633333333333333,1.1173925925925927,1.2137481481481482,256,1.0,46.070865333333266,46.07163555920124,12.248169999999744,30.464368333338026,-4.7668518518518495,-0.03778966916973122
t213_n8,FloorPlan213,living,8,uniform_random,32,100.0,99.66666666666667,115.5988888888889,126.11907407407408,0.9966666666666667,1.155988888888889,1.2611907407407408,32,1.0,5.663743666667109,5.664446080724399,1.5265656666671272,3.8146100000015317,-0.022592592592587835,-0.00017910491584264646
t213_n8,FloorPlan213,living,8,uniform_random,64,100.0,99.33333333333333,114.8474074074074,124.99055555555556,0.9933333333333333,1.1484740740740742,1.2499055555555556,64,1.0,11.266250333333616,11.269115842878819,3.0637429999999335,7.493742000001784,-1.1511111111111063,-0.009125542269494136
t213_n8,FloorPlan213,living,8,uniform_random,128,100.0,98.66666666666667,113.97833333333334,123.59925925925927,0.9866666666666667,1.1397833333333334,1.2359925925925928,128,1.0,22.871135666666948,22.874069089690845,6.141892666667499,15.229301666670617,-2.5424074074074006,-0.02015517532462759
t213_n8,FloorPlan213,living,8,uniform_random,256,100.0,97.0,112.8737037037037,122.6075925925926,0.97,1.128737037037037,1.226075925925926,256,1.0,46.06021333333388,46.063298980395,12.320999666664889,30.667566666671142,-3.53407407407407,-0.028016706671658082
t214_n4,FloorPlan214,living,4,llm_nominal_none,32,57.0,55.0,63.44094866796621,68.67974009096817,0.9649122807017544,1.1129990994380037,1.2049077208941783,32,1.0,3.1629860000001266,3.163681055108706,0.8767656666674265,2.028925333336614,-2.144638564002596,-0.030281078418639622
t214_n4,FloorPlan214,living,4,llm_nominal_none,64,57.0,55.0,63.44094866796621,68.67974009096817,0.9649122807017544,1.1129990994380037,1.2049077208941783,64,1.0,6.484258000000113,6.484976348777612,1.7432026666677203,4.1207006666678465,-2.144638564002596,-0.030281078418639622
t214_n4,FloorPlan214,living,4,llm_nominal_none,128,57.0,54.0,62.139389213775175,67.2522547108512,0.9473684210526315,1.0901647230486873,1.1798641177342315,128,1.0,13.72444499999966,13.725175522267818,3.4844463333344087,8.724211666668147,-3.5721239441195585,-0.0504363612072275
t214_n4,FloorPlan214,living,4,llm_nominal_none,256,57.0,53.333333333333336,61.34367771280052,66.3769135802469,0.935672514619883,1.076204872154395,1.1645072557938054,256,1.0,27.788540333333483,27.78935246169567,6.9710236666695735,17.17454500000522,-4.447465074723851,-0.06279568079785347
t214_n4,FloorPlan214,living,4,llm_risk_none,32,57.0,55.333333333333336,63.946796621182585,69.23188434048083,0.9707602339181286,1.1218736249330277,1.2145944621136988,32,1.0,3.1512263333333124,3.151827181379,0.8705123333347942,2.01770733333273,-1.592494314489926,-0.022485115220677716
t214_n4,FloorPlan214,living,4,llm_risk_none,64,57.0,55.333333333333336,63.946796621182585,69.23188434048083,0.9707602339181286,1.1218736249330277,1.2145944621136988,64,1.0,6.519339666666883,6.519927022357781,1.7391356666704993,4.149722333331478,-1.592494314489926,-0.022485115220677716
t214_n4,FloorPlan214,living,4,llm_risk_none,128,57.0,54.333333333333336,62.64523716699155,67.80439896036387,0.9532163742690059,1.0990392485437115,1.189550858953752,128,1.0,13.486849666666837,13.487495792408785,3.4915953333379455,8.429919666665064,-3.0199796946068886,-0.04264039800926559
t214_n4,FloorPlan214,living,4,llm_risk_none,256,57.0,53.333333333333336,61.34367771280052,66.3769135802469,0.935672514619883,1.076204872154395,1.1645072557938054,256,1.0,27.899241333333435,27.89999358355999,6.981015333338725,17.30650866666957,-4.447465074723851,-0.06279568079785347
t214_n4,FloorPlan214,living,4,llm_risk_nominal,32,57.0,55.333333333333336,63.946796621182585,69.23188434048083,0.9707602339181286,1.1218736249330277,1.2145944621136988,18,0.5625,2.703326333333441,2.7038085584839187,0.49769766666714804,1.97707066666671,-1.592494314489926,-0.022485115220677716
t214_n4,FloorPlan214,living,4,llm_risk_nominal,64,57.0,55.333333333333336,63.946796621182585,69.23188434048083,0.9707602339181286,1.1218736249330277,1.2145944621136988,23,0.359375,5.162991333333089,5.1635028794407845,0.6347990000007778,4.005655333334819,-1.592494314489926,-0.022485115220677716
t214_n4,FloorPlan214,living,4,llm_risk_nominal,128,57.0,54.333333333333336,62.64523716699155,67.80439896036387,0.9532163742690059,1.0990392485437115,1.189550858953752,28.333333333333332,0.22135416666666666,10.11591299999992,10.118658654391766,0.7860773333344303,8.046768666668017,-3.0199796946068886,-0.04264039800926559
t214_n4,FloorPlan214,living,4,llm_risk_nominal,256,57.0,53.333333333333336,61.34367771280052,66.3769135802469,0.935672514619883,1.076204872154395,1.1645072557938054,36.666666666666664,0.14322916666666666,20.028619333332998,20.03274392336607,1.031270000002138,16.015718999999134,-4.447465074723851,-0.06279568079785347
t214_n4,FloorPlan214,living,4,llm_risk_critical,32,57.0,55.333333333333336,63.946796621182585,69.23188434048083,0.9707602339181286,1.1218736249330277,1.2145944621136988,16.333333333333332,0.5104166666666666,2.7677000000000027,2.7682678773999214,0.45579700000016504,2.010655333332482,-1.592494314489926,-0.022485115220677716
t214_n4,FloorPlan214,living,4,llm_risk_critical,64,57.0,55.333333333333336,63.946796621182585,69.23188434048083,0.9707602339181286,1.1218736249330277,1.2145944621136988,21,0.328125,5.387778333333297,5.388368231554826,0.5848009999998757,4.10936199999797,-1.592494314489926,-0.022485115220677716
t214_n4,FloorPlan214,living,4,llm_risk_critical,128,57.0,54.333333333333336,62.64523716699155,67.80439896036387,0.9532163742690059,1.0990392485437115,1.189550858953752,26,0.203125,10.424204999999928,10.424821637570858,0.7243279999995522,8.07874499999676,-3.0199796946068886,-0.04264039800926559
t214_n4,FloorPlan214,living,4,llm_risk_critical,256,57.0,53.333333333333336,61.34367771280052,66.3769135802469,0.935672514619883,1.076204872154395,1.1645072557938054,33.666666666666664,0.13151041666666666,20.82068699999991,20.821353731056053,0.9392416666660353,16.229728666660687,-4.447465074723851,-0.06279568079785347
t214_n4,FloorPlan214,living,4,uniform_nominal_none,32,57.0,63.0,69.43982456140351,74.01113628979857,1.105263157894737,1.2182425361649738,1.2984409875403258,32,1.0,3.1779373333333063,3.1784831856687865,0.8859019999996794,2.0444436666678576,3.1867576348278086,0.04499520779917421
t214_n4,FloorPlan214,living,4,uniform_nominal_none,64,57.0,59.333333333333336,66.21424626380767,70.84684129304743,1.04093567251462,1.1616534432246959,1.2429270402289023,64,1.0,6.490346666666369,6.4909060796101885,1.7585853333340988,4.142221333336711,0.022462638076675034,0.0003171596913840169
t214_n4,FloorPlan214,living,4,uniform_nominal_none,128,57.0,56.666666666666664,64.08021442495127,68.88207846003898,0.9941520467836257,1.1242142881570398,1.2084575168427891,128,1.0,13.309474333333368,13.31007635841767,3.5106486666685774,8.352744333336659,-1.942300194931775,-0.02742417557087114
t214_n4,FloorPlan214,living,4,uniform_nominal_none,256,57.0,53.333333333333336,61.34367771280052,66.3769135802469,0.935672514619883,1.076204872154395,1.1645072557938054,256,1.0,27.070279666666863,27.07692701369524,7.014742333331547,16.690765666674306,-4.447465074723851,-0.06279568079785347
t214_n4,FloorPlan214,living,4,uniform_risk_none,32,57.0,63.0,69.43982456140351,74.01113628979857,1.105263157894737,1.2182425361649738,1.2984409875403258,32,1.0,3.175617999999917,3.1761610880494118,0.8773403333336797,2.0463083333342644,3.1867576348278086,0.04499520779917421
t214_n4,FloorPlan214,living,4,uniform_risk_none,64,57.0,59.333333333333336,66.21424626380767,70.84684129304743,1.04093567251462,1.1616534432246959,1.2429270402289023,64,1.0,6.558288000000208,6.5588513389229774,1.7457863333302608,4.221563666666188,0.022462638076675034,0.0003171596913840169
t214_n4,FloorPlan214,living,4,uniform_risk_none,128,57.0,56.666666666666664,64.08021442495127,68.88207846003898,0.9941520467836257,1.1242142881570398,1.2084575168427891,128,1.0,20.932665999999916,20.933288770417374,3.4825449999950444,16.01874400000162,-1.942300194931775,-0.02742417557087114
t214_n4,FloorPlan214,living,4,uniform_risk_none,256,57.0,53.333333333333336,61.34367771280052,66.3769135802469,0.935672514619883,1.076204872154395,1.1645072557938054,256,1.0,34.729151666666645,34.72988431652387,6.94626999999759,24.498126666666842,-4.447465074723851,-0.06279568079785347
t214_n4,FloorPlan214,living,4,uniform_random,32,57.0,64.66666666666667,71.59263482781027,76.29433317089018,1.1345029239766082,1.2560111373300047,1.3384970731735122,32,1.0,3.1066863333334047,3.107137978076935,0.8578023333318067,2.00609666666877,5.46995451591943,0.07723265095719307
t214_n4,FloorPlan214,living,4,uniform_random,64,57.0,56.333333333333336,64.27615009746589,69.29679580896686,0.9883040935672515,1.1276517560958927,1.215733259806436,64,1.0,6.372261666666823,6.372727764149507,1.7163426666666481,4.128658666669338,-1.5275828460038998,-0.021568602153867095
t214_n4,FloorPlan214,living,4,uniform_random,128,57.0,54.666666666666664,62.6785477582846,68.03855181936322,0.9590643274853801,1.099623644882186,1.1936588038484774,128,1.0,12.78885966666691,12.789340689778328,3.4395743333345643,8.250818333337406,-2.785826835607542,-0.03933429263360041
t214_n4,FloorPlan214,living,4,uniform_random,256,57.0,54.666666666666664,62.45688109161794,67.56730019493176,0.9590643274853801,1.095734755993297,1.185391231490031,256,1.0,25.757961666666773,25.761900159219902,6.89003866666867,16.61740000000685,-3.257078460038992,-0.04598809791055466
t214_n6,FloorPlan214,living,6,llm_nominal_none,32,91.0,91.66666666666667,105.1119881969882,113.75073310948311,1.0073260073260073,1.1550767933734967,1.250008056148166,32,1.0,4.489682666666717,4.4903090844551725,1.1746656666661675,3.0387843333340805,-1.576034289784289,-0.013665815190397002
t214_n6,FloorPlan214,living,6,llm_nominal_none,64,91.0,89.0,100.1066341066341,107.62559422059422,0.978021978021978,1.1000729022707045,1.1826988375889473,64,1.0,8.725876333333401,8.726521705587706,2.3377633333341308,5.750846666668548,-7.701173178673177,-0.06677697946749266
t214_n6,FloorPlan214,living,6,llm_nominal_none,128,91.0,85.0,96.74790394790395,104.3747212047212,0.934065934065934,1.0631637796472961,1.1469749582936395,128,1.0,17.538606999999946,17.541814285020035,4.664738999998382,11.34951233333433,-10.952046194546199,-0.09496534448615586
t214_n6,FloorPlan214,living,6,llm_nominal_none,256,91.0,77.0,89.61425925925926,97.2480987993488,0.8461538461538461,0.9847720797720798,1.0686604263664703,256,1.0,35.147451333333336,35.154394494990505,9.259326999997283,22.631719333332374,-18.078668599918597,-0.15676038622785016
t214_n6,FloorPlan214,living,6,llm_risk_none,32,91.0,91.66666666666667,105.1119881969882,113.75073310948311,1.0073260073260073,1.1550767933734967,1.250008056148166,32,1.0,4.081386333333252,4.081881294647853,1.1532796666680056,2.6565693333324703,-1.576034289784289,-0.013665815190397002
t214_n6,FloorPlan214,living,6,llm_risk_none,64,91.0,87.66666666666667,98.82625152625153,106.49663614163615,0.9633699633699633,1.086002764024742,1.1702927048531444,64,1.0,8.307561999999713,8.30807505796353,2.292223333333787,5.401768333331465,-8.830131257631257,-0.07656619063171062
t214_n6,FloorPlan214,living,6,llm_risk_none,128,91.0,84.33333333333333,95.79466015466015,103.59631512006511,0.9267399267399267,1.0526885731281337,1.1384210452754409,128,1.0,16.865818666666737,16.866397112607956,4.572268000001323,10.93012666666393,-11.730452279202277,-0.10171491444471714
t214_n6,FloorPlan214,living,6,llm_risk_none,256,91.0,80.33333333333333,92.58560643060643,100.4269597069597,0.8827838827838828,1.0174242464901806,1.103592963812744,256,1.0,34.31228633333324,34.31296659012636,9.147013000002127,22.10666866666274,-14.89980769230769,-0.12919643919892218
t214_n6,FloorPlan214,living,6,llm_risk_nominal,32,91.0,91.66666666666667,105.1119881969882,113.75073310948311,1.0073260073260073,1.1550767933734967,1.250008056148166,19,0.59375,3.554587000000294,3.555205029745897,0.6957660000012448,2.6142883333350277,-1.576034289784289,-0.013665815190397002
t214_n6,FloorPlan214,living,6,llm_risk_nominal,64,91.0,87.66666666666667,98.82625152625153,106.49663614163615,0.9633699633699633,1.086002764024742,1.1702927048531444,30.666666666666668,0.4791666666666667,6.976470666666401,6.977108617623647,1.1202780000010293,5.315756000002558,-8.830131257631257,-0.07656619063171062
t214_n6,FloorPlan214,living,6,llm_risk_nominal,128,91.0,84.33333333333333,95.79466015466015,103.59631512006511,0.9267399267399267,1.0526885731281337,1.1384210452754409,48.666666666666664,0.3802083333333333,13.716987999999949,13.717664716144403,1.777944000001419,10.75462533333423,-11.730452279202277,-0.10171491444471714
t214_n6,FloorPlan214,living,6,llm_risk_nominal,256,91.0,80.33333333333333,92.58560643060643,100.4269597069597,0.8827838827838828,1.0174242464901806,1.103592963812744,66,0.2578125,26.45110800000013,26.45600742350022,2.418067000000098,21.439320333330514,-14.89980769230769,-0.12919643919892218
t214_n6,FloorPlan214,living,6,llm_risk_critical,32,91.0,91.66666666666667,105.1119881969882,113.75073310948311,1.0073260073260073,1.1550767933734967,1.250008056148166,15,0.46875,3.538162666666622,3.5386638094981513,0.559120666667449,2.6626783333322614,-1.576034289784289,-0.013665815190397002
t214_n6,FloorPlan214,living,6,llm_risk_critical,64,91.0,87.66666666666667,98.82625152625153,106.49663614163615,0.9633699633699633,1.086002764024742,1.1702927048531444,25,0.390625,7.018530000000152,7.01907401283582,0.9225776666680711,5.395758333332168,-8.830131257631257,-0.07656619063171062
t214_n6,FloorPlan214,living,6,llm_risk_critical,128,91.0,84.33333333333333,95.79466015466015,103.59631512006511,0.9267399267399267,1.0526885731281337,1.1384210452754409,40,0.3125,13.927968666666679,13.928549985090891,1.469174000002127,10.940703999997284,-11.730452279202277,-0.10171491444471714
t214_n6,FloorPlan214,living,6,llm_risk_critical,256,91.0,80.33333333333333,92.58560643060643,100.4269597069597,0.8827838827838828,1.0174242464901806,1.103592963812744,51.666666666666664,0.20182291666666666,26.975188000000056,26.975819220145542,1.9052473333355617,21.789145666661902,-14.89980769230769,-0.12919643919892218
t214_n6,FloorPlan214,living,6,uniform_nominal_none,32,91.0,87.33333333333333,98.85758852258851,106.36396978021978,0.9597069597069596,1.0863471266218518,1.1688348327496678,32,1.0,4.1020336666666894,4.105275186399619,1.1460826666646422,2.6890826666650844,-8.96279761904762,-0.07771654249197794
t214_n6,FloorPlan214,living,6,uniform_nominal_none,64,91.0,82.66666666666667,94.47697191697192,102.29793650793651,0.9084249084249084,1.038208482604087,1.1241531484388627,64,1.0,8.327313000000261,8.33057053387165,2.2914959999974136,5.437872333331484,-13.02883089133089,-0.11297317340235839
t214_n6,FloorPlan214,living,6,uniform_nominal_none,128,91.0,80.0,91.94436507936508,99.6385637973138,0.8791208791208791,1.010377638234781,1.0949292724979538,128,1.0,17.021735666666576,17.025049465397995,4.591323999998546,10.993284999999927,-15.688203601953603,-0.136032631068555
t214_n6,FloorPlan214,living,6,uniform_nominal_none,256,91.0,77.0,89.25155067155067,96.7555291005291,0.8461538461538461,0.9807862711159414,1.0632475725332868,256,1.0,35.243118666666774,35.246544828017555,9.214160333328891,22.653300000003245,-18.571238298738294,-0.1610314649195332
t214_n6,FloorPlan214,living,6,uniform_risk_none,32,91.0,89.66666666666667,101.4024358974359,109.11709198209198,0.9853479853479853,1.1143124823894055,1.1990889228801316,32,1.0,4.051081666667085,4.051500620941321,1.1405290000003159,2.6437910000005616,-6.2096754171754185,-0.05384418168660876
t214_n6,FloorPlan214,living,6,uniform_risk_none,64,91.0,85.0,97.13579568579569,104.9955870980871,0.9340659340659341,1.067426326217535,1.1537976604185394,64,1.0,8.256021000000521,8.256490342319012,2.279015333335188,5.3753046666680975,-10.331180301180302,-0.0895818077117622
t214_n6,FloorPlan214,living,6,uniform_risk_none,128,91.0,79.0,91.55747049247049,99.10866707366706,0.8681318681318682,1.0061260493678077,1.089106231578759,128,1.0,16.993326666667013,16.993843639890354,4.573486333335097,11.026580333337144,-16.21810032560033,-0.14062737291033575
t214_n6,FloorPlan214,living,6,uniform_risk_none,256,91.0,76.0,88.408024013024,95.76545278795278,0.8351648351648352,0.9715167473958682,1.0523676130544262,256,1.0,34.785208333333394,34.78581178933382,9.143616333337453,22.34182066666701,-19.56131461131461,-0.16961643036080512
t214_n6,FloorPlan214,living,6,uniform_random,32,91.0,100.33333333333333,111.59728734228734,119.53058557183557,1.1025641025641026,1.2263438169482126,1.3135229183718193,32,1.0,4.1003453333334035,4.100712016224861,1.1457069999988672,2.678902000001019,4.203818172568172,0.03645136569218421
t214_n6,FloorPlan214,living,6,uniform_random,64,91.0,99.0,109.70291412291412,117.7706450956451,1.087912087912088,1.2055265288232322,1.294182913138957,64,1.0,8.31651766666693,8.316909273465475,2.2927203333325727,5.422772666669573,2.4438776963776974,0.021190897408204085
t214_n6,FloorPlan214,living,6,uniform_random,128,91.0,80.33333333333333,93.51627594627594,101.38826516076516,0.8827838827838828,1.0276513840250103,1.1141567600084084,128,1.0,16.815759333333347,16.816208759943645,4.5690600000008645,10.987560000005262,-13.938502238502233,-0.12086094627317874
t214_n6,FloorPlan214,living,6,uniform_random,256,91.0,76.33333333333333,90.82345543345544,99.35039173789174,0.8388278388278388,0.9980599498181917,1.091762546570239,256,1.0,41.75204199999971,41.752646366755165,9.095009666665396,30.085290333332775,-15.976375661375656,-0.13853137499349652
t214_n8,FloorPlan214,living,8,llm_nominal_none,32,114.0,101.66666666666667,117.11970110461338,126.89846003898636,0.8918128654970761,1.0273657991632752,1.113144386306898,32,1.0,5.163611999999891,5.164397259553273,1.4379473333319126,3.438372666664987,-10.431018518518519,-0.07595615033337995
t214_n8,FloorPlan214,living,8,llm_nominal_none,64,114.0,101.66666666666667,117.11970110461338,126.89846003898636,0.8918128654970761,1.0273657991632752,1.113144386306898,64,1.0,10.288616999999908,10.289437137544155,2.8680043333316383,6.771746333331959,-10.431018518518519,-0.07595615033337995
t214_n8,FloorPlan214,living,8,llm_nominal_none,128,114.0,96.0,112.56137751786875,122.55793534762833,0.8421052631578947,0.9873805045427083,1.0750696083125293,128,1.0,21.47335333333326,21.474198748668034,5.745975666667569,14.23894899999952,-14.77154320987654,-0.10756279980842683
t214_n8,FloorPlan214,living,8,llm_nominal_none,256,114.0,96.0,112.56137751786875,122.55793534762833,0.8421052631578947,0.9873805045427083,1.0750696083125293,256,1.0,43.15239900000023,43.15340363730987,11.491008666664785,28.30656966666319,-14.77154320987654,-0.10756279980842683
t214_n8,FloorPlan214,living,8,llm_risk_none,32,114.0,101.66666666666667,117.11970110461338,126.89846003898636,0.8918128654970761,1.0273657991632752,1.113144386306898,32,1.0,5.206543999999684,5.208794338007768,1.4387530000006994,3.4723406666662036,-10.431018518518519,-0.07595615033337995
t214_n8,FloorPlan214,living,8,llm_risk_none,64,114.0,95.33333333333333,111.53640025990903,121.29230831708902,0.8362573099415205,0.9783894759641143,1.0639676168165704,64,1.0,10.391108999999807,10.393399745225906,2.8666806666679534,6.858671999999899,-16.03717024041585,-0.11677878929468521
t214_n8,FloorPlan214,living,8,llm_risk_none,128,114.0,95.33333333333333,111.53640025990903,121.29230831708902,0.8362573099415205,0.9783894759641143,1.0639676168165704,128,1.0,21.043752333333405,21.048593024412792,5.752525000004856,13.794682000000632,-16.03717024041585,-0.11677878929468521
t214_n8,FloorPlan214,living,8,llm_risk_none,256,114.0,95.33333333333333,111.53640025990903,121.29230831708902,0.8362573099415205,0.9783894759641143,1.0639676168165704,256,1.0,42.69179766666653,42.69677773118019,11.520585000003969,27.714418333336138,-16.03717024041585,-0.11677878929468521
t214_n8,FloorPlan214,living,8,llm_risk_nominal,32,114.0,101.66666666666667,117.11970110461338,126.89846003898636,0.8918128654970761,1.0273657991632752,1.113144386306898,22.333333333333332,0.6979166666666666,4.558205666667092,4.558671576281388,1.024595999999119,3.26488866666678,-10.431018518518519,-0.07595615033337995
t214_n8,FloorPlan214,living,8,llm_risk_nominal,64,114.0,95.33333333333333,111.53640025990903,121.29230831708902,0.8362573099415205,0.9783894759641143,1.0639676168165704,36.666666666666664,0.5729166666666666,8.966202666667181,8.966698000828424,1.6679236666661268,6.706600999999719,-16.03717024041585,-0.11677878929468521
t214_n8,FloorPlan214,living,8,llm_risk_nominal,128,114.0,95.33333333333333,111.53640025990903,121.29230831708902,0.8362573099415205,0.9783894759641143,1.0639676168165704,49.333333333333336,0.3854166666666667,25.573218666666914,25.573815839986008,2.258812333335136,22.028081333330007,-16.03717024041585,-0.11677878929468521
t214_n8,FloorPlan214,living,8,llm_risk_nominal,256,114.0,95.33333333333333,111.53640025990903,121.29230831708902,0.8362573099415205,0.9783894759641143,1.0639676168165704,63,0.24609375,41.27558866666714,41.276272075871624,2.889474666669223,35.464638666664605,-16.03717024041585,-0.11677878929468521
t214_n8,FloorPlan214,living,8,llm_risk_critical,32,114.0,101.66666666666667,117.11970110461338,126.89846003898636,0.8918128654970761,1.0273657991632752,1.113144386306898,18,0.5625,4.461683333333373,4.462436772882938,0.8260136666669027,3.2916446666663526,-10.431018518518519,-0.07595615033337995
t214_n8,FloorPlan214,living,8,llm_risk_critical,64,114.0,95.33333333333333,111.53640025990903,121.29230831708902,0.8362573099415205,0.9783894759641143,1.0639676168165704,28.666666666666668,0.4479166666666667,8.76301566666656,8.763796960314115,1.3090816666669152,6.7034636666655585,-16.03717024041585,-0.11677878929468521
t214_n8,FloorPlan214,living,8,llm_risk_critical,128,114.0,95.33333333333333,111.53640025990903,121.29230831708902,0.8362573099415205,0.9783894759641143,1.0639676168165704,37.666666666666664,0.2942708333333333,16.75867066666677,16.759485316773254,1.7219193333334697,13.435287666665316,-16.03717024041585,-0.11677878929468521
t214_n8,FloorPlan214,living,8,llm_risk_critical,256,114.0,95.33333333333333,111.53640025990903,121.29230831708902,0.8362573099415205,0.9783894759641143,1.0639676168165704,45.666666666666664,0.17838541666666666,32.36424633333357,32.36515602717797,2.089633999998656,26.701649000002565,-16.03717024041585,-0.11677878929468521
t214_n8,FloorPlan214,living,8,uniform_nominal_none,32,114.0,120.33333333333333,135.6132358674464,145.97065464587394,1.0555555555555556,1.1895897883109334,1.2804443389988942,32,1.0,5.176447999999685,5.177066040535768,1.4344149999994116,3.4613829999997257,8.641176088369074,0.06292295127845178
t214_n8,FloorPlan214,living,8,uniform_nominal_none,64,114.0,109.33333333333333,124.51853151397012,133.70996913580248,0.9590643274853801,1.0922678202979834,1.1728944661035305,64,1.0,10.360300000000025,10.360947189231714,2.851321333332694,6.888881666666791,-3.619509421702394,-0.02635639092000756
t214_n8,FloorPlan214,living,8,uniform_nominal_none,128,114.0,100.33333333333333,116.57819363222872,126.23954191033138,0.8801169590643275,1.0226157336160413,1.1073644027222052,128,1.0,20.853609000000144,20.85733072211345,5.7203936666677295,13.748389666665398,-11.089936647173488,-0.08075423254832885
t214_n8,FloorPlan214,living,8,uniform_nominal_none,256,114.0,98.66666666666667,115.22509421702404,124.77560428849903,0.8654970760233918,1.010746440500211,1.0945228446359563,256,1.0,42.48436599999975,42.48822790880998,11.465321666667805,27.860916333332025,-12.553874269005846,-0.09141427172716658
t214_n8,FloorPlan214,living,8,uniform_risk_none,32,114.0,120.33333333333333,135.6132358674464,145.97065464587394,1.0555555555555556,1.1895897883109334,1.2804443389988942,32,1.0,5.249109666666622,5.249678778151671,1.4267370000003627,3.5337646666656988,8.641176088369074,0.06292295127845178
t214_n8,FloorPlan214,living,8,uniform_risk_none,64,114.0,113.0,128.49578947368423,138.42416991552957,0.9912280701754386,1.1271560480147738,1.2142471045221892,64,1.0,10.425936333333219,10.428753060599169,2.845030666668672,6.933554666666157,1.0946913580246946,0.007971277321688156
t214_n8,FloorPlan214,living,8,uniform_risk_none,128,114.0,106.66666666666667,123.6154710851202,133.97857374918777,0.935672514619883,1.0843462375887738,1.1752506469226998,128,1.0,21.050047333333193,21.052918396890163,5.72268933333812,13.904841666664206,-3.3509048083170967,-0.024400477184612246
t214_n8,FloorPlan214,living,8,uniform_risk_none,256,114.0,102.33333333333333,119.43171539961014,130.0614197530864,0.8976608187134503,1.0476466263123696,1.1408896469568983,256,1.0,42.58646233333311,42.589460810025535,11.485989333340108,28.022669333336008,-7.268058804418459,-0.05292424380228792
t214_n8,FloorPlan214,living,8,uniform_random,32,114.0,111.33333333333333,128.1909486679662,138.87380116959065,0.9766081871345029,1.1244820058593528,1.2181912383297424,32,1.0,5.203268999999899,5.2038828531901045,1.4240443333341328,3.4767533333344147,1.544322612085774,0.011245383207649154
t214_n8,FloorPlan214,living,8,uniform_random,64,114.0,109.66666666666667,127.27545808966862,137.7620386614685,0.9619883040935673,1.1164513867514791,1.2084389356269165,64,1.0,10.322452333333251,10.323080234229565,2.844694000001683,6.8028116666679255,0.43256010396361927,0.003149797905789694
t214_n8,FloorPlan214,living,8,uniform_random,128,114.0,109.33333333333333,126.15815464587395,136.2909811565952,0.9590643274853801,1.1066504793497716,1.1955349224262735,128,1.0,20.890470666666456,20.89117281138897,5.697003333334709,13.766900666667562,-1.0384974009096812,-0.007562086536830696
t214_n8,FloorPlan214,living,8,uniform_random,256,114.0,102.0,120.43149447693308,131.04361111111112,0.8947368421052632,1.0564166182187111,1.1495053606237817,256,1.0,41.95664133333329,41.957471830149494,11.410433000004142,27.629791333340314,-6.285867446393756,-0.04577216423174313
t215_n4,FloorPlan215,living,4,llm_nominal_none,32,68.0,64.66666666666667,74.24193899782135,80.39406318082789,0.9509803921568628,1.0917932205561964,1.1822656350121747,32,1.0,3.1768040000003475,3.177432343363762,0.8809506666676015,2.0354596666679234,-6.125544662309362,-0.07079949638023282
t215_n4,FloorPlan215,living,4,llm_nominal_none,64,68.0,64.66666666666667,73.70392156862745,79.71989106753813,0.9509803921568628,1.083881199538639,1.1723513392285019,64,1.0,6.534418333333569,6.53506504992644,1.7590443333377337,4.142366666668451,-6.799716775599127,-0.07859162732137237
t215_n4,FloorPlan215,living,4,llm_nominal_none,128,68.0,63.333333333333336,72.10773420479303,78.14310457516339,0.9313725490196079,1.0604078559528387,1.1491633025759322,128,1.0,13.478745333333228,13.479438610374928,3.508594000003029,8.342335666668532,-8.376503267973854,-0.09681624173748819
t215_n4,FloorPlan215,living,4,llm_nominal_none,256,68.0,61.666666666666664,70.86083877995642,76.71128540305011,0.9068627450980392,1.042071158528771,1.1281071382801486,256,1.0,35.11577633333355,35.12584355970224,6.993546666665296,24.502962333336892,-9.808322440087144,-0.11336531318854264
t215_n4,FloorPlan215,living,4,llm_risk_none,32,68.0,66.33333333333333,74.95081699346406,81.15171023965141,0.9754901960784313,1.1022178969627066,1.1934075035242855,32,1.0,3.1725086666665923,3.173024704058965,0.8858510000001966,2.019985000000742,-5.367897603485839,-0.06204255587031793
t215_n4,FloorPlan215,living,4,llm_risk_none,64,68.0,64.0,72.93790849673202,78.88035947712419,0.9411764705882353,1.0726163014225298,1.1600052864282968,64,1.0,6.603031666666759,6.603559789558251,1.7635970000000611,4.210591666668447,-7.639248366013068,-0.08829499527856466
t215_n4,FloorPlan215,living,4,llm_risk_none,128,68.0,63.333333333333336,72.10773420479303,78.14310457516339,0.9313725490196079,1.0604078559528387,1.1491633025759322,128,1.0,13.483457999999912,13.487091908852259,3.5091246666677143,8.456608000001845,-8.376503267973854,-0.09681624173748819
t215_n4,FloorPlan215,living,4,llm_risk_none,256,68.0,60.333333333333336,69.75648148148149,75.76472766884531,0.8872549019607844,1.0258306100217864,1.1141871716006664,256,1.0,27.237549333333295,27.241294893125694,6.972383666670486,16.899986000003864,-10.754880174291936,-0.12430569719861502
t215_n4,FloorPlan215,living,4,llm_risk_nominal,32,68.0,66.33333333333333,74.95081699346406,81.15171023965141,0.9754901960784313,1.1022178969627066,1.1934075035242855,16.333333333333332,0.5104166666666666,2.6789040000002964,2.679370033244292,0.46453600000084805,1.9798176666648477,-5.367897603485839,-0.06204255587031793
t215_n4,FloorPlan215,living,4,llm_risk_nominal,64,68.0,64.0,72.93790849673202,78.88035947712419,0.9411764705882353,1.0726163014225298,1.1600052864282968,24.666666666666668,0.3854166666666667,5.25967466666651,5.260140324632327,0.7019636666673416,4.0234503333301435,-7.639248366013068,-0.08829499527856466
t215_n4,FloorPlan215,living,4,llm_risk_nominal,128,68.0,63.333333333333336,72.10773420479303,78.14310457516339,0.9313725490196079,1.0604078559528387,1.1491633025759322,34.666666666666664,0.2708333333333333,10.32322333333339,10.323706703881422,0.9901976666680431,8.05943599999844,-8.376503267973854,-0.09681624173748819
t215_n4,FloorPlan215,living,4,llm_risk_nominal,256,68.0,60.333333333333336,69.75648148148149,75.76472766884531,0.8872549019607844,1.0258306100217864,1.1141871716006664,51,0.19921875,20.376005333333502,20.376570833226044,1.4554366666684377,16.109727333334156,-10.754880174291936,-0.12430569719861502
t215_n4,FloorPlan215,living,4,llm_risk_critical,32,68.0,66.33333333333333,74.95081699346406,81.15171023965141,0.9754901960784313,1.1022178969627066,1.1934075035242855,16.333333333333332,0.5104166666666666,2.806604666666305,2.807246521115303,0.4654686666644518,2.0294280000016465,-5.367897603485839,-0.06204255587031793
t215_n4,FloorPlan215,living,4,llm_risk_critical,64,68.0,64.0,72.93790849673202,78.88035947712419,0.9411764705882353,1.0726163014225298,1.1600052864282968,24.666666666666668,0.3854166666666667,5.48909333333351,5.489731207489967,0.6995916666650004,4.089979666668242,-7.639248366013068,-0.08829499527856466
t215_n4,FloorPlan215,living,4,llm_risk_critical,128,68.0,63.333333333333336,72.10773420479303,78.14310457516339,0.9313725490196079,1.0604078559528387,1.1491633025759322,32.333333333333336,0.2526041666666667,10.62753633333339,10.628215037286282,0.9158693333315426,8.121639333334763,-8.376503267973854,-0.09681624173748819
t215_n4,FloorPlan215,living,4,llm_risk_critical,256,68.0,60.333333333333336,69.75648148148149,75.76472766884531,0.8872549019607844,1.0258306100217864,1.1141871716006664,45.333333333333336,0.17708333333333334,20.800744666666482,20.80145509292682,1.2770889999981587,16.07848933333352,-10.754880174291936,-0.12430569719861502
t215_n4,FloorPlan215,living,4,uniform_nominal_none,32,68.0,67.33333333333333,77.63430283224402,84.43703703703703,0.9901960784313725,1.1416809240035883,1.2417211328976034,32,1.0,3.1971416666663663,3.197828307747841,0.8770506666661385,2.064737666666853,-2.082570806100217,-0.024070506767390604
t215_n4,FloorPlan215,living,4,uniform_nominal_none,64,68.0,67.66666666666667,76.9023311546841,83.139825708061,0.9950980392156863,1.1309166346277073,1.2226444957067795,64,1.0,6.485172999999733,6.485895253717899,1.7461233333332753,4.136879333332881,-3.37978213507625,-0.03906377085300594
t215_n4,FloorPlan215,living,4,uniform_nominal_none,128,68.0,66.0,75.11519607843138,81.47298474945534,0.9705882352941176,1.1046352364475203,1.1981321286684607,128,1.0,13.383101666666638,13.383861320714155,3.48915899999754,8.452026333332382,-5.046623093681916,-0.05832924142272585
t215_n4,FloorPlan215,living,4,uniform_nominal_none,256,68.0,61.666666666666664,70.99046840958606,76.96569716775599,0.9068627450980392,1.0439774766115597,1.1318484877611175,256,1.0,36.44359766666631,36.447315787275635,6.959126333330919,26.083260333330454,-9.55391067538126,-0.11042480327352848
t215_n4,FloorPlan215,living,4,uniform_risk_none,32,68.0,69.0,77.36126361655774,83.49880174291938,1.0147058823529411,1.1376656414199666,1.2279235550429322,32,1.0,3.1291043333334656,3.1296458716193833,0.866085333334136,2.0110849999997646,-3.020806100217863,-0.034914699401951466
t215_n4,FloorPlan215,living,4,uniform_risk_none,64,68.0,64.66666666666667,73.48277777777778,79.38187363834423,0.9509803921568627,1.0806290849673204,1.1673804946815327,64,1.0,6.428747666666901,6.4293065418799715,1.7249616666677643,4.099136333332846,-7.137734204793024,-0.08249845766446329
t215_n4,FloorPlan215,living,4,uniform_risk_none,128,68.0,62.666666666666664,71.54824618736383,77.69806100217865,0.9215686274509803,1.0521800909906447,1.142618544149686,128,1.0,13.262130999999991,13.266265081862608,3.458995000000501,8.331473333334985,-8.821546840958604,-0.1019600881334592
t215_n4,FloorPlan215,living,4,uniform_risk_none,256,68.0,60.333333333333336,69.75648148148149,75.76472766884531,0.8872549019607844,1.0258306100217864,1.1141871716006664,256,1.0,26.881949000000144,26.886180664102238,6.911810000004219,16.692644000000517,-10.754880174291936,-0.12430569719861502
t215_n4,FloorPlan215,living,4,uniform_random,32,68.0,66.33333333333333,75.30860566448801,81.13596949891067,0.9754901960784313,1.1074794950660003,1.193176022042804,32,1.0,3.122891666667016,3.123353856305281,0.8697580000003313,2.006022000000366,-5.383638344226578,-0.06222448851117405
t215_n4,FloorPlan215,living,4,uniform_random,64,68.0,61.0,70.094825708061,75.87175381263617,0.8970588235294118,1.0308062604126618,1.1157610854799436,64,1.0,6.316426333333958,6.316908945639928,1.7311536666676137,4.054778999998732,-10.647854030501085,-0.12306868114573492
t215_n4,FloorPlan215,living,4,uniform_random,128,68.0,61.0,70.094825708061,75.87175381263617,0.8970588235294118,1.0308062604126618,1.1157610854799436,128,1.0,12.681961000000186,12.682495017846426,3.451297333339672,8.135932333333132,-10.647854030501085,-0.12306868114573492
t215_n4,FloorPlan215,living,4,uniform_random,256,68.0,61.0,70.094825708061,75.87175381263617,0.8970588235294118,1.0308062604126618,1.1157610854799436,256,1.0,25.531928333333436,25.532526895403862,6.904745333345137,16.38686033333947,-10.647854030501085,-0.12306868114573492
t215_n6,FloorPlan215,living,6,llm_nominal_none,32,105.0,102.66666666666667,117.79832451499118,127.70805776014109,0.9777777777777777,1.121888804904678,1.2162672167632484,32,1.0,4.210686333333473,4.211475141346455,1.1696210000013234,2.7643860000008402,-3.0970017636684304,-0.023676467675967133
t215_n6,FloorPlan215,living,6,llm_nominal_none,64,105.0,100.33333333333333,114.89545855379188,124.61105599647266,0.9555555555555556,1.0942424624170655,1.1867719618711683,64,1.0,9.076426666666748,9.077259339392185,2.3411116666670986,6.088859333335546,-6.194003527336861,-0.047352935351934265
t215_n6,FloorPlan215,living,6,llm_nominal_none,128,105.0,100.33333333333333,114.89545855379188,124.61105599647266,0.9555555555555556,1.0942424624170655,1.1867719618711683,128,1.0,18.216533666666795,18.217422689000767,4.702543000002279,11.927575666668725,-6.194003527336861,-0.047352935351934265
t215_n6,FloorPlan215,living,6,llm_nominal_none,256,105.0,98.0,111.99259259259259,121.51405423280423,0.9333333333333333,1.0665961199294531,1.157276706979088,256,1.0,36.52747500000005,36.530621660252415,9.362248333331102,23.476352000008898,-9.291005291005291,-0.0710294030279014
t215_n6,FloorPlan215,living,6,llm_risk_none,32,105.0,102.66666666666667,117.79832451499118,127.70805776014109,0.9777777777777777,1.121888804904678,1.2162672167632484,32,1.0,4.159526666666302,4.159968967239062,1.1681816666673228,2.7134790000022946,-3.0970017636684304,-0.023676467675967133
t215_n6,FloorPlan215,living,6,llm_risk_none,64,105.0,100.33333333333333,114.89545855379188,124.61105599647266,0.9555555555555556,1.0942424624170655,1.1867719618711683,64,1.0,8.524528999999484,8.52498784661293,2.3179383333351566,5.5636370000042845,-6.194003527336861,-0.047352935351934265
t215_n6,FloorPlan215,living,6,llm_risk_none,128,105.0,100.33333333333333,114.89545855379188,124.61105599647266,0.9555555555555556,1.0942424624170655,1.1867719618711683,128,1.0,17.50881199999969,17.509325097004574,4.661911999999842,11.277796333339474,-6.194003527336861,-0.047352935351934265
t215_n6,FloorPlan215,living,6,llm_risk_none,256,105.0,98.0,111.99259259259259,121.51405423280423,0.9333333333333333,1.0665961199294531,1.157276706979088,256,1.0,35.8044246666663,35.80505804469188,9.331343000001269,22.832178333347386,-9.291005291005291,-0.0710294030279014
t215_n6,FloorPlan215,living,6,llm_risk_nominal,32,105.0,102.66666666666667,117.79832451499118,127.70805776014109,0.9777777777777777,1.121888804904678,1.2162672167632484,19,0.59375,3.6533106666668167,3.653756653269132,0.7068656666655571,2.6890059999997717,-3.0970017636684304,-0.023676467675967133
t215_n6,FloorPlan215,living,6,llm_risk_nominal,64,105.0,100.33333333333333,114.89545855379188,124.61105599647266,0.9555555555555556,1.0942424624170655,1.1867719618711683,33,0.515625,7.356510000000445,7.356977400680383,1.2247509999990431,5.546534666666621,-6.194003527336861,-0.047352935351934265
t215_n6,FloorPlan215,living,6,llm_risk_nominal,128,105.0,100.33333333333333,114.89545855379188,124.61105599647266,0.9555555555555556,1.0942424624170655,1.1867719618711683,49.666666666666664,0.3880208333333333,14.287974666667166,14.288469217717648,1.8483659999987505,11.05610866666377,-6.194003527336861,-0.047352935351934265
t215_n6,FloorPlan215,living,6,llm_risk_nominal,256,105.0,98.0,111.99259259259259,121.51405423280423,0.9333333333333333,1.0665961199294531,1.157276706979088,78,0.3046875,28.260125000000375,28.260704440375168,2.906321333331796,22.166264999993263,-9.291005291005291,-0.0710294030279014
t215_n6,FloorPlan215,living,6,llm_risk_critical,32,105.0,102.66666666666667,117.79832451499118,127.70805776014109,0.9777777777777777,1.121888804904678,1.2162672167632484,19,0.59375,3.7675233333332634,3.76806470255057,0.7032190000003288,2.733631333332376,-3.0970017636684304,-0.023676467675967133
t215_n6,FloorPlan215,living,6,llm_risk_critical,64,105.0,100.33333333333333,114.89545855379188,124.61105599647266,0.9555555555555556,1.0942424624170655,1.1867719618711683,29.666666666666668,0.4635416666666667,7.3655263333334275,7.366100636621316,1.0987599999996434,5.5252156666651215,-6.194003527336861,-0.047352935351934265
t215_n6,FloorPlan215,living,6,llm_risk_critical,128,105.0,100.33333333333333,114.89545855379188,124.61105599647266,0.9555555555555556,1.0942424624170655,1.1867719618711683,42,0.328125,14.351369333332956,14.351969895263514,1.5547623333323675,11.089564666666737,-6.194003527336861,-0.047352935351934265
t215_n6,FloorPlan215,living,6,llm_risk_critical,256,105.0,98.0,111.99259259259259,121.51405423280423,0.9333333333333333,1.0665961199294531,1.157276706979088,58,0.2265625,37.527405333332986,37.52813239892324,2.141136999997665,31.554311999999918,-9.291005291005291,-0.0710294030279014
t215_n6,FloorPlan215,living,6,uniform_nominal_none,32,105.0,105.66666666666667,121.09550264550265,130.95575396825396,1.0063492063492063,1.1532905013857395,1.2471976568405139,32,1.0,4.212146333332889,4.212744844456513,1.1744623333314053,2.7619973333360783,0.1506944444444495,0.0011520536360981974
t215_n6,FloorPlan215,living,6,uniform_nominal_none,64,105.0,101.33333333333333,115.93139329805997,125.737819664903,0.9650793650793651,1.104108507600571,1.1975030444276475,64,1.0,8.571505666666349,8.572124876081944,2.3340123333325615,5.592074666669333,-5.067239858906518,-0.038738867421134936
t215_n6,FloorPlan215,living,6,uniform_nominal_none,128,105.0,95.66666666666667,109.26119929453263,118.6610119047619,0.9111111111111111,1.0405828504241201,1.1301048752834466,128,1.0,17.36024499999959,17.360920707384746,4.663177999999195,11.311383333332556,-12.144047619047612,-0.0928408095471041
t215_n6,FloorPlan215,living,6,uniform_nominal_none,256,105.0,93.0,107.67535273368607,117.45439814814814,0.8857142857142857,1.0254795498446292,1.118613315696649,256,1.0,35.337004333333276,35.33779519299666,9.348230333331209,22.747369000001072,-13.35066137566137,-0.1020653285451183
t215_n6,FloorPlan215,living,6,uniform_risk_none,32,105.0,105.66666666666667,121.09550264550265,130.95575396825396,1.0063492063492063,1.1532905013857395,1.2471976568405139,32,1.0,4.165429999999286,4.165950231254101,1.1750236666667746,2.720185999998274,0.1506944444444495,0.0011520536360981974
t215_n6,FloorPlan215,living,6,uniform_risk_none,64,105.0,104.66666666666667,119.26613756613757,129.19836860670193,0.9968253968253968,1.1358679768203577,1.2304606533971614,64,1.0,8.557461333333016,8.558013165990511,2.3450426666672777,5.574034999997757,-1.6066909171075754,-0.01228309457567367
t215_n6,FloorPlan215,living,6,uniform_risk_none,128,105.0,96.33333333333333,110.31957671957672,119.78225308641976,0.9174603174603174,1.05066263542454,1.1407833627278072,128,1.0,17.388216999999706,17.388824373483658,4.682209333333039,11.251300666664873,-11.022806437389766,-0.0842689608300921
t215_n6,FloorPlan215,living,6,uniform_risk_none,256,105.0,93.0,107.68015873015872,117.38557098765432,0.8857142857142857,1.025525321239607,1.1179578189300412,256,1.0,35.52551366666634,35.52624490112066,9.335147000002486,22.92915433333409,-13.4194885361552,-0.10259150972453439
t215_n6,FloorPlan215,living,6,uniform_random,32,105.0,110.33333333333333,125.04135802469135,134.82938712522045,1.0507936507936508,1.190870076425632,1.2840894011925759,32,1.0,4.190813333332599,4.19129120806853,1.1755720000010683,2.729068666668333,4.024327601410941,0.030765840526821703
t215_n6,FloorPlan215,living,6,uniform_random,64,105.0,106.66666666666667,120.78037918871252,130.6225639329806,1.0158730158730158,1.1502893256067859,1.2440244184093392,64,1.0,8.563448333333076,8.569504134356976,2.3527546666688437,5.582766000000443,-0.18249559082891173,-0.0013951722623977887
t215_n6,FloorPlan215,living,6,uniform_random,128,105.0,105.66666666666667,118.19828042328042,127.05755070546736,1.0063492063492063,1.125697908793147,1.2100719114806415,128,1.0,17.24317899999968,17.24927593022585,4.691936666672447,11.2464376666687,-3.74750881834215,-0.028649570834528904
t215_n6,FloorPlan215,living,6,uniform_random,256,105.0,102.66666666666667,115.55776014109347,124.77655423280423,0.9777777777777777,1.1005500965818427,1.1883481355505163,256,1.0,34.72055166666651,34.726755072673164,9.336046666676681,22.739712666673146,-6.028505291005288,-0.04608770725652215
t215_n8,FloorPlan215,living,8,llm_nominal_none,32,113.0,113.0,133.57430678466076,145.7629818092429,1.0,1.1820735113686793,1.2899378921171938,32,1.0,4.998833999999934,4.999568065007527,1.4065339999994226,3.306638000000343,0.0,0.0
t215_n8,FloorPlan215,living,8,llm_nominal_none,64,113.0,113.0,133.21583415273682,145.41317805637496,1.0,1.1789011871923611,1.2868422836847344,64,1.0,10.055001333333813,10.055769234895706,2.7961303333334797,6.6108946666674955,-0.34980375286791815,-0.0023998119997689082
t215_n8,FloorPlan215,living,8,llm_nominal_none,128,113.0,113.0,132.85736152081284,145.06337430350706,1.0,1.175728863016043,1.2837466752522748,128,1.0,21.281479333333426,21.282313702007134,5.589789333332244,14.171038666670318,-0.6996075057358363,-0.0047996239995378165
t215_n8,FloorPlan215,living,8,llm_nominal_none,256,113.0,113.0,132.4988888888889,144.71357055063913,1.0,1.1725565388397248,1.2806510668198154,256,1.0,42.371737666666874,42.37268399447203,11.18397433333603,27.638432666670692,-1.0494112586037545,-0.007199435999306725
t215_n8,FloorPlan215,living,8,llm_risk_none,32,113.0,113.0,133.57430678466076,145.7629818092429,1.0,1.1820735113686793,1.2899378921171938,32,1.0,5.038248999999458,5.038723349571228,1.3955556666657525,3.3563743333357245,0.0,0.0
t215_n8,FloorPlan215,living,8,llm_risk_none,64,113.0,113.0,133.21583415273682,145.41317805637496,1.0,1.1789011871923611,1.2868422836847344,64,1.0,10.287616333333046,10.28811683257421,2.784876999998964,6.850239333336283,-0.34980375286791815,-0.0023998119997689082
t215_n8,FloorPlan215,living,8,llm_risk_none,128,113.0,113.0,132.85736152081284,145.06337430350706,1.0,1.175728863016043,1.2837466752522748,128,1.0,20.873901999999944,20.87444191177686,5.5984046666625416,13.786317333334352,-0.6996075057358363,-0.0047996239995378165
t215_n8,FloorPlan215,living,8,llm_risk_none,256,113.0,113.0,132.4988888888889,144.71357055063913,1.0,1.1725565388397248,1.2806510668198154,256,1.0,41.726115666666765,41.72957936922709,11.195902333335598,27.172684333341007,-1.0494112586037545,-0.007199435999306725
t215_n8,FloorPlan215,living,8,llm_risk_nominal,32,113.0,113.0,133.57430678466076,145.7629818092429,1.0,1.1820735113686793,1.2899378921171938,18.666666666666668,0.5833333333333334,4.290553666666715,4.290981218218803,0.8259926666672376,3.2070183333337,0.0,0.0
t215_n8,FloorPlan215,living,8,llm_risk_nominal,64,113.0,113.0,133.21583415273682,145.41317805637496,1.0,1.1789011871923611,1.2868422836847344,31.333333333333332,0.4895833333333333,8.492398666666881,8.49286156396071,1.3906790000017821,6.527859999997314,-0.34980375286791815,-0.0023998119997689082
t215_n8,FloorPlan215,living,8,llm_risk_nominal,128,113.0,113.0,132.85736152081284,145.06337430350706,1.0,1.175728863016043,1.2837466752522748,44.666666666666664,0.3489583333333333,16.566714333333604,16.56722401579221,1.9758690000012773,13.322118333326452,-0.6996075057358363,-0.0047996239995378165
t215_n8,FloorPlan215,living,8,llm_risk_nominal,256,113.0,113.0,132.4988888888889,144.71357055063913,1.0,1.1725565388397248,1.2806510668198154,66,0.2578125,32.02086866666676,32.02146726349989,2.9316459999998066,26.244523666665742,-1.0494112586037545,-0.007199435999306725
t215_n8,FloorPlan215,living,8,llm_risk_critical,32,113.0,113.0,133.57430678466076,145.7629818092429,1.0,1.1820735113686793,1.2899378921171938,14.333333333333334,0.4479166666666667,4.188375666666448,4.189001085857551,0.6414859999989512,3.2184343333356105,0.0,0.0
t215_n8,FloorPlan215,living,8,llm_risk_critical,64,113.0,113.0,133.21583415273682,145.41317805637496,1.0,1.1789011871923611,1.2868422836847344,23.666666666666668,0.3697916666666667,8.383734333333356,8.384382352232933,1.053594333331631,6.601579000003355,-0.34980375286791815,-0.0023998119997689082
t215_n8,FloorPlan215,living,8,llm_risk_critical,128,113.0,113.0,132.85736152081284,145.06337430350706,1.0,1.175728863016043,1.2837466752522748,33.666666666666664,0.2630208333333333,16.41981633333363,16.42051711678505,1.4908706666660148,13.340403000000537,-0.6996075057358363,-0.0047996239995378165
t215_n8,FloorPlan215,living,8,llm_risk_critical,256,113.0,113.0,132.4988888888889,144.71357055063913,1.0,1.1725565388397248,1.2806510668198154,46.666666666666664,0.18229166666666666,31.820476333333108,31.821278544763725,2.0672593333346256,26.274289666667155,-1.0494112586037545,-0.007199435999306725
t215_n8,FloorPlan215,living,8,uniform_nominal_none,32,113.0,133.0,150.29445919370698,161.1932645034415,1.176991150442478,1.3300394618912124,1.4264890664021372,32,1.0,5.001541999999581,5.002048797905445,1.404387333334256,3.3245103333336226,15.43028269419861,0.10585872011312114
t215_n8,FloorPlan215,living,8,uniform_nominal_none,64,113.0,127.33333333333333,143.89689446083253,155.481728531629,1.126843657817109,1.2734238447861286,1.3759445002799024,64,1.0,10.14144533333313,10.141984249154726,2.7972883333330736,6.722500333332586,9.718746722386092,0.0666749993843075
t215_n8,FloorPlan215,living,8,uniform_nominal_none,128,113.0,126.33333333333333,142.54174696820715,154.03346566699443,1.1179941002949851,1.2614313890991784,1.3631280147521632,128,1.0,20.548801666666172,20.549397605160873,5.617653333334971,13.541898666665256,8.270483857751543,0.056739260922742174
t215_n8,FloorPlan215,living,8,uniform_nominal_none,256,113.0,124.33333333333333,141.26636184857423,153.0464286299574,1.1002949852507375,1.2501447951201259,1.3543931737164372,256,1.0,41.361842333333065,41.3625780493021,11.208759666668714,27.00418099999702,7.283446820714507,0.049967740302172325
t215_n8,FloorPlan215,living,8,uniform_risk_none,32,113.0,134.66666666666666,152.07105047525403,163.1302704031465,1.191740412979351,1.3457615086305665,1.4436307115322702,32,1.0,5.053559000000559,5.053986795246601,1.4057723333333882,3.365191333329539,17.367288593903623,0.11914745690803619
t215_n8,FloorPlan215,living,8,uniform_risk_none,64,113.0,127.33333333333333,143.89689446083253,155.481728531629,1.126843657817109,1.2734238447861286,1.3759445002799024,64,1.0,10.157728333333319,10.15821130325397,2.8128540000027513,6.704063333330919,9.718746722386092,0.0666749993843075
t215_n8,FloorPlan215,living,8,uniform_risk_none,128,113.0,122.66666666666667,140.51983939691905,152.5156522451655,1.0855457227138643,1.2435384017426465,1.3496960375678364,128,1.0,20.710682333333175,20.711219559113186,5.610036666668705,13.670896000001894,6.752670435922634,0.046326374173380515
t215_n8,FloorPlan215,living,8,uniform_risk_none,256,113.0,115.33333333333333,134.64546705998032,146.98677605703048,1.0206489675516224,1.1915528058405338,1.3007679297082344,256,1.0,51.351788666666565,51.35742761194706,11.195195000007097,37.10400466665339,1.2237942477875947,0.00839578219790497
t215_n8,FloorPlan215,living,8,uniform_random,32,113.0,132.66666666666666,149.70039986889543,161.38959808259588,1.1740412979351031,1.3247822997247385,1.4282265317043883,32,1.0,5.036629333332894,5.037161832054456,1.3878516666651446,3.347018666668866,15.626616273352985,0.10720565728960756
t215_n8,FloorPlan215,living,8,uniform_random,64,113.0,132.33333333333334,148.30722877745,160.1028707800721,1.1710914454277286,1.312453352012832,1.4168395644254168,64,1.0,10.034754333333082,10.034267169733843,2.7758433333338792,6.584268666668318,14.339888970829216,0.09837812586460089
t215_n8,FloorPlan215,living,8,uniform_random,128,113.0,131.0,148.042961324156,160.05393600458865,1.1592920353982301,1.3101147019836816,1.416406513314944,128,1.0,20.60339099999986,20.604021847248077,5.556721333332367,13.624789999992911,14.29095419534577,0.0980424111661496
t215_n8,FloorPlan215,living,8,uniform_random,256,113.0,131.66666666666666,148.00517862995738,159.80947763028516,1.1651917404129795,1.30978034185803,1.4142431648697802,256,1.0,40.911456999999686,40.91422166675329,11.125881666661583,26.89648966666495,14.04649582104227,0.0963653161227495
t216_n4,FloorPlan216,living,4,llm_nominal_none,32,66.0,62.0,69.46442199775532,74.6372558922559,0.9393939393939394,1.0524912423902322,1.1308675135190287,32,1.0,3.460659999999708,3.461261900762717,0.9296660000008098,2.2668393333346395,-7.487870370370364,-0.09117636357020698
t216_n4,FloorPlan216,living,4,llm_nominal_none,64,66.0,61.0,68.19645342312009,72.9858810325477,0.9242424242424243,1.0332795973200013,1.1058466823113289,64,1.0,7.046629333332888,7.047234413524468,1.8730916666681214,4.533570333335568,-9.139245230078552,-0.11128439791802998
t216_n4,FloorPlan216,living,4,llm_nominal_none,128,66.0,60.0,66.33203142536476,71.1368911335578,0.9090909090909091,1.0050307791721933,1.077831683841785,128,1.0,14.449216333332812,14.453146606683731,3.771684333338854,9.24355066667193,-10.988235129068451,-0.13379869997312885
t216_n4,FloorPlan216,living,4,llm_nominal_none,256,66.0,55.666666666666664,63.51410774410775,68.63487934904602,0.8434343434343434,0.9623349658198143,1.0399224143794852,256,1.0,37.52461433333328,37.52868746717771,7.572466999997178,26.46609733333379,-13.490246913580231,-0.16426455005305007
t216_n4,FloorPlan216,living,4,llm_risk_none,32,66.0,62.0,69.53053872053871,74.7812542087542,0.9393939393939394,1.0534930109172533,1.1330493061932456,32,1.0,3.427462666666159,3.4279515966773033,0.9278656666653617,2.2353483333326096,-7.3438720538720474,-0.08942296210768956
t216_n4,FloorPlan216,living,4,llm_risk_none,64,66.0,60.0,67.0099214365881,71.89255892255892,0.9090909090909091,1.0153018399483047,1.0892811957963473,64,1.0,6.94868866666661,6.949192533890407,1.865893000000618,4.4575603333318154,-10.232567340067328,-0.12459727985494735
t216_n4,FloorPlan216,living,4,llm_risk_none,128,66.0,60.0,66.33203142536476,71.1368911335578,0.9090909090909091,1.0050307791721933,1.077831683841785,128,1.0,14.423603999999498,14.424141496419907,3.7505683333390514,9.212138333328271,-10.988235129068451,-0.13379869997312885
t216_n4,FloorPlan216,living,4,llm_risk_none,256,66.0,55.0,63.06462401795735,68.29176767676768,0.8333333333333334,0.9555246063326871,1.0347237526782982,256,1.0,29.714030666666485,29.71639173726241,7.518572333344113,18.84104066665741,-13.833358585858571,-0.1684424635357169
t216_n4,FloorPlan216,living,4,llm_risk_nominal,32,66.0,62.0,69.53053872053871,74.7812542087542,0.9393939393939394,1.0534930109172533,1.1330493061932456,23,0.71875,3.1067369999998227,3.1072100003560386,0.6644773333347823,2.2003383333363637,-7.3438720538720474,-0.08942296210768956
t216_n4,FloorPlan216,living,4,llm_risk_nominal,64,66.0,60.0,67.0099214365881,71.89255892255892,0.9090909090909091,1.0153018399483047,1.0892811957963473,38,0.59375,6.0206689999997565,6.021170876920223,1.1067823333347586,4.355600333333302,-10.232567340067328,-0.12459727985494735
t216_n4,FloorPlan216,living,4,llm_risk_nominal,128,66.0,60.0,66.33203142536476,71.1368911335578,0.9090909090909091,1.0050307791721933,1.077831683841785,54,0.421875,11.760821333332672,11.761363906164965,1.5889940000019347,8.903261333331969,-10.988235129068451,-0.13379869997312885
t216_n4,FloorPlan216,living,4,llm_risk_nominal,256,66.0,55.0,63.06462401795735,68.29176767676768,0.8333333333333334,0.9555246063326871,1.0347237526782982,73.33333333333333,0.2864583333333333,22.808804666666127,22.80938470115264,2.175807666667436,17.773686999998855,-13.833358585858571,-0.1684424635357169
t216_n4,FloorPlan216,living,4,llm_risk_critical,32,66.0,62.0,69.53053872053871,74.7812542087542,0.9393939393939394,1.0534930109172533,1.1330493061932456,20.333333333333332,0.6354166666666666,3.1277410000001282,3.1332246338327727,0.5885433333302122,2.2270153333329525,-7.3438720538720474,-0.08942296210768956
t216_n4,FloorPlan216,living,4,llm_risk_critical,64,66.0,60.0,67.0099214365881,71.89255892255892,0.9090909090909091,1.0153018399483047,1.0892811957963473,31.666666666666668,0.4947916666666667,6.034444333334221,6.039959068099658,0.9282706666642326,4.395882666663316,-10.232567340067328,-0.12459727985494735
t216_n4,FloorPlan216,living,4,llm_risk_critical,128,66.0,60.0,66.33203142536476,71.1368911335578,0.9090909090909091,1.0050307791721933,1.077831683841785,41,0.3203125,11.744704666667142,11.750247329473495,1.2065053333317384,8.954375333334022,-10.988235129068451,-0.13379869997312885
t216_n4,FloorPlan216,living,4,llm_risk_critical,256,66.0,55.0,63.06462401795735,68.29176767676768,0.8333333333333334,0.9555246063326871,1.0347237526782982,55.333333333333336,0.21614583333333334,23.13093466666712,23.136534728109837,1.6368099999978607,17.982841000000843,-13.833358585858571,-0.1684424635357169
t216_n4,FloorPlan216,living,4,uniform_nominal_none,32,66.0,61.0,68.63070707070707,74.03314814814814,0.9242424242424243,1.0398591980410161,1.1217143658810325,32,1.0,3.449827333333507,3.4505113338430724,0.9406906666680944,2.2584166666715553,-8.091978114478104,-0.09853230652700533
t216_n4,FloorPlan216,living,4,uniform_nominal_none,64,66.0,60.0,67.59265993265993,72.96546015712683,0.9090909090909091,1.024131211100908,1.1055372751079822,64,1.0,6.945910333334027,6.946608113745849,1.879904000003189,4.464169000004385,-9.159666105499431,-0.11153305355303715
t216_n4,FloorPlan216,living,4,uniform_nominal_none,128,66.0,59.666666666666664,66.45576879910213,71.31509539842874,0.904040404040404,1.0069055878651838,1.0805317484610415,128,1.0,14.406020000000316,14.406755877037844,3.767840000000078,9.15340300000326,-10.81003086419752,-0.13162878836409145
t216_n4,FloorPlan216,living,4,uniform_nominal_none,256,66.0,55.666666666666664,63.51410774410775,68.63487934904602,0.8434343434343434,0.9623349658198143,1.0399224143794852,256,1.0,30.124298333333854,30.13444474587838,7.557224666668934,19.03842233334115,-13.490246913580231,-0.16426455005305007
t216_n4,FloorPlan216,living,4,uniform_risk_none,32,66.0,62.0,69.33683501683501,74.66521885521885,0.9393939393939394,1.050558106315682,1.1312911947760433,32,1.0,3.437466333333935,3.437921404838562,0.9299056666722075,2.254046999999204,-7.4599074074074,-0.09083587139399356
t216_n4,FloorPlan216,living,4,uniform_risk_none,64,66.0,60.666666666666664,68.09904601571267,73.06585297418631,0.9191919191919192,1.031803727510798,1.1070583783967622,64,1.0,6.911853666666801,6.91741518676281,1.8700206666727819,4.454359666665297,-9.059273288439945,-0.11031061625974836
t216_n4,FloorPlan216,living,4,uniform_risk_none,128,66.0,59.666666666666664,66.44970819304153,71.41139169472503,0.904040404040404,1.006813760500629,1.0819907832534095,128,1.0,14.196308333333482,14.201901232202848,3.733302666673192,9.107335666667993,-10.713734567901222,-0.1304562325254757
t216_n4,FloorPlan216,living,4,uniform_risk_none,256,66.0,53.333333333333336,61.73263748597082,66.9866189674523,0.8080808080808081,0.935342992211679,1.014948772234126,256,1.0,29.42417633333368,29.43529685338338,7.468484000002699,18.689230333334212,-15.138507295173946,-0.18433466082916963
t216_n4,FloorPlan216,living,4,uniform_random,32,66.0,59.666666666666664,67.27234567901235,72.65936588103256,0.9040404040404041,1.0192779648335204,1.1008994830459478,32,1.0,3.4193526666671894,3.419807180762291,0.9338700000007805,2.2346959999980007,-9.465760381593702,-0.11526022317851108
t216_n4,FloorPlan216,living,4,uniform_random,64,66.0,56.333333333333336,64.45193041526375,69.65605780022447,0.8535353535353536,0.9765444002312689,1.0553948151549162,64,1.0,6.829923666667052,6.83041475713253,1.8674880000020266,4.418601666663709,-12.469068462401784,-0.151830128364457
t216_n4,FloorPlan216,living,4,uniform_random,128,66.0,56.333333333333336,64.45193041526375,69.65605780022447,0.8535353535353536,0.9765444002312689,1.0553948151549162,128,1.0,13.906386666666512,13.906915361682573,3.7307233333360537,9.0516079999959,-12.469068462401784,-0.151830128364457
t216_n4,FloorPlan216,living,4,uniform_random,256,66.0,56.666666666666664,63.80335578002244,68.80011223344556,0.8585858585858586,0.966717511818522,1.0424259429309934,256,1.0,28.355171333333946,28.355771986146767,7.449357000005226,18.617655000000493,-13.325014029180688,-0.1622525849953509
t216_n6,FloorPlan216,living,6,llm_nominal_none,32,77.0,84.66666666666667,95.29085618085618,102.28360149110149,1.0995670995670996,1.237543586764366,1.328358460923396,32,1.0,4.356842333333925,4.357657395303249,1.2220893333321214,2.865563666666423,-13.00368566618566,-0.11279375191164535
t216_n6,FloorPlan216,living,6,llm_nominal_none,64,77.0,74.66666666666667,84.96954064454064,91.73124518999519,0.9696969696969697,1.1035005278511771,1.1913148725973401,64,1.0,8.818929000000253,8.819780933360258,2.4242603333277657,5.8014586666684425,-23.556041967291964,-0.20432471392231055
t216_n6,FloorPlan216,living,6,llm_nominal_none,128,77.0,72.66666666666667,83.35357864357864,90.01503186628187,0.9437229437229437,1.0825140083581641,1.1690263878737905,128,1.0,17.993399000000448,17.994284629821777,4.8460049999980255,11.829264333338566,-25.272255291005283,-0.21921111957926628
t216_n6,FloorPlan216,living,6,llm_nominal_none,256,77.0,69.0,81.13782347282347,88.50584475709476,0.8961038961038961,1.0537379671795257,1.149426555286945,256,1.0,36.83148766666674,36.832440023620926,9.695203999995647,24.135939333338758,-26.781442400192393,-0.23230178331505283
t216_n6,FloorPlan216,living,6,llm_risk_none,32,77.0,84.66666666666667,95.42107503607504,102.56669492544492,1.0995670995670996,1.2392347407282474,1.3320349990317522,32,1.0,4.492949999999496,4.493662466605504,1.2231336666677823,2.9977206666676657,-12.720592231842227,-0.11033820419841651
t216_n6,FloorPlan216,living,6,llm_risk_none,64,77.0,79.0,88.84772967772967,95.82711159211159,1.025974025974026,1.1538666191912945,1.2445079427546961,64,1.0,8.908665666666593,8.909391549726328,2.4342073333312917,5.861235666666668,-19.46017556517556,-0.16879723727583185
t216_n6,FloorPlan216,living,6,llm_risk_none,128,77.0,71.66666666666667,81.33539923039923,88.05010040885041,0.9307359307359307,1.056303886109081,1.1435077975175378,128,1.0,19.087684666666622,19.08843529721101,5.109746666664232,12.517795999999137,-27.237186748436745,-0.23625490216693956
t216_n6,FloorPlan216,living,6,llm_risk_none,256,77.0,68.33333333333333,79.65731120731121,86.75021825396826,0.8874458874458874,1.0345105351598858,1.1266262110904968,256,1.0,38.34558366666604,38.37332253654798,10.030611666656123,25.17520166666228,-28.537068903318897,-0.24753005823084032
t216_n6,FloorPlan216,living,6,llm_risk_nominal,32,77.0,84.66666666666667,95.42107503607504,102.56669492544492,1.0995670995670996,1.2392347407282474,1.3320349990317522,21,0.65625,4.001175333333625,4.001709011693795,0.8254610000027659,2.922229000001053,-12.720592231842227,-0.11033820419841651
t216_n6,FloorPlan216,living,6,llm_risk_nominal,64,77.0,79.0,88.84772967772967,95.82711159211159,1.025974025974026,1.1538666191912945,1.2445079427546961,37.333333333333336,0.5833333333333334,7.907929333333286,7.936654612421989,1.4535690000041512,5.892450333338554,-19.46017556517556,-0.16879723727583185
t216_n6,FloorPlan216,living,6,llm_risk_nominal,128,77.0,71.66666666666667,81.33539923039923,88.05010040885041,0.9307359307359307,1.056303886109081,1.1435077975175378,57.333333333333336,0.4479166666666667,15.39531233333354,15.424034868677458,2.236454000006679,11.928163000003877,-27.237186748436745,-0.23625490216693956
t216_n6,FloorPlan216,living,6,llm_risk_nominal,256,77.0,68.33333333333333,79.65731120731121,86.75021825396826,0.8874458874458874,1.0345105351598858,1.1266262110904968,88.66666666666667,0.3463541666666667,29.896019000000607,29.93111250301202,3.4643590000052646,23.79020300001322,-28.537068903318897,-0.24753005823084032
t216_n6,FloorPlan216,living,6,llm_risk_critical,32,77.0,84.66666666666667,95.42107503607504,102.56669492544492,1.0995670995670996,1.2392347407282474,1.3320349990317522,18,0.5625,3.8653423333331696,3.865928389132023,0.6829546666674938,2.8650000000058164,-12.720592231842227,-0.11033820419841651
t216_n6,FloorPlan216,living,6,llm_risk_critical,64,77.0,79.0,88.84772967772967,95.82711159211159,1.025974025974026,1.1538666191912945,1.2445079427546961,30.333333333333332,0.4739583333333333,7.636580999999272,7.637196841339271,1.1513903333337794,5.784681666672971,-19.46017556517556,-0.16879723727583185
t216_n6,FloorPlan216,living,6,llm_risk_critical,128,77.0,71.66666666666667,81.33539923039923,88.05010040885041,0.9307359307359307,1.056303886109081,1.1435077975175378,41.666666666666664,0.3255208333333333,14.841297666666383,14.841950808962187,1.588705333333588,11.745750333339208,-27.237186748436745,-0.23625490216693956
t216_n6,FloorPlan216,living,6,llm_risk_critical,256,77.0,68.33333333333333,79.65731120731121,86.75021825396826,0.8874458874458874,1.0345105351598858,1.1266262110904968,59.333333333333336,0.23177083333333334,28.597186666666257,28.597918649514515,2.273343000001186,23.13247833333243,-28.537068903318897,-0.24753005823084032
t216_n6,FloorPlan216,living,6,uniform_nominal_none,32,77.0,72.33333333333333,85.90722703222703,93.55457251082251,0.9393939393939393,1.1156782731458055,1.2149944481925004,32,1.0,4.478917333332906,4.479564726352692,1.2112729999979404,3.0044516666691834,-21.73271464646464,-0.18850920324644785
t216_n6,FloorPlan216,living,6,uniform_nominal_none,64,77.0,70.0,83.552886002886,91.32568903318904,0.9090909090909091,1.085102415621896,1.1860479095219356,64,1.0,8.840289000000112,8.840963865319887,2.4075583333361315,5.828175000001916,-23.961598124098117,-0.20784250124133086
t216_n6,FloorPlan216,living,6,uniform_nominal_none,128,77.0,70.0,83.552886002886,91.32568903318904,0.9090909090909091,1.085102415621896,1.1860479095219356,128,1.0,18.201472000000035,18.20219277093808,4.817468333339292,11.945530666667517,-23.961598124098117,-0.20784250124133086
t216_n6,FloorPlan216,living,6,uniform_nominal_none,256,77.0,69.33333333333333,81.95569985569985,89.3963474025974,0.9004329004329004,1.0643597383857124,1.1609915247090572,256,1.0,37.516271000000025,37.5199339662989,9.729651666675684,24.295615333328985,-25.89093975468975,-0.22457757826642746
t216_n6,FloorPlan216,living,6,uniform_risk_none,32,77.0,72.33333333333333,85.90722703222703,93.55457251082251,0.9393939393939393,1.1156782731458055,1.2149944481925004,32,1.0,4.344017999999987,4.34452760964632,1.2095513333356678,2.866700333335951,-21.73271464646464,-0.18850920324644785
t216_n6,FloorPlan216,living,6,uniform_risk_none,64,77.0,70.33333333333333,82.99887926887926,90.5907677970178,0.9134199134199134,1.077907522972458,1.176503477883348,64,1.0,8.869917000000171,8.87045202155908,2.416844000002527,5.835257000001685,-24.696519360269352,-0.21421719574835466
t216_n6,FloorPlan216,living,6,uniform_risk_none,128,77.0,70.33333333333333,82.99887926887926,90.5907677970178,0.9134199134199134,1.077907522972458,1.176503477883348,128,1.0,18.441061000000165,18.444281692306202,4.885649000002583,12.062871666670341,-24.696519360269352,-0.21421719574835466
t216_n6,FloorPlan216,living,6,uniform_risk_none,256,77.0,69.66666666666667,81.40169312169311,88.66142616642617,0.9047619047619048,1.0571648457362743,1.1514470930704697,256,1.0,46.887269333333016,46.890653980275,9.778478666662593,33.57565233334311,-26.625860990860986,-0.2309522727734513
t216_n6,FloorPlan216,living,6,uniform_random,32,77.0,77.0,89.08275132275132,96.47506974506975,1.0,1.1569188483474198,1.2529229837022045,32,1.0,4.355279000000323,4.355790093541145,1.2052363333297695,2.8739409999995282,-18.812217412217407,-0.1631768590976712
t216_n6,FloorPlan216,living,6,uniform_random,64,77.0,77.33333333333333,88.45644781144782,95.69079605579606,1.0043290043290043,1.1487850365123091,1.2427376111142345,64,1.0,8.868567333333743,8.871452882885933,2.4148649999968796,5.843555333334176,-19.596491101491097,-0.16997963595721952
t216_n6,FloorPlan216,living,6,uniform_random,128,77.0,76.0,86.63167628667628,94.00633477633478,0.987012987012987,1.1250867050217699,1.2208614906017503,128,1.0,17.99177633333393,17.994710244238377,4.845028666661477,11.859414333330895,-21.280952380952375,-0.1845906249135574
t216_n6,FloorPlan216,living,6,uniform_random,256,77.0,73.0,85.49123857623857,93.34014911014911,0.948051948051948,1.110275825665436,1.2122097287032352,256,1.0,36.49306833333377,36.4961139857769,9.703523333326913,24.151987666660563,-21.94713804713804,-0.19036910823649988
t216_n8,FloorPlan216,living,8,llm_nominal_none,32,99.0,95.66666666666667,108.95309951365506,117.72752712308268,0.9663299663299663,1.1005363587237886,1.1891669406371987,32,1.0,5.528237000000639,5.5288563792904215,1.5490746666693884,3.6855296666651327,-14.020023381967812,-0.10641581819337398
t216_n8,FloorPlan216,living,8,llm_nominal_none,64,99.0,95.0,108.23072764683876,116.95262953610175,0.9595959595959596,1.0932396732003915,1.1813396922838562,64,1.0,11.089495666666949,11.09015786399444,3.053827666667767,7.387571666667962,-14.79492096894874,-0.11229750315837246
t216_n8,FloorPlan216,living,8,llm_nominal_none,128,99.0,91.0,105.56426674148896,114.76063973063974,0.9191919191919192,1.0663057246615046,1.159198381117573,128,1.0,22.727664333334136,22.728404340644676,6.110696999995706,15.127355000002396,-16.986910774410763,-0.12893530626787308
t216_n8,FloorPlan216,living,8,llm_nominal_none,256,99.0,88.66666666666667,103.22556490834269,112.28711840628507,0.8956228956228957,1.0426824738216434,1.1342133172352027,256,1.0,46.135753666666446,46.13662697374821,12.233988333327042,30.61708899999201,-19.460432098765423,-0.14771001073010018
t216_n8,FloorPlan216,living,8,llm_risk_none,32,99.0,103.66666666666667,115.6010325476992,124.70064393939394,1.0471380471380471,1.1676871974515073,1.2596024640342822,32,1.0,5.522307000000263,5.522783845663071,1.5206656666677532,3.712260666668854,-7.046906565656552,-0.05348795130264231
t216_n8,FloorPlan216,living,8,llm_risk_none,64,99.0,97.0,110.26156378600822,119.35709268612047,0.9797979797979798,1.1137531695556386,1.2056271988497016,64,1.0,11.03753066666672,11.038037637869516,3.0440090000010875,7.348829333335398,-12.390457818930036,-0.09404696915754085
t216_n8,FloorPlan216,living,8,llm_risk_none,128,99.0,87.66666666666667,103.62139169472502,112.95754910213245,0.8855218855218855,1.0466807241891416,1.1409853444659843,128,1.0,22.56930866666688,22.642016721268494,6.116447666668634,15.004383666675855,-18.79000140291805,-0.14262125808705448
t216_n8,FloorPlan216,living,8,llm_risk_none,256,99.0,83.33333333333333,97.42543958099513,105.75132809577254,0.8417508417508417,0.9840953493029813,1.0681952332906317,256,1.0,55.117996999999974,55.26898677150408,12.19060266666657,39.81498500001024,-25.99622240927796,-0.1973184496381312
t216_n8,FloorPlan216,living,8,llm_risk_nominal,32,99.0,103.66666666666667,115.6010325476992,124.70064393939394,1.0471380471380471,1.1676871974515073,1.2596024640342822,20,0.625,4.738399666666264,4.739009154339631,0.9613183333320544,3.5125546666670004,-7.046906565656552,-0.05348795130264231
t216_n8,FloorPlan216,living,8,llm_risk_nominal,64,99.0,97.0,110.26156378600822,119.35709268612047,0.9797979797979798,1.1137531695556386,1.2056271988497016,37.333333333333336,0.5833333333333334,9.665977666665881,9.666623237232367,1.797394999997574,7.27310466666727,-12.390457818930036,-0.09404696915754085
t216_n8,FloorPlan216,living,8,llm_risk_nominal,128,99.0,87.66666666666667,103.62139169472502,112.95754910213245,0.8855218855218855,1.0466807241891416,1.1409853444659843,63,0.4921875,19.290162999999083,19.290878747900326,3.037038999996374,14.94833766666718,-18.79000140291805,-0.14262125808705448
t216_n8,FloorPlan216,living,8,llm_risk_nominal,256,99.0,83.33333333333333,97.42543958099513,105.75132809577254,0.8417508417508417,0.9840953493029813,1.0681952332906317,101.33333333333333,0.3958333333333333,44.87110999999958,44.8719747364521,4.90232699999756,37.21473066666903,-25.99622240927796,-0.1973184496381312
t216_n8,FloorPlan216,living,8,llm_risk_critical,32,99.0,103.66666666666667,115.6010325476992,124.70064393939394,1.0471380471380471,1.1676871974515073,1.2596024640342822,14.333333333333334,0.4479166666666667,4.557976666666501,4.5585356031854944,0.6913530000005608,3.5374439999997045,-7.046906565656552,-0.05348795130264231
t216_n8,FloorPlan216,living,8,llm_risk_critical,64,99.0,97.0,110.26156378600822,119.35709268612047,0.9797979797979798,1.1137531695556386,1.2056271988497016,25.333333333333332,0.3958333333333333,9.147685666666424,9.148260578513145,1.2148460000004728,7.206427333330249,-12.390457818930036,-0.09404696915754085
t216_n8,FloorPlan216,living,8,llm_risk_critical,128,99.0,87.66666666666667,103.62139169472502,112.95754910213245,0.8855218855218855,1.0466807241891416,1.1409853444659843,43.333333333333336,0.3385416666666667,18.24365166666612,18.24429693321387,2.0708370000009544,14.59785933332943,-18.79000140291805,-0.14262125808705448
t216_n8,FloorPlan216,living,8,llm_risk_critical,256,99.0,83.33333333333333,97.42543958099513,105.75132809577254,0.8417508417508417,0.9840953493029813,1.0681952332906317,68.66666666666667,0.2682291666666667,35.85187666666675,35.85260330388943,3.295409666662863,29.245298333327934,-25.99622240927796,-0.1973184496381312
t216_n8,FloorPlan216,living,8,uniform_nominal_none,32,99.0,100.66666666666667,114.58085671530115,124.11861672278339,1.0168350168350169,1.157382391063648,1.2537234012402363,32,1.0,5.663241666666134,5.663881699244182,1.5551616666661754,3.822127333329206,-7.628933782267107,-0.05790569732053311
t216_n8,FloorPlan216,living,8,uniform_nominal_none,64,99.0,101.66666666666667,112.95460344182567,121.47566311260755,1.026936026936027,1.1409555903214714,1.227026900127349,64,1.0,11.316901666666249,11.317563553651175,3.09789833333222,7.565877333330917,-10.271887392442943,-0.07796643924737845
t216_n8,FloorPlan216,living,8,uniform_nominal_none,128,99.0,93.0,107.98682379349046,117.701478208006,0.9393939393939393,1.090775997914045,1.188903820282889,128,1.0,22.81674866666646,22.817501177390415,6.1935619999970255,15.14019266666485,-14.046072297044498,-0.10661353659479267
t216_n8,FloorPlan216,living,8,uniform_nominal_none,256,99.0,88.33333333333333,103.08910213243547,112.30832444818557,0.8922558922558923,1.0413040619437925,1.1344275196786422,256,1.0,45.998402999999875,46.00153211504221,12.385955666657011,30.412172666663295,-19.439226056864925,-0.14754905106277272
t216_n8,FloorPlan216,living,8,uniform_risk_none,32,99.0,96.66666666666667,112.52886270108492,122.74520529367753,0.9764309764309764,1.1366551787988375,1.2398505585219952,32,1.0,5.511624666667103,5.512152177592118,1.531530000002353,3.6888603333279,-9.002345211372974,-0.06833026630751567
t216_n8,FloorPlan216,living,8,uniform_risk_none,64,99.0,95.33333333333333,110.96557426112982,121.12799850355407,0.9629629629629629,1.1208643864760588,1.223515136399536,64,1.0,11.046819333333366,11.047394325335821,3.065329333336327,7.323411333324851,-10.61955200149643,-0.08060530887129728
t216_n8,FloorPlan216,living,8,uniform_risk_none,128,99.0,87.66666666666667,102.18030864197532,111.55987467265246,0.8855218855218855,1.0321243297169223,1.1268674209358833,128,1.0,22.74636633333375,22.74700067937374,6.177064000003322,15.125160000001378,-20.187675832398043,-0.15322998989361972
t216_n8,FloorPlan216,living,8,uniform_risk_none,256,99.0,86.66666666666667,100.91124953236064,110.02219135802468,0.8754208754208754,1.0193055508319258,1.1113352662426736,256,1.0,45.9429276666666,45.94370319197575,12.386025000002595,30.397550000002365,-21.72535914702581,-0.16490142749327985
t216_n8,FloorPlan216,living,8,uniform_random,32,99.0,97.0,112.75938832772165,122.77419893378227,0.9797979797979798,1.138983720482037,1.2401434235735582,32,1.0,5.530199666666273,5.530724301934242,1.5170186666662033,3.7028979999990477,-8.97335157126823,-0.06811019663643947
t216_n8,FloorPlan216,living,8,uniform_random,64,99.0,95.0,109.57518518518518,119.0837574822297,0.9595959595959597,1.106820052375608,1.2028662371942394,64,1.0,11.077331333333143,11.077882101138433,3.0352963333311798,7.342716333332906,-12.663793022820792,-0.09612165823405827
t216_n8,FloorPlan216,living,8,uniform_random,128,99.0,95.0,109.57518518518518,119.0837574822297,0.9595959595959597,1.106820052375608,1.2028662371942394,128,1.0,22.62495266666657,22.625579498708248,6.066872666668388,15.084958999999287,-12.663793022820792,-0.09612165823405827
t216_n8,FloorPlan216,living,8,uniform_random,256,99.0,92.0,105.69468948746726,114.65776094276094,0.9292929292929293,1.067623126136033,1.1581592014420299,256,1.0,45.633802333333286,45.636284785966076,12.181579000000534,30.436141333326578,-17.08978956228955,-0.12971618445106817
t217_n4,FloorPlan217,living,4,llm_nominal_none,32,44.0,38.0,43.010993265993264,46.57611111111111,0.8636363636363636,0.9775225742271196,1.0585479797979798,32,1.0,3.410695666666778,3.4115553523103395,0.9280843333379826,2.2266146666680697,-4.718636363636366,-0.09199063443989779
t217_n4,FloorPlan217,living,4,llm_nominal_none,64,44.0,37.0,42.30713804713805,45.92638047138047,0.8409090909090909,0.9615258647076829,1.043781374349556,64,1.0,7.084048333333944,7.0849210023880005,1.8588596666700614,4.626196666671116,-5.3683670033670055,-0.10465724596870007
t217_n4,FloorPlan217,living,4,llm_nominal_none,128,44.0,37.0,42.30227272727273,45.93799663299663,0.8409090909090909,0.9614152892561983,1.0440453780226506,128,1.0,14.43889833333382,14.439822795490423,3.702375000000776,9.261908666674165,-5.356750841750842,-0.10443078688296463
t217_n4,FloorPlan217,living,4,llm_nominal_none,256,44.0,37.0,42.30227272727273,45.93799663299663,0.8409090909090909,0.9614152892561983,1.0440453780226506,256,1.0,29.797062000000096,29.79808331777652,7.399542333329734,18.791972333345914,-5.356750841750842,-0.10443078688296463
t217_n4,FloorPlan217,living,4,llm_risk_none,32,44.0,38.0,43.010993265993264,46.57611111111111,0.8636363636363636,0.9775225742271196,1.0585479797979798,32,1.0,3.390461333333169,3.3909246946374574,0.9208196666617615,2.209788333335775,-4.718636363636366,-0.09199063443989779
t217_n4,FloorPlan217,living,4,llm_risk_none,64,44.0,37.0,42.30227272727273,45.93799663299663,0.8409090909090909,0.9614152892561983,1.0440453780226506,64,1.0,6.847705333332972,6.848156762619813,1.8543399999959576,4.4003736666689734,-5.356750841750842,-0.10443078688296463
t217_n4,FloorPlan217,living,4,llm_risk_none,128,44.0,37.0,42.30227272727273,45.93799663299663,0.8409090909090909,0.9614152892561983,1.0440453780226506,128,1.0,14.173624333333024,14.174147819479307,3.7017420000005075,9.100524000004384,-5.356750841750842,-0.10443078688296463
t217_n4,FloorPlan217,living,4,llm_risk_none,256,44.0,36.666666666666664,42.27407407407407,45.947104377104374,0.8333333333333334,0.9607744107744107,1.0442523722069175,256,1.0,30.080781999999456,30.081390403211117,7.421958333334071,19.123446999998944,-5.347643097643098,-0.1042532298316851
t217_n4,FloorPlan217,living,4,llm_risk_nominal,32,44.0,38.0,43.010993265993264,46.57611111111111,0.8636363636363636,0.9775225742271196,1.0585479797979798,20.666666666666668,0.6458333333333334,3.0433119999996685,3.04383443047603,0.6100443333281191,2.193738999999084,-4.718636363636366,-0.09199063443989779
t217_n4,FloorPlan217,living,4,llm_risk_nominal,64,44.0,37.0,42.30227272727273,45.93799663299663,0.8409090909090909,0.9614152892561983,1.0440453780226506,30.333333333333332,0.4739583333333333,5.789003333333061,5.789531394839287,0.9016093333276132,4.361939333332288,-5.356750841750842,-0.10443078688296463
t217_n4,FloorPlan217,living,4,llm_risk_nominal,128,44.0,37.0,42.30227272727273,45.93799663299663,0.8409090909090909,0.9614152892561983,1.0440453780226506,39.333333333333336,0.3072916666666667,11.331796999999236,11.332373134791851,1.1805029999916172,8.967177000001195,-5.356750841750842,-0.10443078688296463
t217_n4,FloorPlan217,living,4,llm_risk_nominal,256,44.0,36.666666666666664,42.27407407407407,45.947104377104374,0.8333333333333334,0.9607744107744107,1.0442523722069175,45.333333333333336,0.17708333333333334,22.27839866666592,22.278929129242897,1.3673126666589042,17.9278836666672,-5.347643097643098,-0.1042532298316851
t217_n4,FloorPlan217,living,4,llm_risk_critical,32,44.0,38.0,43.010993265993264,46.57611111111111,0.8636363636363636,0.9775225742271196,1.0585479797979798,15.333333333333334,0.4791666666666667,2.9565076666671075,2.9571165020267167,0.45673799999927195,2.2007763333391495,-4.718636363636366,-0.09199063443989779
t217_n4,FloorPlan217,living,4,llm_risk_critical,64,44.0,37.0,42.30227272727273,45.93799663299663,0.8409090909090909,0.9614152892561983,1.0440453780226506,23,0.359375,5.6703890000004975,5.671016871929169,0.6870369999993168,4.329723333338957,-5.356750841750842,-0.10443078688296463
t217_n4,FloorPlan217,living,4,llm_risk_critical,128,44.0,37.0,42.30227272727273,45.93799663299663,0.8409090909090909,0.9614152892561983,1.0440453780226506,30.666666666666668,0.23958333333333334,11.214271000000053,11.214928391079107,0.9146433333331316,8.840607666669461,-5.356750841750842,-0.10443078688296463
t217_n4,FloorPlan217,living,4,llm_risk_critical,256,44.0,36.666666666666664,42.27407407407407,45.947104377104374,0.8333333333333334,0.9607744107744107,1.0442523722069175,35.666666666666664,0.13932291666666666,22.361683333333698,22.362377494573593,1.06438900000209,17.719247666676097,-5.347643097643098,-0.1042532298316851
t217_n4,FloorPlan217,living,4,uniform_nominal_none,32,44.0,41.666666666666664,46.03801346801347,49.331161616161616,0.946969696969697,1.046318487909397,1.121162764003673,32,1.0,3.428572999999583,3.4292014315724373,0.9333263333311711,2.245689000001031,-1.963585858585861,-0.03828044693177483
t217_n4,FloorPlan217,living,4,uniform_nominal_none,64,44.0,39.0,44.04912457912458,47.57540404040404,0.8863636363636364,1.001116467707377,1.0812591827364553,64,1.0,6.834965999999554,6.835619608561198,1.8521093333282816,4.423206666666957,-3.719343434343436,-0.07250924543832633
t217_n4,FloorPlan217,living,4,uniform_nominal_none,128,44.0,37.666666666666664,42.90824915824916,46.4823569023569,0.8560606060606061,0.9751874808692991,1.0564172023262932,128,1.0,14.083054999999808,14.08374464760224,3.6960123333281323,9.072732666664862,-4.812390572390574,-0.09381838900288426
t217_n4,FloorPlan217,living,4,uniform_nominal_none,256,44.0,37.666666666666664,42.820286195286194,46.32530303030303,0.8560606060606061,0.9731883226201408,1.0528477961432505,256,1.0,29.644252999998955,29.648432508111,7.387750333332832,18.67002666666077,-4.969444444444444,-0.09688018148234208
t217_n4,FloorPlan217,living,4,uniform_risk_none,32,44.0,41.333333333333336,45.94973063973064,49.11816498316498,0.9393939393939394,1.0443120599938782,1.1163219314355677,32,1.0,3.4320870000007866,3.4325610225399337,0.926780333334302,2.2478520000005866,-2.1765824915824936,-0.04243285324007162
t217_n4,FloorPlan217,living,4,uniform_risk_none,64,44.0,39.0,44.04912457912458,47.57540404040404,0.8863636363636364,1.001116467707377,1.0812591827364553,64,1.0,6.910500000000042,6.94774587949117,1.8634383333348363,4.461594333330154,-3.719343434343436,-0.07250924543832633
t217_n4,FloorPlan217,living,4,uniform_risk_none,128,44.0,37.666666666666664,42.91311447811448,46.47074074074074,0.8560606060606061,0.9752980563207836,1.0561531986531985,128,1.0,14.30908900000046,14.401103059450785,3.7310316666676613,9.213783666660072,-4.824006734006737,-0.09404484808861972
t217_n4,FloorPlan217,living,4,uniform_risk_none,256,44.0,37.666666666666664,42.82515151515152,46.313686868686865,0.8560606060606061,0.9732988980716254,1.052583792470156,256,1.0,39.4506666666666,39.55360408872366,7.4476096666605445,28.47038066667018,-4.981060606060606,-0.09710664056807754
t217_n4,FloorPlan217,living,4,uniform_random,32,44.0,43.0,48.27936026936027,51.98678451178451,0.9772727272727272,1.097258187940006,1.1815178298132845,32,1.0,3.40211266666716,3.402720515926679,0.9279836666629867,2.222606333335856,0.6920370370370392,0.013491382083082315
t217_n4,FloorPlan217,living,4,uniform_random,64,44.0,37.333333333333336,42.86912457912458,46.58338383838384,0.8484848484848485,0.974298285889195,1.058713269054178,64,1.0,6.786503666666259,6.787138991057873,1.8424129999961754,4.403906000002659,-4.711363636363636,-0.09184885136013295
t217_n4,FloorPlan217,living,4,uniform_random,128,44.0,37.333333333333336,42.44892255892256,45.93708754208754,0.8484848484848485,0.9647482399755127,1.0440247168656258,128,1.0,13.87296566666644,13.873633618156115,3.690230333329344,9.0555386666716,-5.357659932659932,-0.10444850976793522
t217_n4,FloorPlan217,living,4,uniform_random,256,44.0,37.333333333333336,42.44892255892256,45.93708754208754,0.8484848484848485,0.9647482399755127,1.0440247168656258,256,1.0,28.20723199999975,28.207998101909954,7.388089999997405,18.507036999997933,-5.357659932659932,-0.10444850976793522
t217_n6,FloorPlan217,living,6,llm_nominal_none,32,74.0,71.0,81.23247247247247,87.89757257257257,0.9594594594594594,1.0977361144928712,1.1878050347644942,32,1.0,4.524249999999934,4.524897783994675,1.2037829999987555,3.045358666665147,-2.1368493493493474,-0.02373369322238143
t217_n6,FloorPlan217,living,6,llm_nominal_none,64,74.0,68.66666666666667,78.07208208208209,84.25081331331332,0.927927927927928,1.0550281362443525,1.1385245042339638,64,1.0,9.031752333333051,9.032416467865309,2.4166493333310037,5.989824000002031,-5.783608608608603,-0.06423774913137292
t217_n6,FloorPlan217,living,6,llm_nominal_none,128,74.0,64.0,73.54705705705706,79.76086586586587,0.8648648648648649,0.99387914941969,1.0778495387279172,128,1.0,18.3690900000002,18.369822142024834,4.834994999994772,12.140378666667692,-10.273556056056051,-0.11410698082745847
t217_n6,FloorPlan217,living,6,llm_nominal_none,256,74.0,63.333333333333336,72.79534534534535,78.8888938938939,0.8558558558558559,0.9837208830452074,1.066066133701269,256,1.0,37.5794840000007,37.58033706496159,9.65001666665799,24.755640333329627,-11.145528028028025,-0.12379185416099474
t217_n6,FloorPlan217,living,6,llm_risk_none,32,74.0,71.0,81.23247247247247,87.89757257257257,0.9594594594594594,1.0977361144928712,1.1878050347644942,32,1.0,4.469455666666751,4.469974897801876,1.1977156666684863,2.9986209999997016,-2.1368493493493474,-0.02373369322238143
t217_n6,FloorPlan217,living,6,llm_risk_none,64,74.0,68.66666666666667,78.50573573573574,84.77428678678679,0.927927927927928,1.0608883207531856,1.1455984700917132,64,1.0,8.922560000000246,8.923099686702093,2.4024586666708814,5.903162666663538,-5.260135135135134,-0.05842360091673312
t217_n6,FloorPlan217,living,6,llm_risk_none,128,74.0,64.66666666666667,74.78501501501502,81.27342592592592,0.8738738738738738,1.0106083110137165,1.0982895395395396,128,1.0,17.96488866666716,17.965469509363174,4.779457333336623,11.834229666661736,-8.760995995995993,-0.09730718328589427
t217_n6,FloorPlan217,living,6,llm_risk_none,256,74.0,64.66666666666667,73.84737737737738,80.01992242242243,0.8738738738738738,0.9979375321267213,1.0813503030057083,256,1.0,46.27770700000037,46.27848385522763,9.555303666668161,33.720459999991924,-10.014499499499498,-0.1112296751145256
t217_n6,FloorPlan217,living,6,llm_risk_nominal,32,74.0,71.0,81.23247247247247,87.89757257257257,0.9594594594594594,1.0977361144928712,1.1878050347644942,22.666666666666668,0.7083333333333334,3.9518086666667784,3.952334945400556,0.8525436666667238,2.844693666666842,-2.1368493493493474,-0.02373369322238143
t217_n6,FloorPlan217,living,6,llm_risk_nominal,64,74.0,68.66666666666667,78.50573573573574,84.77428678678679,0.927927927927928,1.0608883207531856,1.1455984700917132,37.333333333333336,0.5833333333333334,7.79398200000081,7.794543479879697,1.4157673333355565,5.810851333330665,-5.260135135135134,-0.05842360091673312
t217_n6,FloorPlan217,living,6,llm_risk_nominal,128,74.0,64.66666666666667,74.78501501501502,81.27342592592592,0.8738738738738738,1.0106083110137165,1.0982895395395396,62,0.484375,15.487491666666742,15.488090924918652,2.35424366667066,11.919082666662936,-8.760995995995993,-0.09730718328589427
t217_n6,FloorPlan217,living,6,llm_risk_nominal,256,74.0,64.66666666666667,73.84737737737738,80.01992242242243,0.8738738738738738,0.9979375321267213,1.0813503030057083,91,0.35546875,29.5028653333335,29.50520006318887,3.4666226666691577,23.426395999997258,-10.014499499499498,-0.1112296751145256
t217_n6,FloorPlan217,living,6,llm_risk_critical,32,74.0,71.0,81.23247247247247,87.89757257257257,0.9594594594594594,1.0977361144928712,1.1878050347644942,16,0.5,3.7987540000005517,3.799376698831717,0.6071953333322,2.8737870000015895,-2.1368493493493474,-0.02373369322238143
t217_n6,FloorPlan217,living,6,llm_risk_critical,64,74.0,68.66666666666667,78.50573573573574,84.77428678678679,0.927927927927928,1.0608883207531856,1.1455984700917132,27,0.421875,7.5761433333330075,7.57678101460139,1.0295286666656505,5.840173999999958,-5.260135135135134,-0.05842360091673312
t217_n6,FloorPlan217,living,6,llm_risk_critical,128,74.0,64.66666666666667,74.78501501501502,81.27342592592592,0.8738738738738738,1.0106083110137165,1.0982895395395396,44,0.34375,15.022769666666491,15.046668238937855,1.6731033333297063,11.841555333333531,-8.760995995995993,-0.09730718328589427
t217_n6,FloorPlan217,living,6,llm_risk_critical,256,74.0,64.66666666666667,73.84737737737738,80.01992242242243,0.8738738738738738,0.9979375321267213,1.0813503030057083,62.666666666666664,0.24479166666666666,29.276646000000756,29.321175068616867,2.3892556666649987,23.669138666668015,-10.014499499499498,-0.1112296751145256
t217_n6,FloorPlan217,living,6,uniform_nominal_none,32,74.0,70.66666666666667,81.72007007007007,88.97294544544545,0.954954954954955,1.1043252712171632,1.2023371006141275,32,1.0,4.552590333332773,4.58825659006834,1.2195463333384282,3.0637916666667784,-1.0614764764764761,-0.011789673924901675
t217_n6,FloorPlan217,living,6,uniform_nominal_none,64,74.0,66.66666666666667,78.14408408408408,85.15317317317317,0.9009009009009009,1.0560011362714066,1.150718556394232,64,1.0,9.06188399999941,9.097564034163952,2.4154703333400342,6.031756666666628,-4.88124874874875,-0.05421536168668669
t217_n6,FloorPlan217,living,6,uniform_nominal_none,128,74.0,67.33333333333333,77.16356356356356,83.46157657657658,0.9099099099099099,1.042750858967075,1.1278591429267104,128,1.0,18.28520233333227,18.320949748158455,4.795311000008222,12.069460999999393,-6.572845345345343,-0.07300369353229515
t217_n6,FloorPlan217,living,6,uniform_nominal_none,256,74.0,65.66666666666667,75.8570970970971,82.57413413413413,0.8873873873873874,1.0250959067175283,1.115866677488299,256,1.0,37.31281999999917,37.348679887751736,9.551552000010233,24.37285600000294,-7.460287787787787,-0.08286039526368445
t217_n6,FloorPlan217,living,6,uniform_risk_none,32,74.0,70.33333333333333,80.91315315315316,88.01380380380381,0.9504504504504504,1.0934209885561237,1.1893757270784298,32,1.0,4.405090666667277,4.405708362658818,1.2070786666669164,2.930290333332882,-2.020618118118113,-0.022442728847311244
t217_n6,FloorPlan217,living,6,uniform_risk_none,64,74.0,66.66666666666667,77.5562962962963,84.2901951951952,0.9009009009009009,1.048058058058058,1.139056691826962,64,1.0,8.936950666666258,8.937597585221132,2.419353999999411,5.9131039999957835,-5.744226726726723,-0.06380033996006695
t217_n6,FloorPlan217,living,6,uniform_risk_none,128,74.0,66.66666666666667,75.49139139139139,81.52803803803803,0.9009009009009009,1.0201539377215054,1.1017302437572707,128,1.0,18.264703333333188,18.265402254958946,4.831024333329381,12.065768666660167,-8.50638388388388,-0.09447924140903174
t217_n6,FloorPlan217,living,6,uniform_risk_none,256,74.0,64.0,74.39048048048048,80.75006006006006,0.8648648648648649,1.0052767632497361,1.0912170278386495,256,1.0,37.306090666666826,37.306925902764,9.605448666667016,24.627926333321188,-9.284361861861859,-0.10312013631756618
t217_n6,FloorPlan217,living,6,uniform_random,32,74.0,72.33333333333333,81.39,87.73365865865865,0.9774774774774775,1.099864864864865,1.1855899818737656,32,1.0,4.308903000000086,4.309317097067833,1.1930456666675582,2.8410390000003596,-2.3007632632632635,-0.025554262627003888
t217_n6,FloorPlan217,living,6,uniform_random,64,74.0,68.66666666666667,78.04672672672673,84.30001501501502,0.9279279279279279,1.054685496307118,1.1391893920947975,64,1.0,8.801645999999627,8.802098532517752,2.38739166666709,5.806712333333408,-5.734406906906902,-0.06369127256550607
t217_n6,FloorPlan217,living,6,uniform_random,128,74.0,68.33333333333333,77.9199099099099,84.27945695695696,0.9234234234234234,1.0529717555393232,1.1389115804994183,128,1.0,17.9106116666663,17.91111131509145,4.78044933333166,11.855606333334379,-5.75496496496496,-0.0639196081022843
t217_n6,FloorPlan217,living,6,uniform_random,256,74.0,65.66666666666667,76.02796796796797,82.71116866866866,0.8873873873873874,1.0274049725401078,1.1177184955225494,256,1.0,36.07854166666632,36.079129514594875,9.552004000001446,23.918716000004874,-7.3232532532532515,-0.08133837144646743
t218_n4,FloorPlan218,living,4,llm_nominal_none,32,72.0,69.66666666666667,79.3710390946502,86.09667695473252,0.9675925925925926,1.1023755429812527,1.1957871799268405,32,1.0,3.493876999999775,3.494519740343094,0.9633510000028878,2.266832666670974,-1.731563786008228,-0.019715341801273396
t218_n4,FloorPlan218,living,4,llm_nominal_none,64,72.0,68.0,78.14331275720164,85.28593621399177,0.9444444444444444,1.0853237882944673,1.1845268918609968,64,1.0,7.917641666666124,7.9182640959819155,1.9280703333344935,5.354931333341639,-2.542304526748969,-0.028946321881290687
t218_n4,FloorPlan218,living,4,llm_nominal_none,128,72.0,68.0,78.04156378600823,85.17585390946502,0.9444444444444444,1.083910608139003,1.182997970964792,128,1.0,15.564969333333067,15.56567537287871,3.862347666671558,10.142219666671911,-2.6523868312757153,-0.030199703522529504
t218_n4,FloorPlan218,living,4,llm_nominal_none,256,72.0,68.0,78.04156378600823,85.17585390946502,0.9444444444444444,1.083910608139003,1.182997970964792,256,1.0,40.76857799999978,40.775663840274014,7.664964333339815,29.197537666673174,-2.6523868312757153,-0.030199703522529504
t218_n4,FloorPlan218,living,4,llm_risk_none,32,72.0,69.66666666666667,79.3710390946502,86.09667695473252,0.9675925925925926,1.1023755429812527,1.1957871799268405,32,1.0,3.4492929999997792,3.4498258804281554,0.9530986666703711,2.236819333337081,-1.731563786008228,-0.019715341801273396
t218_n4,FloorPlan218,living,4,llm_risk_none,64,72.0,68.0,78.14331275720164,85.28593621399177,0.9444444444444444,1.0853237882944673,1.1845268918609968,64,1.0,6.974073333333071,6.974626953403155,1.9050553333356628,4.450415000004426,-2.542304526748969,-0.028946321881290687
t218_n4,FloorPlan218,living,4,llm_risk_none,128,72.0,68.0,78.04156378600823,85.17585390946502,0.9444444444444444,1.083910608139003,1.182997970964792,128,1.0,14.435034333332672,14.435639915366968,3.801202333339878,9.114756333340543,-2.6523868312757153,-0.030199703522529504
t218_n4,FloorPlan218,living,4,llm_risk_none,256,72.0,68.0,78.04156378600823,85.17585390946502,0.9444444444444444,1.083910608139003,1.182997970964792,256,1.0,30.13718833333338,30.13789126028617,7.58307000001146,18.79059833334118,-2.6523868312757153,-0.030199703522529504
t218_n4,FloorPlan218,living,4,llm_risk_nominal,32,72.0,69.66666666666667,79.3710390946502,86.09667695473252,0.9675925925925926,1.1023755429812527,1.1957871799268405,19.333333333333332,0.6041666666666666,2.9931829999997697,2.993726792434851,0.5812433333337216,2.182700000001129,-1.731563786008228,-0.019715341801273396
t218_n4,FloorPlan218,living,4,llm_risk_nominal,64,72.0,68.0,78.14331275720164,85.28593621399177,0.9444444444444444,1.0853237882944673,1.1845268918609968,28,0.4375,5.7025249999996435,5.703079203764598,0.8472013333336766,4.326030000006161,-2.542304526748969,-0.028946321881290687
t218_n4,FloorPlan218,living,4,llm_risk_nominal,128,72.0,68.0,78.04156378600823,85.17585390946502,0.9444444444444444,1.083910608139003,1.182997970964792,39.333333333333336,0.3072916666666667,11.323365333333632,11.323944355050722,1.1945316666679417,8.829543000002124,-2.6523868312757153,-0.030199703522529504
t218_n4,FloorPlan218,living,4,llm_risk_nominal,256,72.0,68.0,78.04156378600823,85.17585390946502,0.9444444444444444,1.083910608139003,1.182997970964792,50.333333333333336,0.19661458333333334,22.367886333332976,22.36854564398527,1.5390803333351262,17.63429566667026,-2.6523868312757153,-0.030199703522529504
t218_n4,FloorPlan218,living,4,llm_risk_critical,32,72.0,69.66666666666667,79.3710390946502,86.09667695473252,0.9675925925925926,1.1023755429812527,1.1957871799268405,15.333333333333334,0.4791666666666667,2.934908999999782,2.935490570962429,0.45864333333393387,2.1811199999994813,-1.731563786008228,-0.019715341801273396
t218_n4,FloorPlan218,living,4,llm_risk_critical,64,72.0,68.0,78.14331275720164,85.28593621399177,0.9444444444444444,1.0853237882944673,1.1845268918609968,20.666666666666668,0.3229166666666667,5.6060193333333785,5.606613742808501,0.6217153333357336,4.312708999995844,-2.542304526748969,-0.028946321881290687
t218_n4,FloorPlan218,living,4,llm_risk_critical,128,72.0,68.0,78.04156378600823,85.17585390946502,0.9444444444444444,1.083910608139003,1.182997970964792,28,0.21875,11.267624666666384,11.268246608475843,0.8451783333356389,8.820340999999843,-2.6523868312757153,-0.030199703522529504
t218_n4,FloorPlan218,living,4,llm_risk_critical,256,72.0,68.0,78.04156378600823,85.17585390946502,0.9444444444444444,1.083910608139003,1.182997970964792,31,0.12109375,22.50854333333348,22.512470682462055,0.9418486666673923,17.74985400000695,-2.6523868312757153,-0.030199703522529504
t218_n4,FloorPlan218,living,4,uniform_nominal_none,32,72.0,70.66666666666667,80.42026748971193,87.06760288065844,0.9814814814814815,1.1169481595793325,1.2092722622313672,32,1.0,3.4423863333336393,3.443051129579544,0.9448016666654032,2.2453689999946866,-0.7606378600823026,-0.008660515725546861
t218_n4,FloorPlan218,living,4,uniform_nominal_none,64,72.0,69.33333333333333,79.28179012345679,86.17676954732511,0.9629629629629629,1.1011359739368998,1.1968995770461819,64,1.0,6.923617333333354,6.924294245739778,1.8870273333337906,4.434158666660674,-1.6514711934156356,-0.018803418803418775
t218_n4,FloorPlan218,living,4,uniform_nominal_none,128,72.0,68.0,78.04156378600823,85.17585390946502,0.9444444444444444,1.083910608139003,1.182997970964792,128,1.0,14.367778000000442,14.373073975245157,3.784733666667132,9.089734999987442,-2.6523868312757153,-0.030199703522529504
t218_n4,FloorPlan218,living,4,uniform_nominal_none,256,72.0,68.0,78.04156378600823,85.17585390946502,0.9444444444444444,1.083910608139003,1.182997970964792,256,1.0,29.93304600000002,29.93843052536249,7.564335666669327,18.581086666647668,-2.6523868312757153,-0.030199703522529504
t218_n4,FloorPlan218,living,4,uniform_risk_none,32,72.0,70.66666666666667,80.42026748971193,87.06760288065844,0.9814814814814815,1.1169481595793325,1.2092722622313672,32,1.0,3.4306509999998034,3.4311932201186814,0.9472063333320809,2.2282433333333054,-0.7606378600823026,-0.008660515725546861
t218_n4,FloorPlan218,living,4,uniform_risk_none,64,72.0,69.33333333333333,79.28179012345679,86.17676954732511,0.9629629629629629,1.1011359739368998,1.1968995770461819,64,1.0,6.925679666667388,6.926255921522777,1.893862333332071,4.419737333334932,-1.6514711934156356,-0.018803418803418775
t218_n4,FloorPlan218,living,4,uniform_risk_none,128,72.0,68.0,78.04156378600823,85.17585390946502,0.9444444444444444,1.083910608139003,1.182997970964792,128,1.0,14.487278666667436,14.487864139179388,3.8097393333285843,9.147646999998335,-2.6523868312757153,-0.030199703522529504
t218_n4,FloorPlan218,living,4,uniform_risk_none,256,72.0,68.0,78.04156378600823,85.17585390946502,0.9444444444444444,1.083910608139003,1.182997970964792,256,1.0,30.33179700000055,30.332528986036777,7.593857333326663,18.957318999995348,-2.6523868312757153,-0.030199703522529504
t218_n4,FloorPlan218,living,4,uniform_random,32,72.0,72.0,81.6604938271605,88.06851851851852,1.0,1.1341735253772292,1.223173868312757,32,1.0,3.4030813333334464,3.4035583958029747,0.9384503333305835,2.2144759999995025,0.24027777777777715,0.0027357689935638696
t218_n4,FloorPlan218,living,4,uniform_random,64,72.0,72.0,81.6604938271605,88.06851851851852,1.0,1.1341735253772292,1.223173868312757,64,1.0,6.786881666666744,6.787365302443504,1.8701653333336548,4.38198666667174,0.24027777777777715,0.0027357689935638696
t218_n4,FloorPlan218,living,4,uniform_random,128,72.0,71.66666666666667,81.50854938271605,87.95566872427983,0.9953703703703703,1.1320631858710564,1.221606510059442,128,1.0,13.802664666667278,13.803197691837946,3.7329246666673774,8.958782000005291,0.1274279835390928,0.001450877103587304
t218_n4,FloorPlan218,living,4,uniform_random,256,72.0,69.0,79.23159465020576,86.17400205761317,0.9583333333333334,1.100438814586191,1.1968611396890718,256,1.0,27.947640666666846,27.950267928342026,7.460732000001376,18.21559800000176,-1.6542386831275735,-0.01883492905215652
t218_n6,FloorPlan218,living,6,llm_nominal_none,32,111.0,105.0,119.27027694361028,129.5554154154154,0.9459459459459459,1.0745069994919845,1.167165904643382,32,1.0,4.364277333333296,4.364917054772377,1.2309516666650921,2.867645666664013,-28.666417667667673,-0.18117864715051554
t218_n6,FloorPlan218,living,6,llm_nominal_none,64,111.0,95.66666666666667,110.64932932932933,120.65207499165832,0.8618618618618619,0.9968408047687327,1.0869556305554804,64,1.0,9.00840366666659,9.009074730177721,2.464714666671123,5.932956333330945,-37.56975809142476,-0.23744989777546496
t218_n6,FloorPlan218,living,6,llm_nominal_none,128,111.0,94.0,108.24791291291292,117.74180889222555,0.8468468468468469,0.9752064226388552,1.0607370170470771,128,1.0,18.708715000000115,18.70942022651434,4.902517666672305,12.429841666668532,-40.48002419085753,-0.25584347875429597
t218_n6,FloorPlan218,living,6,llm_nominal_none,256,111.0,94.0,108.24791291291292,117.74180889222555,0.8468468468468469,0.9752064226388552,1.0607370170470771,256,1.0,37.52690566666672,37.52770057568947,9.768340666663988,24.399134333328593,-40.48002419085753,-0.25584347875429597
t218_n6,FloorPlan218,living,6,llm_risk_none,32,111.0,109.0,123.42633133133134,133.83932891224558,0.9819819819819819,1.111948930912895,1.2057597199301402,32,1.0,4.535235666666655,4.541110868255298,1.2487433333336166,2.998763000001977,-24.382504170837507,-0.15410328458294456
t218_n6,FloorPlan218,living,6,llm_risk_none,64,111.0,101.33333333333333,116.33772772772772,126.58492992992993,0.9129129129129129,1.0480876371867363,1.1404047741435128,64,1.0,9.134597333333735,9.140498315294584,2.4844926666626557,6.005340000002708,-31.636903153153156,-0.19995282911771384
t218_n6,FloorPlan218,living,6,llm_risk_none,128,111.0,95.66666666666667,111.80824657991325,121.99722722722723,0.8618618618618619,1.0072815007199392,1.0990741191642093,128,1.0,18.435645999999767,18.44162152459224,4.941027999993963,12.07504633333952,-36.224605855855856,-0.22894821245582542
t218_n6,FloorPlan218,living,6,llm_risk_none,256,111.0,93.33333333333333,109.3094010677344,119.16412912912912,0.8408408408408409,0.9847693789885982,1.0735507128750372,256,1.0,36.90352600000028,36.9096240028739,9.820030333325272,24.098264000013952,-39.057703953953954,-0.24685407312557525
t218_n6,FloorPlan218,living,6,llm_risk_nominal,32,111.0,109.0,123.42633133133134,133.83932891224558,0.9819819819819819,1.111948930912895,1.2057597199301402,19.666666666666668,0.6145833333333334,3.848707666666229,3.8491329178214073,0.7673476666673432,2.8349170000000847,-24.382504170837507,-0.15410328458294456
t218_n6,FloorPlan218,living,6,llm_risk_nominal,64,111.0,101.33333333333333,116.33772772772772,126.58492992992993,0.9129129129129129,1.0480876371867363,1.1404047741435128,34.333333333333336,0.5364583333333334,7.746273666666544,7.749141814808051,1.3463209999985775,5.833303999998781,-31.636903153153156,-0.19995282911771384
t218_n6,FloorPlan218,living,6,llm_risk_nominal,128,111.0,95.66666666666667,111.80824657991325,121.99722722722723,0.8618618618618619,1.0072815007199392,1.0990741191642093,54.666666666666664,0.4270833333333333,15.064254333333102,15.06717906643947,2.145653666663231,11.691818333336693,-36.224605855855856,-0.22894821245582542
t218_n6,FloorPlan218,living,6,llm_risk_nominal,256,111.0,93.33333333333333,109.3094010677344,119.16412912912912,0.8408408408408409,0.9847693789885982,1.0735507128750372,84,0.328125,29.317432333333098,29.32044801612695,3.302418666663698,23.4731929999968,-39.057703953953954,-0.24685407312557525
t218_n6,FloorPlan218,living,6,llm_risk_critical,32,111.0,109.0,123.42633133133134,133.83932891224558,0.9819819819819819,1.111948930912895,1.2057597199301402,13,0.40625,3.646244000000465,3.6469008773565292,0.5060993333341202,2.8332173333348956,-24.382504170837507,-0.15410328458294456
t218_n6,FloorPlan218,living,6,llm_risk_critical,64,111.0,101.33333333333333,116.33772772772772,126.58492992992993,0.9129129129129129,1.0480876371867363,1.1404047741435128,20.666666666666668,0.3229166666666667,7.241478999999866,7.242157123982906,0.8070286666690407,5.745498333337669,-31.636903153153156,-0.19995282911771384
t218_n6,FloorPlan218,living,6,llm_risk_critical,128,111.0,95.66666666666667,111.80824657991325,121.99722722722723,0.8618618618618619,1.0072815007199392,1.0990741191642093,33,0.2578125,14.299411000000243,14.300129065910975,1.2900786666699322,11.50947800000246,-36.224605855855856,-0.22894821245582542
t218_n6,FloorPlan218,living,6,llm_risk_critical,256,111.0,93.33333333333333,109.3094010677344,119.16412912912912,0.8408408408408409,0.9847693789885982,1.0735507128750372,50.333333333333336,0.19661458333333334,28.254921333333034,28.255725279450417,1.9715916666698992,23.158108333342753,-39.057703953953954,-0.24685407312557525
t218_n6,FloorPlan218,living,6,uniform_nominal_none,32,111.0,108.0,123.30426092759427,133.70788580246912,0.9729729729729729,1.1108491975458943,1.2045755477699922,32,1.0,12.701013666666464,12.702029508848986,1.2216603333297844,11.211810666665656,-24.51394728061395,-0.15493403661769964
t218_n6,FloorPlan218,living,6,uniform_nominal_none,64,111.0,103.33333333333333,117.5116916916917,127.36110068401736,0.9309309309309309,1.0586638891143394,1.1473973034596157,64,1.0,17.294644999999775,17.295726264516514,2.434840999999466,14.243026333335962,-30.86073239906573,-0.19504724346646019
t218_n6,FloorPlan218,living,6,uniform_nominal_none,128,111.0,96.66666666666667,112.2566032699366,122.16439272605939,0.8708708708708709,1.011320750179609,1.1005801146491838,128,1.0,26.869883666665945,26.8732247253259,4.971828666668898,20.491636666670015,-36.05744035702369,-0.2278916863394557
t218_n6,FloorPlan218,living,6,uniform_nominal_none,256,111.0,91.0,107.62944611277945,117.65575241908576,0.8198198198198198,0.9696346496646797,1.0599617335052771,256,1.0,45.35747366666657,45.365529134869576,9.895560666673594,32.5353023333399,-40.56608066399733,-0.25638737634076
t218_n6,FloorPlan218,living,6,uniform_risk_none,32,111.0,108.0,123.30426092759427,133.70788580246912,0.9729729729729729,1.1108491975458943,1.2045755477699922,32,1.0,4.468916666666563,4.469479123751323,1.2056203333331201,2.996554666664153,-24.51394728061395,-0.15493403661769964
t218_n6,FloorPlan218,living,6,uniform_risk_none,64,111.0,103.33333333333333,118.17382048715382,128.02182057057058,0.9309309309309309,1.064629013397782,1.153349734870005,64,1.0,8.861184333333346,8.861794757346312,2.405323666665756,5.858449999992743,-30.20001251251251,-0.1908713350366402
t218_n6,FloorPlan218,living,6,uniform_risk_none,128,111.0,97.0,112.97800633967302,123.01537704371037,0.8738738738738739,1.017819876933991,1.1082466400334268,128,1.0,17.931021666665714,17.934325772027176,4.815037000000781,11.75962566666063,-35.2064560393727,-0.2225132609915195
t218_n6,FloorPlan218,living,6,uniform_risk_none,256,111.0,96.33333333333333,112.30526860193527,122.37702952952952,0.8678678678678678,1.0117591765940115,1.102495761527293,256,1.0,36.83369799999999,36.83711805691322,9.716661333334523,24.048745666664928,-35.844803553553554,-0.22654777065268397
t218_n6,FloorPlan218,living,6,uniform_random,32,111.0,106.33333333333333,121.26337671004337,131.2160631464798,0.9579579579579579,1.092462853243634,1.1821266950133316,32,1.0,4.342187666667385,4.3426596870025,1.2045413333302928,2.861931666667298,-27.005769936603276,-0.17068295449732532
t218_n6,FloorPlan218,living,6,uniform_random,64,111.0,106.33333333333333,121.26337671004337,131.2160631464798,0.9579579579579579,1.092462853243634,1.1821266950133316,64,1.0,8.853860000000324,8.854353489975134,2.4010763333279783,5.84360199999819,-27.005769936603276,-0.17068295449732532
t218_n6,FloorPlan218,living,6,uniform_random,128,111.0,95.66666666666667,111.28278945612279,121.30630880880881,0.8618618618618619,1.002547652757863,1.0928496289081875,128,1.0,17.87548400000046,17.87603087723255,4.817228000001468,11.777552666661842,-36.91552427427427,-0.23331498286263527
t218_n6,FloorPlan218,living,6,uniform_random,256,111.0,95.66666666666667,111.28278945612279,121.30630880880881,0.8618618618618619,1.002547652757863,1.0928496289081875,256,1.0,36.241513000000225,36.242163429657616,9.644610666664258,23.980155666665226,-36.91552427427427,-0.23331498286263527
t304_n4,FloorPlan304,bedroom,4,llm_nominal_none,32,22.0,21.0,23.84212121212121,25.763737373737374,0.9545454545454546,1.083732782369146,1.171078971533517,32,1.0,3.498304666666859,3.4989500418305397,0.9560963333298625,2.2783719999962906,-3.706313131313131,-0.12576541498216817
t304_n4,FloorPlan304,bedroom,4,llm_nominal_none,64,22.0,20.0,22.64329966329966,24.49962962962963,0.9090909090909091,1.0292408937863482,1.1136195286195287,64,1.0,7.074920666666411,7.0755888397494955,1.9219843333271314,4.541641999997736,-4.970420875420874,-0.1686600732010641
t304_n4,FloorPlan304,bedroom,4,llm_nominal_none,128,22.0,20.0,22.64329966329966,24.49962962962963,0.9090909090909091,1.0292408937863482,1.1136195286195287,128,1.0,14.722008666666397,14.722727239131927,3.8313186666609766,9.360304333333977,-4.970420875420874,-0.1686600732010641
t304_n4,FloorPlan304,bedroom,4,llm_nominal_none,256,22.0,20.0,22.606801346801348,24.477819865319866,0.9090909090909091,1.0275818794000613,1.1126281756963574,256,1.0,30.679993333333638,30.68081010133028,7.644654333329726,19.09008833333914,-4.992230639730639,-0.16940013858731198
t304_n4,FloorPlan304,bedroom,4,llm_risk_none,32,22.0,21.333333333333332,24.105084175084176,26.03263468013468,0.9696969696969697,1.095685644322008,1.1833015763697583,32,1.0,3.450316000000934,3.4507466480135918,0.9569273333370395,2.228949000000332,-3.437415824915824,-0.1166409885971091
t304_n4,FloorPlan304,bedroom,4,llm_risk_none,64,22.0,20.333333333333332,22.94276094276094,24.790336700336702,0.9242424242424242,1.0428527701254973,1.126833486378941,64,1.0,6.977692333333489,6.981216371059418,1.9103833333377434,4.462800999996593,-4.679713804713803,-0.15879558142975714
t304_n4,FloorPlan304,bedroom,4,llm_risk_none,128,22.0,20.333333333333332,22.906262626262627,24.768526936026937,0.9242424242424242,1.0411937557392104,1.1258421334557698,128,1.0,14.47539100000069,14.478960695366064,3.829855666667233,9.18721799999389,-4.701523569023568,-0.15953564681600504
t304_n4,FloorPlan304,bedroom,4,llm_risk_none,256,22.0,20.0,22.606801346801348,24.477819865319866,0.9090909090909091,1.0275818794000613,1.1126281756963574,256,1.0,29.92168933333339,29.925351031124592,7.631755000001424,18.814756333331555,-4.992230639730639,-0.16940013858731198
t304_n4,FloorPlan304,bedroom,4,llm_risk_nominal,32,22.0,21.333333333333332,24.105084175084176,26.03263468013468,0.9696969696969697,1.095685644322008,1.1833015763697583,20.666666666666668,0.6458333333333334,3.0812859999998685,3.0818209052085876,0.6215366666679026,2.2205086666691187,-3.437415824915824,-0.1166409885971091
t304_n4,FloorPlan304,bedroom,4,llm_risk_nominal,64,22.0,20.333333333333332,22.94276094276094,24.790336700336702,0.9242424242424242,1.0428527701254973,1.126833486378941,33.666666666666664,0.5260416666666666,5.978609999999662,5.979153327643871,1.0215473333351117,4.415810666666076,-4.679713804713803,-0.15879558142975714
t304_n4,FloorPlan304,bedroom,4,llm_risk_nominal,128,22.0,20.333333333333332,22.906262626262627,24.768526936026937,0.9242424242424242,1.0411937557392104,1.1258421334557698,55.333333333333336,0.4322916666666667,12.125478333333106,12.126067963739237,1.6930186666718565,9.133980333330646,-4.701523569023568,-0.15953564681600504
t304_n4,FloorPlan304,bedroom,4,llm_risk_nominal,256,22.0,20.0,22.606801346801348,24.477819865319866,0.9090909090909091,1.0275818794000613,1.1126281756963574,84,0.328125,24.030069666665693,24.030749686062336,2.586308333333657,18.38180999999217,-4.992230639730639,-0.16940013858731198
t304_n4,FloorPlan304,bedroom,4,llm_risk_critical,32,22.0,21.333333333333332,24.105084175084176,26.03263468013468,0.9696969696969697,1.095685644322008,1.1833015763697583,16.333333333333332,0.5104166666666666,3.073235666665989,3.073782039185365,0.5001003333309958,2.2663546666675436,-3.437415824915824,-0.1166409885971091
t304_n4,FloorPlan304,bedroom,4,llm_risk_critical,64,22.0,20.333333333333332,22.94276094276094,24.790336700336702,0.9242424242424242,1.0428527701254973,1.126833486378941,24.333333333333332,0.3802083333333333,5.858998333332958,5.859573682149251,0.7452563333316675,4.440770333330235,-4.679713804713803,-0.15879558142975714
t304_n4,FloorPlan304,bedroom,4,llm_risk_critical,128,22.0,20.333333333333332,22.906262626262627,24.768526936026937,0.9242424242424242,1.0411937557392104,1.1258421334557698,32.666666666666664,0.2552083333333333,11.569106666666329,11.56972348690033,1.0019226666641383,9.013368333324223,-4.701523569023568,-0.15953564681600504
t304_n4,FloorPlan304,bedroom,4,llm_risk_critical,256,22.0,20.0,22.606801346801348,24.477819865319866,0.9090909090909091,1.0275818794000613,1.1126281756963574,44,0.171875,31.415919333332692,31.420282398660976,1.3550616666672493,26.476139333325932,-4.992230639730639,-0.16940013858731198
t304_n4,FloorPlan304,bedroom,4,uniform_nominal_none,32,22.0,20.666666666666668,23.444309764309764,25.327306397306398,0.9393939393939394,1.065650443832262,1.1512411998775636,32,1.0,3.4382553333334918,3.4387586638331413,0.9378126666668152,2.251531333331632,-4.142744107744107,-0.14057472032612006
t304_n4,FloorPlan304,bedroom,4,uniform_nominal_none,64,22.0,20.333333333333332,23.065387205387207,24.97371212121212,0.9242424242424242,1.048426691153964,1.1351687327823692,64,1.0,6.938575000000095,6.9391075521707535,1.8828783333386667,4.45945633333326,-4.496338383838384,-0.15257314822272913
t304_n4,FloorPlan304,bedroom,4,uniform_nominal_none,128,22.0,20.0,22.96154882154882,24.91,0.9090909090909091,1.0437067646158555,1.132272727272727,128,1.0,14.536577333333392,14.537157180408636,3.794266666673707,9.230746666671527,-4.560050505050506,-0.15473507601451228
t304_n4,FloorPlan304,bedroom,4,uniform_nominal_none,256,22.0,20.0,22.648552188552188,24.545496632996635,0.9090909090909091,1.0294796449341903,1.1157043924089378,256,1.0,30.046226333334165,30.04688738534848,7.5908120000107715,18.805125666668587,-4.924553872053871,-0.16710367941887014
t304_n4,FloorPlan304,bedroom,4,uniform_risk_none,32,22.0,20.666666666666668,23.444309764309764,25.327306397306398,0.9393939393939394,1.065650443832262,1.1512411998775636,32,1.0,3.4238553333327815,3.424352966248989,0.9372516666677674,2.2345873333347774,-4.142744107744107,-0.14057472032612006
t304_n4,FloorPlan304,bedroom,4,uniform_risk_none,64,22.0,20.333333333333332,23.10188552188552,24.995521885521885,0.9242424242424242,1.050085705540251,1.1361600857055403,64,1.0,6.952851000000019,6.955766739944617,1.8893479999988472,4.4571250000024305,-4.474528619528619,-0.15183308283648123
t304_n4,FloorPlan304,bedroom,4,uniform_risk_none,128,22.0,20.333333333333332,23.065387205387207,24.97371212121212,0.9242424242424242,1.048426691153964,1.1351687327823692,128,1.0,14.476106999999535,14.479070901870728,3.794327333334735,9.215801666663026,-4.496338383838384,-0.15257314822272913
t304_n4,FloorPlan304,bedroom,4,uniform_risk_none,256,22.0,20.0,22.637306397306396,24.546750841750843,0.9090909090909091,1.0289684726048363,1.1157614018977655,256,1.0,29.707615000000114,29.71067527929942,7.595529333327041,18.721673999992323,-4.923299663299663,-0.16706112066064904
t304_n4,FloorPlan304,bedroom,4,uniform_random,32,22.0,21.0,23.71063973063973,25.523055555555555,0.9545454545454546,1.077756351392715,1.1601388888888888,32,1.0,3.4142336666664144,3.4146864588061967,0.9315956666663775,2.230002333334961,-3.946994949494949,-0.13393241212187681
t304_n4,FloorPlan304,bedroom,4,uniform_random,64,22.0,20.666666666666668,23.28013468013468,25.100159932659935,0.9393939393939393,1.0581879400061218,1.1409163605754515,64,1.0,6.869299666666014,6.869781451920669,1.8748803333341613,4.446182333331568,-4.369890572390571,-0.14828242563214034
t304_n4,FloorPlan304,bedroom,4,uniform_random,128,22.0,20.333333333333332,23.169730639730638,25.133299663299663,0.9242424242424242,1.0531695745332108,1.1424227119681665,128,1.0,14.165392666666795,14.165909960865974,3.7649099999980487,9.265064999994502,-4.336750841750842,-0.14715790327565337
t304_n4,FloorPlan304,bedroom,4,uniform_random,256,22.0,20.0,22.74080808080808,24.659301346801346,0.9090909090909091,1.0336730945821855,1.1208773339455158,256,1.0,28.543157999999735,28.54376006871462,7.525288999997197,18.70850766666443,-4.810749158249158,-0.1632419719614903
t304_n6,FloorPlan304,bedroom,6,llm_nominal_none,32,33.0,27.333333333333332,31.220813692480363,33.83908810325477,0.8282828282828283,0.9460852634084959,1.0254269122198414,32,1.0,4.359404999999997,4.360007743040721,1.2165063333333392,2.8731896666665695,-6.065667789001122,-0.15200363098019234
t304_n6,FloorPlan304,bedroom,6,llm_nominal_none,64,33.0,24.0,28.16685746352413,30.64686026936027,0.7272727272727273,0.853541135258307,0.9286927354351596,64,1.0,8.831621333333315,8.832302565375963,2.4211626666666777,5.8094509999997275,-9.257895622895623,-0.2319998059352182
t304_n6,FloorPlan304,bedroom,6,llm_nominal_none,128,33.0,23.0,26.99395622895623,29.424918630751964,0.696969696969697,0.8179986736047342,0.8916642009318777,128,1.0,17.803681333333344,17.804432349900406,4.825206333333306,11.63996866666636,-10.479837261503928,-0.26262125972653033
t304_n6,FloorPlan304,bedroom,6,llm_nominal_none,256,33.0,22.0,26.167216610549943,28.52435606060606,0.6666666666666666,0.7929459578954529,0.8643744260789715,256,1.0,36.24732966666665,36.248180704812206,9.624962666666322,23.627906999999695,-11.38039983164983,-0.28518906023074725
t304_n6,FloorPlan304,bedroom,6,llm_risk_none,32,33.0,27.333333333333332,31.220813692480363,33.83908810325477,0.8282828282828283,0.9460852634084959,1.0254269122198414,32,1.0,14.042750999999978,14.043211626509825,1.2130383333335224,12.57004533333322,-6.065667789001122,-0.15200363098019234
t304_n6,FloorPlan304,bedroom,6,llm_risk_none,64,33.0,24.0,28.16685746352413,30.64686026936027,0.7272727272727273,0.853541135258307,0.9286927354351596,64,1.0,18.412345333333334,18.412846761445206,2.4130530000002715,15.409086666666438,-9.257895622895623,-0.2319998059352182
t304_n6,FloorPlan304,bedroom,6,llm_risk_none,128,33.0,23.0,26.99395622895623,29.424918630751964,0.696969696969697,0.8179986736047342,0.8916642009318777,128,1.0,27.393568666666642,27.394106922050316,4.810470000000289,21.267053333332974,-10.479837261503928,-0.26262125972653033
t304_n6,FloorPlan304,bedroom,6,llm_risk_none,256,33.0,22.333333333333332,26.509618406285075,28.905895061728394,0.6767676767676768,0.8033217698874264,0.8759362139917696,256,1.0,45.66398033333333,45.664649456739426,9.63953133333382,33.0993773333328,-10.998860830527496,-0.27562781890521443
t304_n6,FloorPlan304,bedroom,6,llm_risk_nominal,32,33.0,27.333333333333332,31.220813692480363,33.83908810325477,0.8282828282828283,0.9460852634084959,1.0254269122198414,24.333333333333332,0.7604166666666666,3.9663640000000093,3.966839984059334,0.9330550000000437,2.787289666666711,-6.065667789001122,-0.15200363098019234
t304_n6,FloorPlan304,bedroom,6,llm_risk_nominal,64,33.0,24.0,28.16685746352413,30.64686026936027,0.7272727272727273,0.853541135258307,0.9286927354351596,42.666666666666664,0.6666666666666666,7.818677999999977,7.819171684483687,1.635337333333468,5.641796666666745,-9.257895622895623,-0.2319998059352182
t304_n6,FloorPlan304,bedroom,6,llm_risk_nominal,128,33.0,23.0,26.99395622895623,29.424918630751964,0.696969696969697,0.8179986736047342,0.8916642009318777,63.666666666666664,0.4973958333333333,14.888616333333335,14.889147443075975,2.4329116666666764,11.293726666666606,-10.479837261503928,-0.26262125972653033
t304_n6,FloorPlan304,bedroom,6,llm_risk_nominal,256,33.0,22.333333333333332,26.509618406285075,28.905895061728394,0.6767676767676768,0.8033217698874264,0.8759362139917696,92.66666666666667,0.3619791666666667,28.99562766666667,28.996243452032406,3.5547236666668427,22.923567333333228,-10.998860830527496,-0.27562781890521443
t304_n6,FloorPlan304,bedroom,6,llm_risk_critical,32,33.0,27.333333333333332,31.220813692480363,33.83908810325477,0.8282828282828283,0.9460852634084959,1.0254269122198414,20.333333333333332,0.6354166666666666,3.8636023333333083,3.864168499906858,0.7687440000000156,2.7822863333332264,-6.065667789001122,-0.15200363098019234
t304_n6,FloorPlan304,bedroom,6,llm_risk_critical,64,33.0,24.0,28.16685746352413,30.64686026936027,0.7272727272727273,0.853541135258307,0.9286927354351596,34,0.53125,7.610116666666675,7.610717788338661,1.2871953333333612,5.641060333333207,-9.257895622895623,-0.2319998059352182
t304_n6,FloorPlan304,bedroom,6,llm_risk_critical,128,33.0,23.0,26.99395622895623,29.424918630751964,0.696969696969697,0.8179986736047342,0.8916642009318777,48.666666666666664,0.3802083333333333,14.685550666666668,14.686193317174911,1.8457806666667316,11.379592999999938,-10.479837261503928,-0.26262125972653033
t304_n6,FloorPlan304,bedroom,6,llm_risk_critical,256,33.0,22.333333333333332,26.509618406285075,28.905895061728394,0.6767676767676768,0.8033217698874264,0.8759362139917696,68.66666666666667,0.2682291666666667,28.428659666666633,28.42936913172404,2.607371666666728,22.702906999999893,-10.998860830527496,-0.27562781890521443
t304_n6,FloorPlan304,bedroom,6,uniform_nominal_none,32,33.0,24.333333333333332,28.777845117845118,31.369754489337822,0.7373737373737373,0.8720559126619732,0.9505986208890249,32,1.0,4.374167333333346,4.3747512002786,1.1915940000000829,2.9301499999999923,-8.535001402918072,-0.21388431559292945
t304_n6,FloorPlan304,bedroom,6,uniform_nominal_none,64,33.0,23.666666666666668,28.01016835016835,30.602077721661054,0.7171717171717171,0.8487929803081318,0.9273356885351834,64,1.0,8.819124000000002,8.819722570478916,2.3839139999999595,5.843779666666845,-9.30267817059484,-0.23312204178650697
t304_n6,FloorPlan304,bedroom,6,uniform_nominal_none,128,33.0,23.666666666666668,27.95921436588103,30.531484287317618,0.7171717171717171,0.8472489201782131,0.9251964935550794,128,1.0,17.74254300000001,17.743195096651714,4.77170266666647,11.591012333333808,-9.373271604938273,-0.23489108993039334
t304_n6,FloorPlan304,bedroom,6,uniform_nominal_none,256,33.0,23.333333333333332,27.942239057239057,30.551292087542087,0.7070707070707071,0.846734516886032,0.9257967299255178,256,1.0,36.10247800000001,36.10325790941715,9.577102333333281,23.294506666667335,-9.353463804713806,-0.23439471300033646
t304_n6,FloorPlan304,bedroom,6,uniform_risk_none,32,33.0,27.666666666666668,31.868787878787877,34.41095538720539,0.8383838383838385,0.9657208448117539,1.0427562238547088,32,1.0,4.247749666666671,4.248278836409251,1.1854089999998596,2.8093893333333932,-5.493800505050505,-0.13767282576252168
t304_n6,FloorPlan304,bedroom,6,uniform_risk_none,64,33.0,24.333333333333332,28.313237934904603,30.77015011223345,0.7373737373737373,0.8579769071183213,0.9324287912798014,64,1.0,8.666497666666652,8.667055517435074,2.3659380000000305,5.731544666666708,-9.134605780022445,-0.22891020320199854
t304_n6,FloorPlan304,bedroom,6,uniform_risk_none,128,33.0,23.333333333333332,27.537216610549944,30.08131734006734,0.7070707070707071,0.8344611094106044,0.9115550709111315,128,1.0,17.61769799999997,17.61831808835268,4.737918333333239,11.595477666666632,-9.82343855218855,-0.24617212491443743
t304_n6,FloorPlan304,bedroom,6,uniform_risk_none,256,33.0,22.666666666666668,27.05287878787879,29.562293771043773,0.6868686868686869,0.8197842056932966,0.8958270839710234,256,1.0,35.9232383333333,35.93159870555004,9.53941233333298,23.37254099999997,-10.34246212121212,-0.25917868409312156
t304_n6,FloorPlan304,bedroom,6,uniform_random,32,33.0,26.0,29.93749158249158,32.45976992143659,0.7878787878787878,0.9071967146209571,0.9836293915586845,32,1.0,4.261750999999981,4.262205213308334,1.1872149999998711,2.8065823333332705,-7.444985970819303,-0.18656888895451462
t304_n6,FloorPlan304,bedroom,6,uniform_random,64,33.0,25.666666666666668,29.598872053872054,32.1679657687991,0.7777777777777778,0.8969355167840016,0.9747868414787607,64,1.0,8.657687333333332,8.658174114922682,2.3732296666664023,5.693825666666597,-7.73679012345679,-0.19388140462120276
t304_n6,FloorPlan304,bedroom,6,uniform_random,128,33.0,25.666666666666668,29.57668911335578,32.16852553310887,0.7777777777777778,0.8962633064653267,0.974803804033602,128,1.0,17.43290333333332,17.43672260393699,4.734144999999745,11.455329333333374,-7.736230359147025,-0.19386737711251992
t304_n6,FloorPlan304,bedroom,6,uniform_random,256,33.0,25.333333333333332,29.20915263748597,31.693897306397307,0.7676767676767676,0.8851258374995749,0.960421130496888,256,1.0,35.33874366666665,35.34266414741675,9.465469333333106,23.327898999999558,-8.210858585858587,-0.2057614036790042
t304_n8,FloorPlan304,bedroom,8,llm_nominal_none,32,32.0,30.333333333333332,35.171087962962964,38.17854166666667,0.9479166666666666,1.0990964988425926,1.1930794270833334,32,1.0,5.293422333333339,5.294027117391427,1.474840333333477,3.5280800000001187,-4.007986111111111,-0.09500630467204178
t304_n8,FloorPlan304,bedroom,8,llm_nominal_none,64,32.0,27.666666666666668,33.009050925925926,36.048125,0.8645833333333334,1.0315328414351852,1.12650390625,64,1.0,10.61394599999999,10.614615554610888,2.955899333333588,7.025954666666654,-6.138402777777777,-0.14550623388851758
t304_n8,FloorPlan304,bedroom,8,llm_nominal_none,128,32.0,27.333333333333332,32.11717592592593,35.043958333333336,0.8541666666666666,1.0036617476851852,1.0951236979166667,128,1.0,21.59181633333334,21.592547185719013,5.938920333333697,14.257663999999782,-7.142569444444443,-0.16930925157122956
t304_n8,FloorPlan304,bedroom,8,llm_nominal_none,256,32.0,26.0,30.732916666666668,33.53094907407407,0.8125,0.9604036458333334,1.0478421585648148,256,1.0,43.659816666666664,43.660701252520084,11.87720100000002,28.712367999999813,-8.655578703703705,-0.20517400126642152
t304_n8,FloorPlan304,bedroom,8,llm_risk_none,32,32.0,29.0,34.387430555555554,37.45412037037037,0.90625,1.074607204861111,1.170441261574074,32,1.0,5.395789999999993,5.396164022386074,1.47728066666671,3.6421763333333392,-4.732407407407408,-0.11217816816628971
t304_n8,FloorPlan304,bedroom,8,llm_risk_none,64,32.0,27.333333333333332,32.536967592592596,35.53104166666667,0.8541666666666666,1.0167802372685186,1.1103450520833333,64,1.0,10.67036099999998,10.670809696118036,2.9578083333333396,7.0996056666666245,-6.655486111111109,-0.15776330647949086
t304_n8,FloorPlan304,bedroom,8,llm_risk_none,128,32.0,27.0,31.966689814814817,34.87305555555555,0.84375,0.998959056712963,1.089782986111111,128,1.0,21.520332999999994,21.520827586452167,5.888820999999957,14.274848999999975,-7.313472222222221,-0.17336037373700788
t304_n8,FloorPlan304,bedroom,8,llm_risk_none,256,32.0,26.666666666666668,31.83118055555556,34.798657407407404,0.8333333333333334,0.9947243923611112,1.0874580439814814,256,1.0,43.404715333333314,43.4053602317969,11.797844333333547,28.584626333333265,-7.387870370370369,-0.1751239260383504
t304_n8,FloorPlan304,bedroom,8,llm_risk_nominal,32,32.0,29.0,34.387430555555554,37.45412037037037,0.90625,1.074607204861111,1.170441261574074,26.333333333333332,0.8229166666666666,4.960172999999994,4.960593457023303,1.2402586666667899,3.454971666666612,-4.732407407407408,-0.11217816816628971
t304_n8,FloorPlan304,bedroom,8,llm_risk_nominal,64,32.0,27.333333333333332,32.536967592592596,35.53104166666667,0.8541666666666666,1.0167802372685186,1.1103450520833333,44.333333333333336,0.6927083333333334,10.101208000000002,10.101676297684511,2.1833100000001697,7.3206759999999615,-6.655486111111109,-0.15776330647949086
t304_n8,FloorPlan304,bedroom,8,llm_risk_nominal,128,32.0,27.0,31.966689814814817,34.87305555555555,0.84375,0.998959056712963,1.089782986111111,69,0.5390625,19.02977499999998,19.030312386651833,3.3337163333336344,14.445335333333272,-7.313472222222221,-0.17336037373700788
t304_n8,FloorPlan304,bedroom,8,llm_risk_nominal,256,32.0,26.666666666666668,31.83118055555556,34.798657407407404,0.8333333333333334,0.9947243923611112,1.0874580439814814,108.33333333333333,0.4231770833333333,36.12168900000001,36.122314942379795,5.167483000000324,28.265835999999908,-7.387870370370369,-0.1751239260383504
t304_n8,FloorPlan304,bedroom,8,llm_risk_critical,32,32.0,29.0,34.387430555555554,37.45412037037037,0.90625,1.074607204861111,1.170441261574074,20.666666666666668,0.6458333333333334,4.668625000000019,4.669229810436566,0.9564269999999264,3.3881016666666706,-4.732407407407408,-0.11217816816628971
t304_n8,FloorPlan304,bedroom,8,llm_risk_critical,64,32.0,27.333333333333332,32.536967592592596,35.53104166666667,0.8541666666666666,1.0167802372685186,1.1103450520833333,33.666666666666664,0.5260416666666666,9.108427333333381,9.109025510648886,1.5618893333333532,6.846124666666786,-6.655486111111109,-0.15776330647949086
t304_n8,FloorPlan304,bedroom,8,llm_risk_critical,128,32.0,27.0,31.966689814814817,34.87305555555555,0.84375,0.998959056712963,1.089782986111111,49.666666666666664,0.3880208333333333,17.758026333333362,17.758710930744808,2.30371833333326,13.954244000000347,-7.313472222222221,-0.17336037373700788
t304_n8,FloorPlan304,bedroom,8,llm_risk_critical,256,32.0,26.666666666666668,31.83118055555556,34.798657407407404,0.8333333333333334,0.9947243923611112,1.0874580439814814,71.66666666666667,0.2799479166666667,34.24057200000001,34.24135440339645,3.3228509999999045,27.688862000000405,-7.387870370370369,-0.1751239260383504
t304_n8,FloorPlan304,bedroom,8,uniform_nominal_none,32,32.0,33.0,37.33622685185185,40.389837962962964,1.03125,1.1667570891203702,1.2621824363425926,32,1.0,5.35552799999998,5.358522137006124,1.468873666666685,3.615326999999946,-1.7966898148148118,-0.04258918449698146
t304_n8,FloorPlan304,bedroom,8,uniform_nominal_none,64,32.0,29.0,34.46881944444444,37.53548611111111,0.90625,1.0771506076388888,1.1729839409722222,64,1.0,10.615148666666657,10.618181899189949,2.9158623333334908,7.098718000000087,-4.651041666666664,-0.11024945430841197
t304_n8,FloorPlan304,bedroom,8,uniform_nominal_none,128,32.0,28.666666666666668,33.387824074074075,36.35319444444445,0.8958333333333334,1.0433695023148148,1.136037326388889,128,1.0,21.547559333333336,21.55067337056001,5.818681999999881,14.39044466666678,-5.833333333333331,-0.13827479151782918
t304_n8,FloorPlan304,bedroom,8,uniform_nominal_none,256,32.0,28.666666666666668,33.295462962962965,36.2725,0.8958333333333334,1.0404832175925927,1.133515625,256,1.0,51.12498366666665,51.134114153683186,11.625412333332974,36.33753600000008,-5.914027777777778,-0.14018759280049253
t304_n8,FloorPlan304,bedroom,8,uniform_risk_none,32,32.0,32.666666666666664,38.10462962962963,41.36178240740741,1.0208333333333333,1.1907696759259259,1.2925557002314816,32,1.0,6.421633666666648,6.425163087745507,1.7538589999999687,4.31014099999986,-0.8247453703703679,-0.019549970424558416
t304_n8,FloorPlan304,bedroom,8,uniform_risk_none,64,32.0,30.666666666666668,35.010555555555555,37.92907407407407,0.9583333333333334,1.094079861111111,1.1852835648148148,64,1.0,11.770560999999994,11.774131717781225,3.2042709999999808,7.873035666666695,-4.257453703703703,-0.10091974684738962
t304_n8,FloorPlan304,bedroom,8,uniform_risk_none,128,32.0,30.333333333333332,34.53787037037037,37.387870370370365,0.9479166666666666,1.079308449074074,1.168370949074074,128,1.0,22.449558333333343,22.453198830286663,6.0721600000001414,14.935054666666632,-4.798657407407409,-0.11374857472709939
t304_n8,FloorPlan304,bedroom,8,uniform_risk_none,256,32.0,30.0,34.17583333333333,36.987037037037034,0.9375,1.0679947916666666,1.1558449074074073,256,1.0,44.33580799999999,44.3455825249354,11.880395333333608,29.34987000000004,-5.1994907407407425,-0.12325002825853881
t304_n8,FloorPlan304,bedroom,8,uniform_random,32,32.0,30.666666666666668,36.68962962962963,40.04296296296296,0.9583333333333334,1.146550925925926,1.2513425925925925,32,1.0,5.28416966666669,5.284619828065236,1.4494373333331922,3.538148666666796,-2.143564814814814,-0.05081159620688099
t304_n8,FloorPlan304,bedroom,8,uniform_random,64,32.0,29.666666666666668,34.10752314814815,37.01391203703704,0.9270833333333334,1.0658600983796296,1.1566847511574074,64,1.0,10.494688666666697,10.49516350030899,2.902628333333046,6.932387333333401,-5.1726157407407385,-0.12261297654047439
t304_n8,FloorPlan304,bedroom,8,uniform_random,128,32.0,28.0,32.68229166666667,35.6955787037037,0.875,1.0213216145833335,1.1154868344907407,128,1.0,21.275864000000016,21.276407564679783,5.795210666666069,14.092258000000246,-6.490949074074074,-0.15386307942350383
t304_n8,FloorPlan304,bedroom,8,uniform_random,256,32.0,28.0,32.68229166666667,35.6955787037037,0.875,1.0213216145833335,1.1154868344907407,256,1.0,52.144617666666704,52.145356933275856,11.627654666665636,37.667201999999975,-6.490949074074074,-0.15386307942350383
t305_n4,FloorPlan305,bedroom,4,llm_nominal_none,32,47.0,47.0,52.85939716312057,57.05083037825059,1.0,1.1246680247472463,1.2138474548563956,32,1.0,3.517419000000003,3.5182485977808633,0.9294859999999008,2.312716000000034,0.0,0.0
t305_n4,FloorPlan305,bedroom,4,llm_nominal_none,64,47.0,47.0,52.85939716312057,57.05083037825059,1.0,1.1246680247472463,1.2138474548563956,64,1.0,7.05501000000001,7.055922411382198,1.8578963333332106,4.564025000000147,0.0,0.0
t305_n4,FloorPlan305,bedroom,4,llm_nominal_none,128,47.0,47.0,52.85939716312057,57.05083037825059,1.0,1.1246680247472463,1.2138474548563956,128,1.0,14.51816066666666,14.51911653081576,3.717987999999913,9.228500000000091,0.0,0.0
t305_n4,FloorPlan305,bedroom,4,llm_nominal_none,256,47.0,44.333333333333336,51.54044523246651,55.75134456264776,0.9432624113475178,1.0966052177120533,1.1861988204818672,256,1.0,29.83431566666666,29.835366333524387,7.465896333333351,18.797861666666847,-1.299485815602831,-0.02277768451374255
t305_n4,FloorPlan305,bedroom,4,llm_risk_none,32,47.0,47.0,52.85939716312057,57.05083037825059,1.0,1.1246680247472463,1.2138474548563956,32,1.0,3.380026666666656,3.3805627996722856,0.9260429999999644,2.199384000000017,0.0,0.0
t305_n4,FloorPlan305,bedroom,4,llm_risk_none,64,47.0,47.0,52.85939716312057,57.05083037825059,1.0,1.1246680247472463,1.2138474548563956,64,1.0,6.81313733333333,6.813674544294675,1.850425000000035,4.370604666666801,0.0,0.0
t305_n4,FloorPlan305,bedroom,4,llm_risk_none,128,47.0,47.0,52.85939716312057,57.05083037825059,1.0,1.1246680247472463,1.2138474548563956,128,1.0,14.108129666666645,14.108692916731039,3.6927013333333676,8.963000000000166,0.0,0.0
t305_n4,FloorPlan305,bedroom,4,llm_risk_none,256,47.0,44.333333333333336,51.54044523246651,55.75134456264776,0.9432624113475178,1.0966052177120533,1.1861988204818672,256,1.0,29.226075000000005,29.226753239830334,7.411456000000164,18.31981200000036,-1.299485815602831,-0.02277768451374255
t305_n4,FloorPlan305,bedroom,4,llm_risk_nominal,32,47.0,47.0,52.85939716312057,57.05083037825059,1.0,1.1246680247472463,1.2138474548563956,14,0.4375,2.7894663333333605,2.7898885309696198,0.41467600000009985,2.1553370000000163,0.0,0.0
t305_n4,FloorPlan305,bedroom,4,llm_risk_nominal,64,47.0,47.0,52.85939716312057,57.05083037825059,1.0,1.1246680247472463,1.2138474548563956,18.666666666666668,0.2916666666666667,5.309409000000019,5.309862395127614,0.5536533333334592,4.260899999999938,0.0,0.0
t305_n4,FloorPlan305,bedroom,4,llm_risk_nominal,128,47.0,47.0,52.85939716312057,57.05083037825059,1.0,1.1246680247472463,1.2138474548563956,24.666666666666668,0.19270833333333334,10.645604666666665,10.646089911460876,0.7344456666667822,8.703473666666401,0.0,0.0
t305_n4,FloorPlan305,bedroom,4,llm_risk_nominal,256,47.0,44.333333333333336,51.54044523246651,55.75134456264776,0.9432624113475178,1.0966052177120533,1.1861988204818672,33.333333333333336,0.13020833333333334,21.572177999999997,21.572735471030075,0.9994023333334545,17.65275133333299,-1.299485815602831,-0.02277768451374255
t305_n4,FloorPlan305,bedroom,4,llm_risk_critical,32,47.0,47.0,52.85939716312057,57.05083037825059,1.0,1.1246680247472463,1.2138474548563956,12,0.375,2.7975660000000016,2.798077960809072,0.35084466666660913,2.159766666666544,0.0,0.0
t305_n4,FloorPlan305,bedroom,4,llm_risk_critical,64,47.0,47.0,52.85939716312057,57.05083037825059,1.0,1.1246680247472463,1.2138474548563956,16,0.25,5.382401666666648,5.3829289972782135,0.4675149999999369,4.273177999999952,0.0,0.0
t305_n4,FloorPlan305,bedroom,4,llm_risk_critical,128,47.0,47.0,52.85939716312057,57.05083037825059,1.0,1.1246680247472463,1.2138474548563956,21,0.1640625,10.87040933333334,10.870945639908314,0.6166419999998988,8.730842333333294,0.0,0.0
t305_n4,FloorPlan305,bedroom,4,llm_risk_critical,256,47.0,44.333333333333336,51.54044523246651,55.75134456264776,0.9432624113475178,1.0966052177120533,1.1861988204818672,28.333333333333332,0.11067708333333333,22.342012999999984,22.342648046712082,0.8433676666665021,17.90166366666679,-1.299485815602831,-0.02277768451374255
t305_n4,FloorPlan305,bedroom,4,uniform_nominal_none,32,47.0,48.666666666666664,54.92053585500394,59.210453112687155,1.0354609929078014,1.168522039468169,1.2597968747380246,32,1.0,3.4312483333333494,3.431872154275576,0.9336793333332519,2.2447136666667404,2.1596227344365695,0.037854361104266765
t305_n4,FloorPlan305,bedroom,4,uniform_nominal_none,64,47.0,47.333333333333336,53.77956264775413,58.21025216706068,1.0070921985815602,1.144246013782003,1.2385160035544824,64,1.0,6.9294566666666855,6.930108492573102,1.8770109999999285,4.462741000000057,1.1594217888100904,0.020322610225356048
t305_n4,FloorPlan305,bedroom,4,uniform_nominal_none,128,47.0,47.0,53.213754925137906,57.3831865642238,1.0,1.132207551598679,1.2209188630685914,128,1.0,14.204371333333363,14.20506959160169,3.7439413333335003,9.085908333332966,0.3323561859732109,0.005825615223646478
t305_n4,FloorPlan305,bedroom,4,uniform_nominal_none,256,47.0,45.333333333333336,52.05445232466509,56.24401497241923,0.9645390070921986,1.1075415388226615,1.196681169625941,256,1.0,29.199425,29.200195334851742,7.478255000000211,18.553257999999655,-0.8068154058313605,-0.014142044918226867
t305_n4,FloorPlan305,bedroom,4,uniform_risk_none,32,47.0,48.666666666666664,54.92053585500394,59.210453112687155,1.0354609929078014,1.168522039468169,1.2597968747380246,32,1.0,3.386118666666688,3.3866030474503837,0.9224779999999119,2.2117016666666767,2.1596227344365695,0.037854361104266765
t305_n4,FloorPlan305,bedroom,4,uniform_risk_none,64,47.0,48.0,54.76995665878645,59.15480988967691,1.0212765957446808,1.1653182267826905,1.2586129763761045,64,1.0,6.773812000000018,6.774323371549447,1.8423303333331327,4.370353333333373,2.103979511426322,0.03687903396807379
t305_n4,FloorPlan305,bedroom,4,uniform_risk_none,128,47.0,47.0,53.35968479117415,57.776052009456265,1.0,1.1353124423654075,1.2292777023288568,128,1.0,13.959761333333349,13.960306532680988,3.694995999999682,8.928797000000387,0.7252216312056774,0.012711850579516737
t305_n4,FloorPlan305,bedroom,4,uniform_risk_none,256,47.0,45.0,51.770862884160756,56.04740445232466,0.9574468085106383,1.1015077209395907,1.1924979670707376,256,1.0,36.18039,36.18108636389176,7.429639999999617,25.565055000000232,-1.003425925925922,-0.017588279071016937
t305_n4,FloorPlan305,bedroom,4,uniform_random,32,47.0,52.0,58.060709219858154,62.05931442080378,1.1063829787234043,1.2353342387203863,1.3204109451234847,32,1.0,3.400576999999979,3.4011928364634514,0.9306136666666909,2.2232440000002165,5.008484042553192,0.08778985352792634
t305_n4,FloorPlan305,bedroom,4,uniform_random,64,47.0,48.0,53.58507092198582,57.51577127659574,1.0212765957446808,1.140107891957145,1.2237398143956542,64,1.0,6.76098833333331,6.761610818405946,1.8497586666667842,4.382587333333548,0.46494089834515506,0.008149590378660032
t305_n4,FloorPlan305,bedroom,4,uniform_random,128,47.0,47.0,52.79766351457841,56.92896670606777,1.0,1.1233545428633704,1.2112546107673994,128,1.0,13.73049066666665,13.731172929207483,3.7002406666666414,8.93660533333381,-0.12186367218281902,-0.0021360543111266597
t305_n4,FloorPlan305,bedroom,4,uniform_random,256,47.0,47.0,52.79766351457841,56.92896670606777,1.0,1.1233545428633704,1.2112546107673994,256,1.0,27.941907666666665,27.942671130100887,7.3984133333334645,18.296815666667428,-0.12186367218281902,-0.0021360543111266597
t305_n6,FloorPlan305,bedroom,6,llm_nominal_none,32,62.0,67.33333333333333,76.14371565113501,82.13414277180406,1.086021505376344,1.2281244459860485,1.3247442382549042,32,1.0,4.376971333333301,4.377629607915878,1.2078466666665215,2.8924426666667076,-2.606583034647547,-0.030759508015083575
t305_n6,FloorPlan305,bedroom,6,llm_nominal_none,64,62.0,67.0,74.30372759856631,79.38646654719234,1.0806451612903225,1.1984472193317146,1.280426879793425,64,1.0,8.897978666666658,8.8986965517203,2.4143086666667535,5.850300333333419,-5.354259259259261,-0.06318401463174184
t305_n6,FloorPlan305,bedroom,6,llm_nominal_none,128,62.0,63.666666666666664,71.93831541218637,77.50744623655913,1.0268817204301075,1.1602954098739737,1.2501201005896634,128,1.0,17.932642333333334,17.933424251774948,4.798207333333455,11.754358666666608,-7.233279569892474,-0.08535777220522438
t305_n6,FloorPlan305,bedroom,6,llm_nominal_none,256,62.0,61.666666666666664,70.48348864994026,75.87719235364396,0.9946236559139785,1.1368304620958107,1.2238256831232897,256,1.0,36.27431566666666,36.27521110077699,9.641049999999858,23.65323666666646,-8.863533452807644,-0.1045959114517383
t305_n6,FloorPlan305,bedroom,6,llm_risk_none,32,62.0,65.66666666666667,75.08654719235365,81.37443847072879,1.0591397849462365,1.2110733418121555,1.3124909430762708,32,1.0,4.463058000000011,4.4635313873489695,1.2042499999999021,2.995032666666633,-3.3662873357228116,-0.03972455160947567
t305_n6,FloorPlan305,bedroom,6,llm_risk_none,64,62.0,63.0,70.53491039426524,75.90060035842293,1.0161290322580645,1.137659845068794,1.2242032315874667,64,1.0,8.81533800000002,8.815868136783441,2.401760333333322,5.817456666666646,-8.840125448028672,-0.10431968057743073
t305_n6,FloorPlan305,bedroom,6,llm_risk_none,128,62.0,63.0,70.53491039426524,75.90060035842293,1.0161290322580645,1.137659845068794,1.2242032315874667,128,1.0,26.943163000000037,26.94376464933157,4.794661000000084,20.798920666666586,-8.840125448028672,-0.10431968057743073
t305_n6,FloorPlan305,bedroom,6,llm_risk_none,256,62.0,61.0,68.75959378733572,74.07085125448029,0.9838709677419355,1.1090257062473503,1.194691149265811,256,1.0,45.56464333333335,45.56540617098411,9.617306333333126,32.86188733333317,-10.669874551971324,-0.12591200335410613
t305_n6,FloorPlan305,bedroom,6,llm_risk_nominal,32,62.0,65.66666666666667,75.08654719235365,81.37443847072879,1.0591397849462365,1.2110733418121555,1.3124909430762708,15.666666666666666,0.4895833333333333,3.6027823333333227,3.603197323779265,0.5978363333333422,2.777546000000098,-3.3662873357228116,-0.03972455160947567
t305_n6,FloorPlan305,bedroom,6,llm_risk_nominal,64,62.0,63.0,70.53491039426524,75.90060035842293,1.0161290322580645,1.137659845068794,1.2242032315874667,26.666666666666668,0.4166666666666667,7.181677333333303,7.182135557134946,1.020138000000013,5.649908333333393,-8.840125448028672,-0.10431968057743073
t305_n6,FloorPlan305,bedroom,6,llm_risk_nominal,128,62.0,63.0,70.53491039426524,75.90060035842293,1.0161290322580645,1.137659845068794,1.2242032315874667,45.666666666666664,0.3567708333333333,14.162889333333325,14.163378005226454,1.742549333333334,11.27187533333374,-8.840125448028672,-0.10431968057743073
t305_n6,FloorPlan305,bedroom,6,llm_risk_nominal,256,62.0,61.0,68.75959378733572,74.07085125448029,0.9838709677419355,1.1090257062473503,1.194691149265811,74.66666666666667,0.2916666666666667,28.350886999999993,28.351462446153164,2.8596113333333637,22.87042266666718,-10.669874551971324,-0.12591200335410613
t305_n6,FloorPlan305,bedroom,6,llm_risk_critical,32,62.0,65.66666666666667,75.08654719235365,81.37443847072879,1.0591397849462365,1.2110733418121555,1.3124909430762708,15.333333333333334,0.4791666666666667,3.6709533333333653,3.6715141807993255,0.5758363333333016,2.7893253333333052,-3.3662873357228116,-0.03972455160947567
t305_n6,FloorPlan305,bedroom,6,llm_risk_critical,64,62.0,63.0,70.53491039426524,75.90060035842293,1.0161290322580645,1.137659845068794,1.2242032315874667,23,0.359375,7.220973000000001,7.221560304363568,0.8683946666666517,5.6823579999999705,-8.840125448028672,-0.10431968057743073
t305_n6,FloorPlan305,bedroom,6,llm_risk_critical,128,62.0,63.0,70.53491039426524,75.90060035842293,1.0161290322580645,1.137659845068794,1.2242032315874667,36,0.28125,14.373886666666706,14.374510074655214,1.3739163333334286,11.519451333333421,-8.840125448028672,-0.10431968057743073
t305_n6,FloorPlan305,bedroom,6,llm_risk_critical,256,62.0,61.0,68.75959378733572,74.07085125448029,0.9838709677419355,1.1090257062473503,1.194691149265811,52.666666666666664,0.20572916666666666,28.074301000000013,28.075008032222588,2.0150260000000495,22.816374999999823,-10.669874551971324,-0.12591200335410613
t305_n6,FloorPlan305,bedroom,6,uniform_nominal_none,32,62.0,62.0,70.6831780167264,76.44715053763441,1.0,1.140051258334297,1.2330185570586194,32,1.0,4.394722333333341,4.395322874188423,1.2109866666666174,2.9278560000000806,-8.293575268817198,-0.09787000512315387
t305_n6,FloorPlan305,bedroom,6,uniform_nominal_none,64,62.0,62.0,70.59412186379929,76.29887096774193,1.0,1.1386148687709563,1.2306269510926118,64,1.0,8.898711999999994,8.899345683554808,2.4184740000000593,5.874778000000044,-8.441854838709673,-0.09961980804826864
t305_n6,FloorPlan305,bedroom,6,uniform_nominal_none,128,62.0,62.333333333333336,70.59088410991637,76.11534647550776,1.0053763440860215,1.138562646934135,1.227666878637222,128,1.0,18.15196066666665,18.15265075614055,4.820217333333534,11.843318666666603,-8.625379330943844,-0.10178552577711297
t305_n6,FloorPlan305,bedroom,6,uniform_nominal_none,256,62.0,62.666666666666664,70.540513739546,75.92281362007168,1.010752688172043,1.1377502216055806,1.2245615100011562,256,1.0,36.851522,36.856369115412235,9.648807666667036,23.640918333333133,-8.817912186379923,-0.1040575485100292
t305_n6,FloorPlan305,bedroom,6,uniform_risk_none,32,62.0,62.0,70.6831780167264,76.44715053763441,1.0,1.140051258334297,1.2330185570586194,32,1.0,4.363223333333314,4.363731791575749,1.2097673333333243,2.897226666666586,-8.293575268817198,-0.09787000512315387
t305_n6,FloorPlan305,bedroom,6,uniform_risk_none,64,62.0,62.0,70.59412186379929,76.29887096774193,1.0,1.1386148687709563,1.2306269510926118,64,1.0,8.734342999999969,8.734908265372118,2.4090973333333507,5.724174000000165,-8.441854838709673,-0.09961980804826864
t305_n6,FloorPlan305,bedroom,6,uniform_risk_none,128,62.0,62.0,70.59412186379929,76.29887096774193,1.0,1.1386148687709563,1.2306269510926118,128,1.0,17.909309999999955,17.909930708507698,4.805155666666644,11.684690666666608,-8.441854838709673,-0.09961980804826864
t305_n6,FloorPlan305,bedroom,6,uniform_risk_none,256,62.0,60.666666666666664,68.33201911589008,73.51336917562723,0.978494623655914,1.1021293405788724,1.1856995028326973,256,1.0,36.3810763333333,36.3818034529686,9.607822333333488,23.654632000000028,-11.227356630824374,-0.1324906828915737
t305_n6,FloorPlan305,bedroom,6,uniform_random,32,62.0,62.0,70.86129032258064,76.74370967741936,1.0,1.1429240374609781,1.2378017689906349,32,1.0,4.257093666666693,4.257510726650556,1.1955640000001304,2.795467000000144,-7.997016129032247,-0.09437039927292434
t305_n6,FloorPlan305,bedroom,6,uniform_random,64,62.0,62.0,70.86129032258064,76.74370967741936,1.0,1.1429240374609781,1.2378017689906349,64,1.0,8.67845933333337,8.678908459842205,2.387583999999998,5.700826000000399,-7.997016129032247,-0.09437039927292434
t305_n6,FloorPlan305,bedroom,6,uniform_random,128,62.0,62.0,70.86129032258064,76.74370967741936,1.0,1.1429240374609781,1.2378017689906349,128,1.0,17.530739666666722,17.53123973806699,4.762441333333311,11.522967666667032,-7.997016129032247,-0.09437039927292434
t305_n6,FloorPlan305,bedroom,6,uniform_random,256,62.0,62.0,70.86129032258064,76.74370967741936,1.0,1.1429240374609781,1.2378017689906349,256,1.0,35.59946466666669,35.600073325137295,9.519023666666532,23.529256666666868,-7.997016129032247,-0.09437039927292434
t305_n8,FloorPlan305,bedroom,8,llm_nominal_none,32,75.0,75.0,87.12617283950617,94.8687962962963,1.0,1.161682304526749,1.2649172839506173,32,1.0,5.235841666666685,5.236393151183923,1.4779510000002178,3.481015666666513,-0.867870370370369,-0.009065182657675938
t305_n8,FloorPlan305,bedroom,8,llm_nominal_none,64,75.0,75.0,87.0079012345679,94.65319444444444,1.0,1.1601053497942386,1.2620425925925927,64,1.0,10.621061666666728,10.621656042834124,2.94756466666668,7.019728000000318,-1.0834722222222222,-0.011317212724719417
t305_n8,FloorPlan305,bedroom,8,llm_nominal_none,128,75.0,75.0,86.84672839506173,94.38708333333334,1.0,1.1579563786008231,1.2584944444444444,128,1.0,28.506253666666705,28.50692564000686,5.916098666666425,21.03925099999996,-1.3495833333333327,-0.014096828104871006
t305_n8,FloorPlan305,bedroom,8,llm_nominal_none,256,75.0,75.0,86.67950617283951,93.93208333333334,1.0,1.1557267489711935,1.252427777777778,256,1.0,51.140394000000036,51.141240944465004,11.791560333332766,35.68044999999979,-1.804583333333331,-0.018849448138992326
t305_n8,FloorPlan305,bedroom,8,llm_risk_none,32,75.0,75.0,87.16907407407408,94.91930555555555,1.0,1.1622543209876544,1.2655907407407407,32,1.0,5.298639000000012,5.299021179477374,1.4866293333331004,3.532578000000508,-0.8173611111111114,-0.008537597344567827
t305_n8,FloorPlan305,bedroom,8,llm_risk_none,64,75.0,75.0,86.94006172839507,94.58773148148148,1.0,1.1592008230452675,1.2611697530864199,64,1.0,10.594788666666707,10.595211138327917,2.968494999999368,6.998243666667421,-1.1489351851851808,-0.012000994239600141
t305_n8,FloorPlan305,bedroom,8,llm_risk_none,128,75.0,74.33333333333333,86.03382716049383,93.5387962962963,0.9911111111111112,1.147117695473251,1.247183950617284,128,1.0,21.48976933333339,21.490253197650116,5.912922666666172,14.194802666667506,-2.197870370370372,-0.022957456603569255
t305_n8,FloorPlan305,bedroom,8,llm_risk_none,256,75.0,74.66666666666667,85.92703703703704,93.30912037037037,0.9955555555555555,1.1456938271604937,1.2441216049382715,256,1.0,43.660802,43.66141619781653,11.790005666665659,28.75367000000151,-2.427546296296294,-0.025356494860516315
t305_n8,FloorPlan305,bedroom,8,llm_risk_nominal,32,75.0,75.0,87.16907407407408,94.91930555555555,1.0,1.1622543209876544,1.2655907407407407,17.333333333333332,0.5416666666666666,4.442703999999982,4.443146288394928,0.8073083333332379,3.3877566666669447,-0.8173611111111114,-0.008537597344567827
t305_n8,FloorPlan305,bedroom,8,llm_risk_nominal,64,75.0,75.0,86.94006172839507,94.58773148148148,1.0,1.1592008230452675,1.2611697530864199,28,0.4375,8.761766666666652,8.762225198249022,1.3154936666665378,6.897613666667302,-1.1489351851851808,-0.012000994239600141
t305_n8,FloorPlan305,bedroom,8,llm_risk_nominal,128,75.0,74.33333333333333,86.03382716049383,93.5387962962963,0.9911111111111112,1.147117695473251,1.247183950617284,48.333333333333336,0.3776041666666667,17.460453333333312,17.460952202479046,2.286974000000108,13.968513000000979,-2.197870370370372,-0.022957456603569255
t305_n8,FloorPlan305,bedroom,8,llm_risk_nominal,256,75.0,74.66666666666667,85.92703703703704,93.30912037037037,0.9955555555555555,1.1456938271604937,1.2441216049382715,68.66666666666667,0.2682291666666667,33.932967000000076,33.933564089238644,3.2444603333334396,28.030011000000542,-2.427546296296294,-0.025356494860516315
t305_n8,FloorPlan305,bedroom,8,llm_risk_critical,32,75.0,75.0,87.16907407407408,94.91930555555555,1.0,1.1622543209876544,1.2655907407407407,16,0.5,4.494533333333273,4.495131783187389,0.7455693333331773,3.423075333333192,-0.8173611111111114,-0.008537597344567827
t305_n8,FloorPlan305,bedroom,8,llm_risk_critical,64,75.0,75.0,86.94006172839507,94.58773148148148,1.0,1.1592008230452675,1.2611697530864199,25.333333333333332,0.3958333333333333,8.899889999999985,8.903251960873604,1.1914263333331343,6.970310999999933,-1.1489351851851808,-0.012000994239600141
t305_n8,FloorPlan305,bedroom,8,llm_risk_critical,128,75.0,74.33333333333333,86.03382716049383,93.5387962962963,0.9911111111111112,1.147117695473251,1.247183950617284,42.333333333333336,0.3307291666666667,17.661223999999958,17.664688018461067,1.9941456666660768,14.097669333333599,-2.197870370370372,-0.022957456603569255
t305_n8,FloorPlan305,bedroom,8,llm_risk_critical,256,75.0,74.66666666666667,85.92703703703704,93.30912037037037,0.9955555555555555,1.1456938271604937,1.2441216049382715,57.666666666666664,0.22526041666666666,34.11284666666662,34.116409718990326,2.713160666666233,28.042985000000613,-2.427546296296294,-0.025356494860516315
t305_n8,FloorPlan305,bedroom,8,uniform_nominal_none,32,75.0,80.66666666666667,91.10265432098765,98.12266975308643,1.0755555555555556,1.2147020576131686,1.3083022633744856,32,1.0,5.39176766666664,5.3969137370586395,1.4824419999994731,3.6340239999995325,2.3860030864197577,0.024922562791195535
t305_n8,FloorPlan305,bedroom,8,uniform_nominal_none,64,75.0,78.0,88.5412962962963,95.54577160493828,1.04,1.1805506172839506,1.273943621399177,64,1.0,10.81439699999994,10.822304214040438,2.9604779999991004,7.229722333333077,-0.1908950617283883,-0.001993959768758602
t305_n8,FloorPlan305,bedroom,8,uniform_nominal_none,128,75.0,78.0,88.01314814814815,94.84824074074075,1.04,1.1735086419753087,1.2646432098765432,128,1.0,21.761637999999973,21.7696288600564,5.933657666665981,14.396928000000143,-0.8884259259259153,-0.009279891987666655
t305_n8,FloorPlan305,bedroom,8,uniform_nominal_none,256,75.0,76.66666666666667,87.08524691358025,94.19466049382716,1.0222222222222224,1.1611366255144033,1.2559288065843621,256,1.0,44.42905966666658,44.43718679249287,11.877989666666236,29.289859999999297,-1.5420061728395023,-0.016106745999507344
t305_n8,FloorPlan305,bedroom,8,uniform_risk_none,32,75.0,78.33333333333333,89.29586419753086,96.61319444444445,1.0444444444444445,1.1906115226337448,1.288175925925926,32,1.0,5.374006333333292,5.374540264407794,1.4789043333331604,3.6227763333335585,0.8765277777777811,0.009155612037649622
t305_n8,FloorPlan305,bedroom,8,uniform_risk_none,64,75.0,78.33333333333333,88.76771604938271,95.91566358024691,1.0444444444444445,1.1835695473251029,1.2788755144032922,64,1.0,10.629535666666579,10.630106553435326,2.96553766666637,7.046640333333465,0.17899691358025413,0.001869679818741569
t305_n8,FloorPlan305,bedroom,8,uniform_risk_none,128,75.0,76.66666666666667,87.27382716049382,94.4695524691358,1.0222222222222221,1.1636510288065844,1.2595940329218107,128,1.0,21.791999999999998,21.79263501117627,5.931794999999407,14.440262333333916,-1.2671141975308586,-0.013235411693856669
t305_n8,FloorPlan305,bedroom,8,uniform_risk_none,256,75.0,76.0,86.78228395061728,94.03787037037037,1.0133333333333334,1.1570971193415638,1.2538382716049383,256,1.0,51.87610633333332,51.876937970519066,11.871121666666003,36.9560213333342,-1.698796296296294,-0.017744468816854875
t305_n8,FloorPlan305,bedroom,8,uniform_random,32,75.0,83.66666666666667,94.65765432098766,102.05439814814815,1.1155555555555556,1.2621020576131687,1.3607253086419753,32,1.0,5.3991816666666415,5.399773828685284,1.4659750000000082,3.6360769999997933,6.317731481481483,0.06599071914085315
t305_n8,FloorPlan305,bedroom,8,uniform_random,64,75.0,83.66666666666667,94.65765432098766,102.05439814814815,1.1155555555555556,1.2621020576131687,1.3607253086419753,64,1.0,10.615549999999955,10.616173346837362,2.9279546666664733,7.027721666666431,6.317731481481483,0.06599071914085315
t305_n8,FloorPlan305,bedroom,8,uniform_random,128,75.0,83.66666666666667,94.65765432098766,102.05439814814815,1.1155555555555556,1.2621020576131687,1.3607253086419753,128,1.0,21.53624533333328,21.546483039855957,5.842149333332973,14.305708333333444,6.317731481481483,0.06599071914085315
t305_n8,FloorPlan305,bedroom,8,uniform_random,256,75.0,81.66666666666667,93.22765432098765,100.66216049382716,1.0888888888888888,1.243035390946502,1.3421621399176955,256,1.0,43.02175299999996,43.03365418066581,11.6878896666666,28.494631333333444,4.925493827160494,0.05144835305693215
t306_n4,FloorPlan306,bedroom,4,llm_nominal_none,32,40.0,44.0,48.45185185185185,51.60925925925926,1.1,1.2112962962962963,1.2902314814814815,32,1.0,3.386026000000079,3.3865906298160553,0.9122516666668264,2.221241666666781,-6.024074074074075,-0.10452413083992033
t306_n4,FloorPlan306,bedroom,4,llm_nominal_none,64,40.0,39.333333333333336,44.414351851851855,47.81018518518518,0.9833333333333334,1.1103587962962964,1.1952546296296296,64,1.0,6.823279000000015,6.823879666626453,1.8248860000000071,4.429778000000069,-9.823148148148148,-0.17044213096844676
t306_n4,FloorPlan306,bedroom,4,llm_nominal_none,128,40.0,37.0,42.86805555555556,46.675,0.925,1.0717013888888889,1.1668749999999999,128,1.0,14.000841999999958,14.001499861478806,3.649367333333283,8.997744333333742,-10.958333333333334,-0.1901388085598612
t306_n4,FloorPlan306,bedroom,4,llm_nominal_none,256,40.0,37.0,42.67407407407408,46.46388888888889,0.925,1.066851851851852,1.1615972222222222,256,1.0,35.80889100000006,35.8263977492849,7.3234269999999935,24.924204333333943,-11.169444444444446,-0.19380181222286494
t306_n4,FloorPlan306,bedroom,4,llm_risk_none,32,40.0,37.333333333333336,43.02314814814815,46.793055555555554,0.9333333333333333,1.075578703703704,1.169826388888889,32,1.0,3.352207333333227,3.352568174401919,0.9124543333330903,2.1846029999998593,-10.840277777777779,-0.1880904183535763
t306_n4,FloorPlan306,bedroom,4,llm_risk_none,64,40.0,37.0,42.77314814814815,46.543055555555554,0.925,1.0693287037037038,1.1635763888888888,64,1.0,6.7233753333332995,6.723731445769469,1.8139173333332481,4.326991666666687,-11.090277777777779,-0.19242818584923851
t306_n4,FloorPlan306,bedroom,4,llm_risk_none,128,40.0,37.0,42.74074074074074,46.58611111111111,0.925,1.0685185185185186,1.1646527777777778,128,1.0,13.963737000000013,13.969367059568564,3.642611999999527,8.874360999999904,-11.047222222222224,-0.1916811258916523
t306_n4,FloorPlan306,bedroom,4,llm_risk_none,256,40.0,37.0,42.708333333333336,46.62916666666666,0.925,1.0677083333333335,1.1657291666666665,256,1.0,29.15724433333333,29.169359244406223,7.320549999998723,18.28594999999981,-11.00416666666667,-0.19093406593406603
t306_n4,FloorPlan306,bedroom,4,llm_risk_nominal,32,40.0,37.333333333333336,43.02314814814815,46.793055555555554,0.9333333333333333,1.075578703703704,1.169826388888889,18.333333333333332,0.5729166666666666,2.907426666666731,2.9103225097060204,0.5276840000001023,2.1523556666671606,-10.840277777777779,-0.1880904183535763
t306_n4,FloorPlan306,bedroom,4,llm_risk_nominal,64,40.0,37.0,42.77314814814815,46.543055555555554,0.925,1.0693287037037038,1.1635763888888888,27.666666666666668,0.4322916666666667,5.548581666666756,5.551506765186787,0.7980926666665648,4.247418333334196,-11.090277777777779,-0.19242818584923851
t306_n4,FloorPlan306,bedroom,4,llm_risk_nominal,128,40.0,37.0,42.74074074074074,46.58611111111111,0.925,1.0685185185185186,1.1646527777777778,34,0.265625,10.862918333333416,10.865855030715466,0.9916286666665034,8.645960333333832,-11.047222222222224,-0.1916811258916523
t306_n4,FloorPlan306,bedroom,4,llm_risk_nominal,256,40.0,37.0,42.708333333333336,46.62916666666666,0.925,1.0677083333333335,1.1657291666666665,44,0.171875,21.574818000000125,21.577836635212105,1.30015866666644,17.269881333334624,-11.00416666666667,-0.19093406593406603
t306_n4,FloorPlan306,bedroom,4,llm_risk_critical,32,40.0,37.333333333333336,43.02314814814815,46.793055555555554,0.9333333333333333,1.075578703703704,1.169826388888889,17,0.53125,2.945934666666631,2.9463693499565125,0.4852959999999869,2.1608329999997324,-10.840277777777779,-0.1880904183535763
t306_n4,FloorPlan306,bedroom,4,llm_risk_critical,64,40.0,37.0,42.77314814814815,46.543055555555554,0.925,1.0693287037037038,1.1635763888888888,25.666666666666668,0.4010416666666667,5.657918999999974,5.658380687236786,0.7346973333332377,4.266139333332308,-11.090277777777779,-0.19242818584923851
t306_n4,FloorPlan306,bedroom,4,llm_risk_critical,128,40.0,37.0,42.74074074074074,46.58611111111111,0.925,1.0685185185185186,1.1646527777777778,31,0.2421875,11.133166333333314,11.133658389250437,0.8961079999999141,8.694376666665985,-11.047222222222224,-0.1916811258916523
t306_n4,FloorPlan306,bedroom,4,llm_risk_critical,256,40.0,37.0,42.708333333333336,46.62916666666666,0.925,1.0677083333333335,1.1657291666666665,37,0.14453125,22.069493333333266,22.07007973144452,1.0768109999998259,17.360946666664507,-11.00416666666667,-0.19093406593406603
t306_n4,FloorPlan306,bedroom,4,uniform_nominal_none,32,40.0,37.666666666666664,43.39907407407407,47.076388888888886,0.9416666666666667,1.0849768518518519,1.1769097222222222,32,1.0,3.3434403333334473,3.3438755199313164,0.9077769999998134,2.1890576666663275,-10.556944444444445,-0.1831742818584924
t306_n4,FloorPlan306,bedroom,4,uniform_nominal_none,64,40.0,37.0,42.67407407407408,46.46388888888889,0.925,1.066851851851852,1.1615972222222222,64,1.0,6.7348420000001115,6.73527146379153,1.8194906666660533,4.345714000000204,-11.169444444444446,-0.19380181222286494
t306_n4,FloorPlan306,bedroom,4,uniform_nominal_none,128,40.0,37.0,42.67407407407408,46.46388888888889,0.925,1.066851851851852,1.1615972222222222,128,1.0,13.972119333333385,13.972600611547628,3.636138666665604,8.894065666666284,-11.169444444444446,-0.19380181222286494
t306_n4,FloorPlan306,bedroom,4,uniform_nominal_none,256,40.0,37.0,42.67407407407408,46.46388888888889,0.925,1.066851851851852,1.1615972222222222,256,1.0,29.255187666666757,29.255752141276997,7.299977333332208,18.218340333332545,-11.169444444444446,-0.19380181222286494
t306_n4,FloorPlan306,bedroom,4,uniform_risk_none,32,40.0,37.666666666666664,43.39907407407407,47.076388888888886,0.9416666666666667,1.0849768518518519,1.1769097222222222,32,1.0,3.370869666666776,3.3712942774097123,0.913651000000589,2.2005193333338724,-10.556944444444445,-0.1831742818584924
t306_n4,FloorPlan306,bedroom,4,uniform_risk_none,64,40.0,37.0,42.67407407407408,46.46388888888889,0.925,1.066851851851852,1.1615972222222222,64,1.0,6.805754333333451,6.8061888838807745,1.8322316666668688,4.3689013333332305,-11.169444444444446,-0.19380181222286494
t306_n4,FloorPlan306,bedroom,4,uniform_risk_none,128,40.0,37.0,42.67407407407408,46.46388888888889,0.925,1.066851851851852,1.1615972222222222,128,1.0,14.052496000000062,14.057882130146027,3.6740596666672656,8.947723333333194,-11.169444444444446,-0.19380181222286494
t306_n4,FloorPlan306,bedroom,4,uniform_risk_none,256,40.0,37.0,42.67407407407408,46.46388888888889,0.925,1.066851851851852,1.1615972222222222,256,1.0,29.76398433333342,29.775551209847134,7.360421000000672,18.663253999999796,-11.169444444444446,-0.19380181222286494
t306_n4,FloorPlan306,bedroom,4,uniform_random,32,40.0,39.0,44.27222222222222,47.7962962962963,0.975,1.1068055555555556,1.1949074074074073,32,1.0,3.354698000000026,3.3551029240091643,0.9101616666666127,2.197204666666878,-9.837037037037035,-0.17068311805153905
t306_n4,FloorPlan306,bedroom,4,uniform_random,64,40.0,38.333333333333336,43.87777777777778,47.533796296296295,0.9583333333333334,1.0969444444444445,1.1883449074074075,64,1.0,6.683722000000003,6.68414185444514,1.8202769999999073,4.334660666666472,-10.099537037037036,-0.17523777392198445
t306_n4,FloorPlan306,bedroom,4,uniform_random,128,40.0,37.333333333333336,43.111111111111114,46.82453703703704,0.9333333333333333,1.0777777777777777,1.170613425925926,128,1.0,13.56343433333329,13.563885043064753,3.631122666667652,8.836765999999793,-10.808796296296295,-0.18754418096523362
t306_n4,FloorPlan306,bedroom,4,uniform_random,256,40.0,37.0,42.672222222222224,46.25555555555555,0.925,1.0668055555555556,1.156388888888889,256,1.0,27.436554333333326,27.437107016642887,7.268124333333977,17.93805666666685,-11.377777777777778,-0.19741661846925007
t306_n6,FloorPlan306,bedroom,6,llm_nominal_none,32,73.0,66.0,75.28555809233892,81.58379819888381,0.9041095890410958,1.0313090149635469,1.1175862766970384,32,1.0,4.312227333333325,4.312792172034581,1.202957333333458,2.837192999999701,-11.290343734145097,-0.12156606240611634
t306_n6,FloorPlan306,bedroom,6,llm_nominal_none,64,73.0,60.666666666666664,70.21487316083207,76.47897640791477,0.8310502283105022,0.9618475775456448,1.0476572110673255,64,1.0,8.774219666666657,8.774788739780584,2.400212000000179,5.770888666666529,-16.39516552511414,-0.17653100404347868
t306_n6,FloorPlan306,bedroom,6,llm_nominal_none,128,73.0,56.333333333333336,65.72889142567224,71.55725837138509,0.771689497716895,0.9003957729544144,0.9802364160463711,128,1.0,17.900529333333267,17.901175655424595,4.799951333333959,11.716597333332635,-21.31688356164382,-0.22952442001580287
t306_n6,FloorPlan306,bedroom,6,llm_nominal_none,256,73.0,56.333333333333336,65.22529426686961,70.87628297818367,0.771689497716895,0.8934971817379399,0.9709079860025159,256,1.0,43.085908,43.09652714679638,9.539725666666905,30.311827999999355,-21.997858954845242,-0.2368566588825961
t306_n6,FloorPlan306,bedroom,6,llm_risk_none,32,73.0,66.0,75.28555809233892,81.58379819888381,0.9041095890410958,1.0313090149635469,1.1175862766970384,32,1.0,4.33117666666664,4.331652695933978,1.1978206666669229,2.8636750000000655,-11.290343734145097,-0.12156606240611634
t306_n6,FloorPlan306,bedroom,6,llm_risk_none,64,73.0,58.666666666666664,68.14551496702182,74.21217973110097,0.8036529680365296,0.9335002050276962,1.0166052017959037,64,1.0,8.704523999999918,8.705035783350468,2.3835786666670153,5.730113666667129,-18.66196220192794,-0.20093819241296448
t306_n6,FloorPlan306,bedroom,6,llm_risk_none,128,73.0,57.666666666666664,66.94977676306443,72.95418822932523,0.7899543378995434,0.9171202296310197,0.9993724414976058,128,1.0,17.678479000000006,17.679028833905857,4.759483999999851,11.6051383333348,-19.919953703703687,-0.21448331353702163
t306_n6,FloorPlan306,bedroom,6,llm_risk_none,256,73.0,56.333333333333336,65.0620268899036,70.61709982242517,0.771689497716895,0.8912606423274466,0.9673575318140434,256,1.0,43.52947433333332,43.53874921798706,9.518860666665555,31.071276333335323,-22.257042110603738,-0.23964735121486436
t306_n6,FloorPlan306,bedroom,6,llm_risk_nominal,32,73.0,66.0,75.28555809233892,81.58379819888381,0.9041095890410958,1.0313090149635469,1.1175862766970384,21,0.65625,3.8356810000000165,3.8361999516685805,0.7989193333332034,2.7918356666669273,-11.290343734145097,-0.12156606240611634
t306_n6,FloorPlan306,bedroom,6,llm_risk_nominal,64,73.0,58.666666666666664,68.14551496702182,74.21217973110097,0.8036529680365296,0.9335002050276962,1.0166052017959037,38.333333333333336,0.5989583333333334,7.675965333333294,7.676510761181514,1.4517810000000964,5.687173666667082,-18.66196220192794,-0.20093819241296448
t306_n6,FloorPlan306,bedroom,6,llm_risk_nominal,128,73.0,57.666666666666664,66.94977676306443,72.95418822932523,0.7899543378995434,0.9171202296310197,0.9993724414976058,58,0.453125,14.684572333333387,14.685166689256826,2.202786333333595,11.328566666667335,-19.919953703703687,-0.21448331353702163
t306_n6,FloorPlan306,bedroom,6,llm_risk_nominal,256,73.0,56.333333333333336,65.0620268899036,70.61709982242517,0.771689497716895,0.8912606423274466,0.9673575318140434,87.66666666666667,0.3424479166666667,28.422427666666692,28.423112506667774,3.3171366666664426,22.58890066666756,-22.257042110603738,-0.23964735121486436
t306_n6,FloorPlan306,bedroom,6,llm_risk_critical,32,73.0,66.0,75.28555809233892,81.58379819888381,0.9041095890410958,1.0313090149635469,1.1175862766970384,19.333333333333332,0.6041666666666666,3.8636390000000485,3.8642178600033126,0.7341906666665418,2.8105953333329805,-11.290343734145097,-0.12156606240611634
t306_n6,FloorPlan306,bedroom,6,llm_risk_critical,64,73.0,58.666666666666664,68.14551496702182,74.21217973110097,0.8036529680365296,0.9335002050276962,1.0166052017959037,32.333333333333336,0.5052083333333334,7.587540999999994,7.5881462544202805,1.2220960000000058,5.679778999999163,-18.66196220192794,-0.20093819241296448
t306_n6,FloorPlan306,bedroom,6,llm_risk_critical,128,73.0,57.666666666666664,66.94977676306443,72.95418822932523,0.7899543378995434,0.9171202296310197,0.9993724414976058,47.666666666666664,0.3723958333333333,14.739376333333368,14.74001258611679,1.7992126666665313,11.470898333332332,-19.919953703703687,-0.21448331353702163
t306_n6,FloorPlan306,bedroom,6,llm_risk_critical,256,73.0,56.333333333333336,65.0620268899036,70.61709982242517,0.771689497716895,0.8912606423274466,0.9673575318140434,72,0.28125,28.659358333333365,28.6600807060798,2.705931666666809,22.79772133333243,-22.257042110603738,-0.23964735121486436
t306_n6,FloorPlan306,bedroom,6,uniform_nominal_none,32,73.0,64.66666666666667,72.24138508371385,77.63808599695587,0.8858447488584474,0.9896080148453952,1.0635354246158337,32,1.0,4.418025333333316,4.418899305164814,1.2068000000001373,2.9478096666669305,-15.236055936073049,-0.16405057014749802
t306_n6,FloorPlan306,bedroom,6,uniform_nominal_none,64,73.0,62.333333333333336,69.89971334348047,75.15987506341959,0.8538812785388128,0.9575303197737051,1.0295873296358848,64,1.0,8.853231666666664,8.854130282998085,2.401052666666237,5.865657666666764,-17.71426686960932,-0.1907341107106324
t306_n6,FloorPlan306,bedroom,6,uniform_nominal_none,128,73.0,54.0,63.14740740740741,68.84528411973618,0.7397260273972602,0.8650329781836632,0.9430860838320024,128,1.0,17.91377700000004,17.91473012417555,4.770151333332917,11.84077666666646,-24.02885781329273,-0.25872495091927544
t306_n6,FloorPlan306,bedroom,6,uniform_nominal_none,256,73.0,53.666666666666664,62.10329528158296,67.55119355657027,0.7351598173515982,0.8507300723504515,0.9253588158434284,256,1.0,36.71831533333332,36.73241070161263,9.538377666666728,24.107794666667235,-25.32294837645864,-0.2726587600100671
t306_n6,FloorPlan306,bedroom,6,uniform_risk_none,32,73.0,65.0,72.5564434297311,77.81690131912734,0.8904109589041096,0.9939238825990562,1.065984949577087,32,1.0,4.3477926666667015,4.348219372332096,1.2014529999998895,2.887962999999605,-15.057240613901564,-0.16212521914613506
t306_n6,FloorPlan306,bedroom,6,uniform_risk_none,64,73.0,62.333333333333336,69.76914510400812,75.32197678843227,0.8538812785388128,0.9557417137535359,1.031807901211401,64,1.0,8.676280333333342,8.676732269426187,2.3818826666666126,5.7134656666659,-17.55216514459664,-0.18898871934939024
t306_n6,FloorPlan306,bedroom,6,uniform_risk_none,128,73.0,54.666666666666664,63.25628614916286,68.79292491121258,0.7488584474885844,0.8665244677967516,0.9423688344001724,128,1.0,17.660475333333295,17.660997187097866,4.741446666667759,11.619621333332386,-24.081217021816325,-0.2592887161119741
t306_n6,FloorPlan306,bedroom,6,uniform_risk_none,256,73.0,53.666666666666664,61.94839928970067,67.32841260781329,0.7351598173515982,0.8486082094479543,0.9223070220248397,256,1.0,35.973347000000025,35.975413086513676,9.497791666667274,23.60173633333303,-25.545729325215614,-0.2750575003280947
t306_n6,FloorPlan306,bedroom,6,uniform_random,32,73.0,68.66666666666667,77.2564738711314,83.44814624556062,0.9406392694063926,1.0583078612483754,1.143125291035077,32,1.0,4.2590590000000095,4.259473333756129,1.1897896666667556,2.800774333333441,-9.425995687468282,-0.1014921429289255
t306_n6,FloorPlan306,bedroom,6,uniform_random,64,73.0,67.33333333333333,75.36852359208524,81.0602302130898,0.9223744292237442,1.032445528658702,1.1104141125080795,64,1.0,8.66656666666669,8.683026768267155,2.363054666667012,5.7084023333335105,-11.813911719939108,-0.1272034548481542
t306_n6,FloorPlan306,bedroom,6,uniform_random,128,73.0,61.0,69.58410451547438,75.17988774733638,0.8356164383561644,0.953206911170882,1.0298614759909093,128,1.0,17.581954000000028,17.598456082244713,4.731193999999809,11.60220400000056,-17.694254185692532,-0.19051862894681468
t306_n6,FloorPlan306,bedroom,6,uniform_random,256,73.0,57.666666666666664,67.25440892947742,73.22070585996956,0.7899543378995434,0.9212932730065401,1.0030233679447884,256,1.0,35.31649766666674,35.333133302628994,9.459939666667397,23.311496000000634,-19.65343607305935,-0.21161364900933724
t306_n8,FloorPlan306,bedroom,8,llm_nominal_none,32,78.0,80.66666666666667,93.16342830009496,101.05782051282051,1.0341880341880343,1.1944029269242944,1.2956130834976989,32,1.0,5.639853333333278,5.640626884996891,1.5841923333336598,3.7543246666666232,-9.912364672364674,-0.0893245753877322
t306_n8,FloorPlan306,bedroom,8,llm_nominal_none,64,78.0,75.33333333333333,88.13879392212725,96.23631766381766,0.9658119658119658,1.1299845374631698,1.2337989444079187,64,1.0,11.154651333333302,11.155473068356514,3.0603766666670307,7.462339666666133,-14.733867521367523,-0.13277320837826748
t306_n8,FloorPlan306,bedroom,8,llm_nominal_none,128,78.0,75.0,86.54452041785375,93.81094966761633,0.9615384615384616,1.1095451335622275,1.2027044829181581,128,1.0,22.09367599999997,22.094563581049442,5.992079333333751,14.709754333333288,-17.159235517568856,-0.1546292410788881
t306_n8,FloorPlan306,bedroom,8,llm_nominal_none,256,78.0,66.0,76.22493827160494,82.49848053181387,0.8461538461538461,0.9772427983539095,1.0576728273309468,256,1.0,43.892466666666614,43.89911610633135,11.782936333334456,29.07489633333234,-28.471704653371322,-0.2565707591265007
t306_n8,FloorPlan306,bedroom,8,llm_risk_none,32,78.0,80.0,92.9999715099715,100.81217711301045,1.0256410256410255,1.1923073270509168,1.2924638091411595,32,1.0,5.307593666666592,5.307909722129504,1.479011000000104,3.5543056666667017,-10.158008072174743,-0.09153817356637939
t306_n8,FloorPlan306,bedroom,8,llm_risk_none,64,78.0,78.66666666666667,91.00572649572649,98.98357312440646,1.0085470085470085,1.1667400832785448,1.2690201682616213,64,1.0,10.541126333333262,10.541467616955439,2.9365593333335513,7.002086333332362,-11.98661206077873,-0.1080165094865407
t306_n8,FloorPlan306,bedroom,8,llm_risk_none,128,78.0,75.66666666666667,88.12551756885091,96.17722222222223,0.9700854700854701,1.1298143278057808,1.2330413105413105,128,1.0,21.395844999999948,21.39626784871022,5.8424633333330105,14.189746999999716,-14.792962962962966,-0.1333057427837641
t306_n8,FloorPlan306,bedroom,8,llm_risk_none,256,78.0,67.0,77.94879392212725,84.80340455840457,0.858974358974359,0.9993435118221443,1.087223135364161,256,1.0,42.88101600000001,42.881568583349384,11.606733666667571,28.451423999999115,-26.166780626780625,-0.23580009876629418
t306_n8,FloorPlan306,bedroom,8,llm_risk_nominal,32,78.0,80.0,92.9999715099715,100.81217711301045,1.0256410256410255,1.1923073270509168,1.2924638091411595,22.333333333333332,0.6979166666666666,4.700616666666694,4.7057435537378,1.0358903333334741,3.4070743333329823,-10.158008072174743,-0.09153817356637939
t306_n8,FloorPlan306,bedroom,8,llm_risk_nominal,64,78.0,78.66666666666667,91.00572649572649,98.98357312440646,1.0085470085470085,1.1667400832785448,1.2690201682616213,41,0.640625,9.405651000000015,9.41082617888848,1.8981810000000543,6.9455286666658305,-11.98661206077873,-0.1080165094865407
t306_n8,FloorPlan306,bedroom,8,llm_risk_nominal,128,78.0,75.66666666666667,88.12551756885091,96.17722222222223,0.9700854700854701,1.1298143278057808,1.2330413105413105,68.33333333333333,0.5338541666666666,18.52840933333333,18.53361912071705,3.1556686666667964,14.127231999998472,-14.792962962962966,-0.1333057427837641
t306_n8,FloorPlan306,bedroom,8,llm_risk_nominal,256,78.0,67.0,77.94879392212725,84.80340455840457,0.858974358974359,0.9993435118221443,1.087223135364161,116,0.453125,35.827542666666695,35.832880064845085,5.335179333333828,27.961944333332028,-26.166780626780625,-0.23580009876629418
t306_n8,FloorPlan306,bedroom,8,llm_risk_critical,32,78.0,80.0,92.9999715099715,100.81217711301045,1.0256410256410255,1.1923073270509168,1.2924638091411595,20,0.625,4.658617999999966,4.6591367572546005,0.9254846666670128,3.403311333333233,-10.158008072174743,-0.09153817356637939
t306_n8,FloorPlan306,bedroom,8,llm_risk_critical,64,78.0,78.66666666666667,91.00572649572649,98.98357312440646,1.0085470085470085,1.1667400832785448,1.2690201682616213,34.333333333333336,0.5364583333333334,9.165365333333305,9.165935218334198,1.58404333333384,6.8746463333337156,-11.98661206077873,-0.1080165094865407
t306_n8,FloorPlan306,bedroom,8,llm_risk_critical,128,78.0,75.66666666666667,88.12551756885091,96.17722222222223,0.9700854700854701,1.1298143278057808,1.2330413105413105,54.666666666666664,0.4270833333333333,17.91858533333331,17.923962324857712,2.5129970000007753,13.86997900000031,-14.792962962962966,-0.1333057427837641
t306_n8,FloorPlan306,bedroom,8,llm_risk_critical,256,78.0,67.0,77.94879392212725,84.80340455840457,0.858974358974359,0.9993435118221443,1.087223135364161,90,0.3515625,35.17323466666659,35.19311609367529,4.119852333333747,27.916116666666973,-26.166780626780625,-0.23580009876629418
t306_n8,FloorPlan306,bedroom,8,uniform_nominal_none,32,78.0,77.33333333333333,87.75335232668566,94.66236942070276,0.9914529914529915,1.125042978547252,1.2136201207782404,32,1.0,12.490861000000002,12.491369309524694,1.4566666666668098,10.764508999999626,-16.307815764482427,-0.14695673200209783
t306_n8,FloorPlan306,bedroom,8,uniform_nominal_none,64,78.0,70.66666666666667,80.98521367521367,87.72183998100665,0.905982905982906,1.0382719701950471,1.1246389741154699,64,1.0,17.78778066666664,17.788346856832504,2.909414333333767,14.272789999999999,-23.248345204178538,-0.20950082371568624
t306_n8,FloorPlan306,bedroom,8,uniform_nominal_none,128,78.0,66.66666666666667,76.96763532763532,83.39073599240265,0.8547008547008547,0.9867645554825042,1.0691119999025982,128,1.0,28.559976333333292,28.56052170197169,5.810592333333808,21.390235333333806,-27.57944919278253,-0.24853026195061678
t306_n8,FloorPlan306,bedroom,8,uniform_nominal_none,256,78.0,64.33333333333333,74.74702754036088,81.18169278252611,0.8247863247863247,0.9582952248764215,1.0407909331093093,256,1.0,50.52820866666659,50.536154148479305,11.582427000000376,35.943416333332756,-29.788492402659074,-0.2684368990909453
t306_n8,FloorPlan306,bedroom,8,uniform_risk_none,32,78.0,77.33333333333333,87.76408357075024,94.67680436847104,0.9914529914529915,1.125180558599362,1.2138051842111672,32,1.0,5.262216666666708,5.262707980970542,1.458533000000169,3.528180333333353,-16.293380816714148,-0.14682665248799961
t306_n8,FloorPlan306,bedroom,8,uniform_risk_none,64,78.0,66.66666666666667,77.36033238366572,84.01656695156696,0.8547008547008547,0.9917991331239195,1.0771354737380379,64,1.0,10.50003966666672,10.50057572623094,2.915082999999837,6.976711666666506,-26.953618233618233,-0.24289063038543632
t306_n8,FloorPlan306,bedroom,8,uniform_risk_none,128,78.0,66.0,76.3707787274454,82.87682336182336,0.8461538461538461,0.9791125477877616,1.0625233764336328,128,1.0,21.539794333333308,21.540385981400807,5.825042999999086,14.370182666667342,-28.09336182336183,-0.25316134938839735
t306_n8,FloorPlan306,bedroom,8,uniform_risk_none,256,78.0,66.0,76.33640075973409,82.81846628679962,0.8461538461538461,0.9786718046119756,1.0617752088051235,256,1.0,43.331114999999976,43.331859012444816,11.61102333333249,28.70423933333373,-28.151718898385564,-0.2536872300555906
t306_n8,FloorPlan306,bedroom,8,uniform_random,32,78.0,78.33333333333333,89.96001899335234,97.68888651471985,1.0042735042735043,1.1533335768378503,1.252421621983588,32,1.0,5.242187999999907,5.244138340155284,1.4504269999995323,3.498513666666536,-13.281298670465338,-0.11968348658967927
t306_n8,FloorPlan306,bedroom,8,uniform_random,64,78.0,77.33333333333333,87.89094966761634,95.27576210826211,0.9914529914529914,1.1268070470207223,1.221484129593104,64,1.0,10.454703333333315,10.456671627859274,2.8952939999989566,6.906764999999944,-15.694423076923078,-0.14142918704454252
t306_n8,FloorPlan306,bedroom,8,uniform_random,128,78.0,77.66666666666667,87.26049382716049,94.07767094017093,0.9957264957264956,1.118724279835391,1.2061239864124478,128,1.0,21.21658699999992,21.218632347881794,5.790228333332277,14.050783333334168,-16.89251424501425,-0.15222570113606915
t306_n8,FloorPlan306,bedroom,8,uniform_random,256,78.0,71.66666666666667,81.73509021842355,88.48921889838556,0.9188034188034188,1.0478857720310712,1.1344771653639174,256,1.0,42.58896333333325,42.5911300505201,11.574146999999257,28.19496333333508,-22.480966286799624,-0.2025856427046937
t307_n4,FloorPlan307,bedroom,4,llm_nominal_none,32,39.0,39.0,44.78119658119658,48.408974358974355,1.0,1.1482358097742713,1.2412557527942143,32,1.0,3.3749010000000044,3.375662180284659,0.9153546666669973,2.199317666666515,-1.5123931623931597,-0.030295507464730753
t307_n4,FloorPlan307,bedroom,4,llm_nominal_none,64,39.0,39.0,44.78119658119658,48.408974358974355,1.0,1.1482358097742713,1.2412557527942143,64,1.0,7.029845999999858,7.030606580277284,1.8453230000002503,4.538110333333807,-1.5123931623931597,-0.030295507464730753
t307_n4,FloorPlan307,bedroom,4,llm_nominal_none,128,39.0,39.0,44.78119658119658,48.408974358974355,1.0,1.1482358097742713,1.2412557527942143,128,1.0,14.56726499999994,14.568079573412737,3.6970466666671844,9.187655333334543,-1.5123931623931597,-0.030295507464730753
t307_n4,FloorPlan307,bedroom,4,llm_nominal_none,256,39.0,39.0,44.78119658119658,48.408974358974355,1.0,1.1482358097742713,1.2412557527942143,256,1.0,36.063598666666564,36.06455152233442,7.381690666667717,24.55710533333592,-1.5123931623931597,-0.030295507464730753
t307_n4,FloorPlan307,bedroom,4,llm_risk_none,32,39.0,39.0,44.78119658119658,48.408974358974355,1.0,1.1482358097742713,1.2412557527942143,32,1.0,3.366240333333289,3.366691991686821,0.9115553333332027,2.195786000000366,-1.5123931623931597,-0.030295507464730753
t307_n4,FloorPlan307,bedroom,4,llm_risk_none,64,39.0,39.0,44.78119658119658,48.408974358974355,1.0,1.1482358097742713,1.2412557527942143,64,1.0,6.80458500000003,6.8050579478343325,1.8238826666660362,4.363553333333418,-1.5123931623931597,-0.030295507464730753
t307_n4,FloorPlan307,bedroom,4,llm_risk_none,128,39.0,39.0,44.78119658119658,48.408974358974355,1.0,1.1482358097742713,1.2412557527942143,128,1.0,14.228023000000034,14.228544508417448,3.657667333333059,8.980087333333442,-1.5123931623931597,-0.030295507464730753
t307_n4,FloorPlan307,bedroom,4,llm_risk_none,256,39.0,39.0,44.78119658119658,48.408974358974355,1.0,1.1482358097742713,1.2412557527942143,256,1.0,29.78157,29.78218626230955,7.3468219999982916,18.419770000001797,-1.5123931623931597,-0.030295507464730753
t307_n4,FloorPlan307,bedroom,4,llm_risk_nominal,32,39.0,39.0,44.78119658119658,48.408974358974355,1.0,1.1482358097742713,1.2412557527942143,17,0.53125,2.894265000000044,2.8947402412692704,0.4913766666665431,2.169693000000287,-1.5123931623931597,-0.030295507464730753
t307_n4,FloorPlan307,bedroom,4,llm_risk_nominal,64,39.0,39.0,44.78119658119658,48.408974358974355,1.0,1.1482358097742713,1.2412557527942143,24.666666666666668,0.3854166666666667,5.5571953333334685,5.55768795311451,0.7188549999998332,4.2993006666670235,-1.5123931623931597,-0.030295507464730753
t307_n4,FloorPlan307,bedroom,4,llm_risk_nominal,128,39.0,39.0,44.78119658119658,48.408974358974355,1.0,1.1482358097742713,1.2412557527942143,31,0.2421875,11.229655666666819,11.235774494707584,0.9094006666662638,8.92861000000078,-1.5123931623931597,-0.030295507464730753
t307_n4,FloorPlan307,bedroom,4,llm_risk_nominal,256,39.0,39.0,44.78119658119658,48.408974358974355,1.0,1.1482358097742713,1.2412557527942143,37.666666666666664,0.14713541666666666,22.514580333333313,22.52490632236004,1.1127209999997056,17.948763666667976,-1.5123931623931597,-0.030295507464730753
t307_n4,FloorPlan307,bedroom,4,llm_risk_critical,32,39.0,39.0,44.78119658119658,48.408974358974355,1.0,1.1482358097742713,1.2412557527942143,16,0.5,2.9195589999999605,2.9200781136751175,0.4546490000001402,2.1630329999993148,-1.5123931623931597,-0.030295507464730753
t307_n4,FloorPlan307,bedroom,4,llm_risk_critical,64,39.0,39.0,44.78119658119658,48.408974358974355,1.0,1.1482358097742713,1.2412557527942143,21.666666666666668,0.3385416666666667,5.589816000000154,5.590347573161125,0.6192616666668519,4.2876296666663665,-1.5123931623931597,-0.030295507464730753
t307_n4,FloorPlan307,bedroom,4,llm_risk_critical,128,39.0,39.0,44.78119658119658,48.408974358974355,1.0,1.1482358097742713,1.2412557527942143,26,0.203125,11.135341666666706,11.135896978278955,0.7461190000001375,8.725238666666376,-1.5123931623931597,-0.030295507464730753
t307_n4,FloorPlan307,bedroom,4,llm_risk_critical,256,39.0,39.0,44.78119658119658,48.408974358974355,1.0,1.1482358097742713,1.2412557527942143,29,0.11328125,22.394566333333366,22.39520599444707,0.8355890000002475,17.52647399999896,-1.5123931623931597,-0.030295507464730753
t307_n4,FloorPlan307,bedroom,4,uniform_nominal_none,32,39.0,47.333333333333336,51.883822412155745,55.279246201329535,1.2136752136752136,1.3303544208245064,1.41741656926486,32,1.0,3.3856586666665875,3.386080265045166,0.9334083333328488,2.204226666667086,5.357878679962018,0.10732636035398506
t307_n4,FloorPlan307,bedroom,4,uniform_nominal_none,64,39.0,43.333333333333336,48.92881291547958,52.57114672364672,1.1111111111111112,1.2545849465507586,1.3479781211191466,64,1.0,6.7687806666665296,6.76924114425977,1.8595119999988974,4.35653566666705,2.6497792022792055,0.053079058804729996
t307_n4,FloorPlan307,bedroom,4,uniform_nominal_none,128,39.0,42.333333333333336,48.10962962962963,51.78320750237417,1.0854700854700854,1.2335802469135801,1.3277745513429273,128,1.0,13.961668333333307,13.962154276669025,3.7255456666658304,8.9207809999996,1.861839981006651,0.0372954522972501
t307_n4,FloorPlan307,bedroom,4,uniform_nominal_none,256,39.0,39.0,45.77486229819563,49.76600783475783,1.0,1.1737144179024521,1.2760514829425085,256,1.0,28.80331266666669,28.803911060094833,7.409758333332794,18.249358666666623,-0.155359686609683,-0.003112087955987645
t307_n4,FloorPlan307,bedroom,4,uniform_risk_none,32,39.0,46.0,50.241149097815764,53.56564933523266,1.1794871794871795,1.2882345922516862,1.3734781880828888,32,1.0,3.36886866666671,3.369250645240148,0.9271430000002597,2.19529766666704,3.644281813865151,0.07300044038868347
t307_n4,FloorPlan307,bedroom,4,uniform_risk_none,64,39.0,41.333333333333336,47.790085470085465,51.73577635327635,1.0598290598290598,1.2253868069252685,1.3265583680327269,64,1.0,6.749789666666691,6.750176971157392,1.8511410000008333,4.3422293333342425,1.8144088319088354,0.036345335113911435
t307_n4,FloorPlan307,bedroom,4,uniform_risk_none,128,39.0,41.333333333333336,47.60395061728395,51.404912155745485,1.0598290598290598,1.2206141183918962,1.3180746706601407,128,1.0,13.889560000000042,13.88999136785666,3.691062333334457,8.879176333334607,1.4835446343779732,0.02971762810269533
t307_n4,FloorPlan307,bedroom,4,uniform_risk_none,256,39.0,39.0,45.77486229819563,49.76600783475783,1.0,1.1737144179024521,1.2760514829425085,256,1.0,28.731473666666766,28.731990916033585,7.382792666667193,18.120428000002537,-0.155359686609683,-0.003112087955987645
t307_n4,FloorPlan307,bedroom,4,uniform_random,32,39.0,49.0,54.180726495726496,57.58356362773029,1.2564102564102564,1.3892493973263205,1.476501631480264,32,1.0,3.387720666666668,3.3881328999996185,0.9275790000000672,2.214689000000473,7.662196106362778,0.1534853007198406
t307_n4,FloorPlan307,bedroom,4,uniform_random,64,39.0,44.333333333333336,49.6878774928775,53.27305674264007,1.1367521367521367,1.2740481408430127,1.365975813913848,64,1.0,6.758371999999957,6.758808779219787,1.8509873333342568,4.377627000000735,3.35168922127256,0.06713937112876482
t307_n4,FloorPlan307,bedroom,4,uniform_random,128,39.0,42.666666666666664,48.17783000949668,51.83655745489079,1.094017094017094,1.235328974602479,1.3291424988433536,128,1.0,13.744262666666692,13.744748818377653,3.6867326666677838,8.95699700000104,1.9151899335232727,0.038364132006270125
t307_n4,FloorPlan307,bedroom,4,uniform_random,256,39.0,41.0,46.57277777777778,50.26075854700854,1.0512820512820513,1.1941737891737894,1.2887373986412447,256,1.0,27.76905533333333,27.76962115118901,7.342467000001444,18.188638000002403,0.33939102564103035,0.006798512190110999
t307_n6,FloorPlan307,bedroom,6,llm_nominal_none,32,65.0,61.666666666666664,70.31410256410255,75.92548076923077,0.9487179487179488,1.0817554240631162,1.1680843195266273,32,1.0,4.3206829999998435,4.32133333136638,1.2118606666666014,2.8418663333332392,-4.056623931623936,-0.050719144573605934
t307_n6,FloorPlan307,bedroom,6,llm_nominal_none,64,65.0,60.0,68.91623931623931,74.41030982905983,0.9230769230769231,1.060249835634451,1.1447739973701512,64,1.0,8.811812333333243,8.812505130966505,2.4184736666666615,5.774538333334522,-5.571794871794879,-0.06966301890446924
t307_n6,FloorPlan307,bedroom,6,llm_nominal_none,128,65.0,60.0,68.91623931623931,74.41030982905983,0.9230769230769231,1.060249835634451,1.1447739973701512,128,1.0,18.247425666666484,18.24815571308136,4.83964999999927,11.989781666666607,-5.571794871794879,-0.06966301890446924
t307_n6,FloorPlan307,bedroom,6,llm_nominal_none,256,65.0,60.0,68.91623931623931,74.41030982905983,0.9230769230769231,1.060249835634451,1.1447739973701512,256,1.0,36.7639263333331,36.76476267476877,9.646481000000021,23.73090966666876,-5.571794871794879,-0.06966301890446924
t307_n6,FloorPlan307,bedroom,6,llm_risk_none,32,65.0,59.0,68.95890313390314,74.91118233618234,0.9076923076923077,1.0609062020600482,1.152479728248959,32,1.0,4.3870379999998805,4.3874212230245275,1.211322666666792,2.90957333333286,-5.07092236467237,-0.0634007117421878
t307_n6,FloorPlan307,bedroom,6,llm_risk_none,64,65.0,58.333333333333336,68.01666666666667,73.76073717948718,0.8974358974358975,1.0464102564102564,1.1347805719921105,64,1.0,8.75895433333329,8.759361381332079,2.4065763333337062,5.748386000000716,-6.221367521367526,-0.07778449372689544
t307_n6,FloorPlan307,bedroom,6,llm_risk_none,128,65.0,58.333333333333336,68.01666666666667,73.76073717948718,0.8974358974358975,1.0464102564102564,1.1347805719921105,128,1.0,24.894295000000103,24.894805004199345,4.828094333332829,18.648972666667653,-6.221367521367526,-0.07778449372689544
t307_n6,FloorPlan307,bedroom,6,llm_risk_none,256,65.0,58.333333333333336,68.01666666666667,73.76073717948718,0.8974358974358975,1.0464102564102564,1.1347805719921105,256,1.0,43.697378333333276,43.701467414697014,9.636973666666085,30.696063333334116,-6.221367521367526,-0.07778449372689544
t307_n6,FloorPlan307,bedroom,6,llm_risk_nominal,32,65.0,59.0,68.95890313390314,74.91118233618234,0.9076923076923077,1.0609062020600482,1.152479728248959,17.666666666666668,0.5520833333333334,3.686238666666656,3.686631719271342,0.6823760000004656,2.7689683333336954,-5.07092236467237,-0.0634007117421878
t307_n6,FloorPlan307,bedroom,6,llm_risk_nominal,64,65.0,58.333333333333336,68.01666666666667,73.76073717948718,0.8974358974358975,1.0464102564102564,1.1347805719921105,28.333333333333332,0.4427083333333333,7.249520333333444,7.249938634534677,1.087685333334439,5.633486000000169,-6.221367521367526,-0.07778449372689544
t307_n6,FloorPlan307,bedroom,6,llm_risk_nominal,128,65.0,58.333333333333336,68.01666666666667,73.76073717948718,0.8974358974358975,1.0464102564102564,1.1347805719921105,40.666666666666664,0.3177083333333333,13.944355333333455,13.944803737103939,1.56280200000114,11.175521000000854,-6.221367521367526,-0.07778449372689544
t307_n6,FloorPlan307,bedroom,6,llm_risk_nominal,256,65.0,58.333333333333336,68.01666666666667,73.76073717948718,0.8974358974358975,1.0464102564102564,1.1347805719921105,58.333333333333336,0.22786458333333334,27.59779966666683,27.60188343624274,2.252724333334196,22.499852333333294,-6.221367521367526,-0.07778449372689544
t307_n6,FloorPlan307,bedroom,6,llm_risk_critical,32,65.0,59.0,68.95890313390314,74.91118233618234,0.9076923076923077,1.0609062020600482,1.152479728248959,14.666666666666666,0.4583333333333333,3.639788000000088,3.6403738583127656,0.558696333332979,2.778759000000649,-5.07092236467237,-0.0634007117421878
t307_n6,FloorPlan307,bedroom,6,llm_risk_critical,64,65.0,58.333333333333336,68.01666666666667,73.76073717948718,0.8974358974358975,1.0464102564102564,1.1347805719921105,23,0.359375,7.197584666666608,7.19818069289128,0.8740109999993972,5.651105000001285,-6.221367521367526,-0.07778449372689544
t307_n6,FloorPlan307,bedroom,6,llm_risk_critical,128,65.0,58.333333333333336,68.01666666666667,73.76073717948718,0.8974358974358975,1.0464102564102564,1.1347805719921105,30.333333333333332,0.23697916666666666,14.024609666666668,14.025258521238962,1.156755666665917,11.361644666668743,-6.221367521367526,-0.07778449372689544
t307_n6,FloorPlan307,bedroom,6,llm_risk_critical,256,65.0,58.333333333333336,68.01666666666667,73.76073717948718,0.8974358974358975,1.0464102564102564,1.1347805719921105,40.666666666666664,0.15885416666666666,27.677871999999937,27.678600202004116,1.5604029999995255,22.650771666667957,-6.221367521367526,-0.07778449372689544
t307_n6,FloorPlan307,bedroom,6,uniform_nominal_none,32,65.0,63.0,72.7477207977208,78.9343660968661,0.9692307692307692,1.11919570458032,1.2143748630287092,32,1.0,4.318977666666631,4.319497384130955,1.1885183333335547,2.8742063333340173,-1.0477386039886103,-0.013099662829670603
t307_n6,FloorPlan307,bedroom,6,uniform_nominal_none,64,65.0,62.333333333333336,71.18853276353276,77.15154914529914,0.958974358974359,1.0952081963620424,1.1869469099276793,64,1.0,8.75178133333332,8.752334862947464,2.391192666667837,5.758415000000665,-2.830555555555558,-0.03538986084627638
t307_n6,FloorPlan307,bedroom,6,uniform_nominal_none,128,65.0,60.333333333333336,69.25819088319088,75.26602564102565,0.9282051282051282,1.0655106289721674,1.157938856015779,128,1.0,18.024948333333235,18.02963111549616,4.807528000001356,11.812283333334653,-4.7160790598290605,-0.058964178017919346
t307_n6,FloorPlan307,bedroom,6,uniform_nominal_none,256,65.0,60.333333333333336,69.12991452991453,75.09164886039886,0.9282051282051282,1.0635371466140697,1.1552561363138287,256,1.0,36.66843700000003,36.67846663544575,9.619228333333988,23.76278000000087,-4.890455840455843,-0.06114437546682342
t307_n6,FloorPlan307,bedroom,6,uniform_risk_none,32,65.0,60.666666666666664,70.43347578347579,76.4372150997151,0.9333333333333333,1.0835919351303966,1.1759571553802324,32,1.0,4.309795000000098,4.310172672073047,1.1906176666672448,2.8589966666664837,-3.5448896011396016,-0.04432103424132224
t307_n6,FloorPlan307,bedroom,6,uniform_risk_none,64,65.0,59.666666666666664,69.30669515669516,75.33244301994303,0.917948717948718,1.0662568485645407,1.1589606618452772,64,1.0,8.725685666666724,8.726092055439949,2.4027423333335594,5.72491566666633,-4.649661680911682,-0.05813377502757807
t307_n6,FloorPlan307,bedroom,6,uniform_risk_none,128,65.0,59.0,68.51894586894586,74.57816951566952,0.9076923076923077,1.0541376287530133,1.1473564540872234,128,1.0,17.764345666666664,17.764798055092495,4.821748333333857,11.56564066666732,-5.4039351851851904,-0.06756430335756647
t307_n6,FloorPlan307,bedroom,6,uniform_risk_none,256,65.0,58.333333333333336,67.73119658119658,73.823896011396,0.8974358974358975,1.042018408941486,1.1357522463291694,256,1.0,36.34687966666669,36.3502511754632,9.627327333333454,23.66887200000045,-6.158208689458699,-0.07699483168755487
t307_n6,FloorPlan307,bedroom,6,uniform_random,32,65.0,66.33333333333333,75.0639601139601,81.13723290598291,1.0205128205128204,1.1548301555993863,1.2482651216305063,32,1.0,4.273066666666603,4.275747574865818,1.1874929999998358,2.814837000000292,1.1551282051282026,0.014442333187511869
t307_n6,FloorPlan307,bedroom,6,uniform_random,64,65.0,65.33333333333333,73.95534188034188,79.94006410256411,1.005128205128205,1.1377744904667981,1.2298471400394477,64,1.0,8.68985866666668,8.692562890549501,2.3712189999998134,5.720469666666912,-0.042040598290602325,-0.0005256250563528223
t307_n6,FloorPlan307,bedroom,6,uniform_random,128,65.0,64.33333333333333,72.78319088319088,78.64024216524217,0.9897435897435897,1.1197413982029367,1.2098498794652641,128,1.0,17.497985666666604,17.50074264903863,4.752420666666331,11.496903000000206,-1.3418625356125393,-0.01677703457081192
t307_n6,FloorPlan307,bedroom,6,uniform_random,256,65.0,61.666666666666664,70.10434472934473,75.81100427350428,0.9487179487179487,1.0785283804514574,1.1663231426692966,256,1.0,35.4813493333334,35.48421524465084,9.517189999998251,23.40870799999917,-4.171100427350429,-0.05215042093416996
t307_n8,FloorPlan307,bedroom,8,llm_nominal_none,32,80.0,80.66666666666667,93.04398148148148,101.09375,1.0083333333333333,1.1630497685185186,1.263671875,32,1.0,5.330989333333165,5.331651618083318,1.487154999999592,3.5617380000008136,-4.810416666666669,-0.04542235511665419
t307_n8,FloorPlan307,bedroom,8,llm_nominal_none,64,80.0,80.0,91.9988425925926,99.89861111111111,0.9999999999999999,1.1499855324074075,1.2487326388888889,64,1.0,10.708947999999996,10.709636223812899,2.9787886666667873,7.0955270000016375,-6.0055555555555555,-0.05670745301700956
t307_n8,FloorPlan307,bedroom,8,llm_nominal_none,128,80.0,80.0,91.9988425925926,99.89861111111111,0.9999999999999999,1.1499855324074075,1.2487326388888889,128,1.0,21.947052000000095,21.947786832849186,5.9729706666666145,14.468559666667305,-6.0055555555555555,-0.05670745301700956
t307_n8,FloorPlan307,bedroom,8,llm_nominal_none,256,80.0,77.0,90.17453703703704,98.30277777777778,0.9625,1.1271817129629629,1.2287847222222221,256,1.0,44.259056333333305,44.2599526916941,11.859079333333375,29.05758566667038,-7.601388888888891,-0.0717761078543232
t307_n8,FloorPlan307,bedroom,8,llm_risk_none,32,80.0,82.0,93.26736111111111,101.06041666666667,1.025,1.165842013888889,1.2632552083333333,32,1.0,5.335937333333336,5.340696933368842,1.4712543333335049,3.580870666666162,-4.84375,-0.045737105087146346
t307_n8,FloorPlan307,bedroom,8,llm_risk_none,64,80.0,78.0,90.73032407407408,98.73680555555556,0.975,1.1341290509259259,1.2342100694444444,64,1.0,10.673128999999873,10.677917550007502,2.9395153333332904,7.082356333332577,-7.16736111111111,-0.06767780094687277
t307_n8,FloorPlan307,bedroom,8,llm_risk_none,128,80.0,75.66666666666667,89.51597222222222,97.67291666666667,0.9458333333333333,1.1189496527777778,1.2209114583333334,128,1.0,21.583146,21.591410351296265,5.900060333332939,14.282668666666018,-8.231249999999998,-0.07772357083841519
t307_n8,FloorPlan307,bedroom,8,llm_risk_none,256,80.0,74.66666666666667,88.84467592592593,96.98333333333333,0.9333333333333333,1.110558449074074,1.2122916666666665,256,1.0,43.553975666666744,43.56238525360823,11.76907033333352,28.65319066666738,-8.920833333333334,-0.0842349608529724
t307_n8,FloorPlan307,bedroom,8,llm_risk_nominal,32,80.0,82.0,93.26736111111111,101.06041666666667,1.025,1.165842013888889,1.2632552083333333,21,0.65625,4.623311333333231,4.623711419602235,0.9732936666670226,3.393819333333233,-4.84375,-0.045737105087146346
t307_n8,FloorPlan307,bedroom,8,llm_risk_nominal,64,80.0,78.0,90.73032407407408,98.73680555555556,0.975,1.1341290509259259,1.2342100694444444,31.666666666666668,0.4947916666666667,8.933207999999896,8.933641947805882,1.4720446666668014,6.883496999999868,-7.16736111111111,-0.06767780094687277
t307_n8,FloorPlan307,bedroom,8,llm_risk_nominal,128,80.0,75.66666666666667,89.51597222222222,97.67291666666667,0.9458333333333333,1.1189496527777778,1.2209114583333334,53,0.4140625,17.56403333333334,17.564501302937668,2.478514000000246,13.861920999999647,-8.231249999999998,-0.07772357083841519
t307_n8,FloorPlan307,bedroom,8,llm_risk_nominal,256,80.0,74.66666666666667,88.84467592592593,96.98333333333333,0.9333333333333333,1.110558449074074,1.2122916666666665,74.66666666666667,0.2916666666666667,34.12918999999996,34.13322940468788,3.4961203333339075,27.949800333332718,-8.920833333333334,-0.0842349608529724
t307_n8,FloorPlan307,bedroom,8,llm_risk_critical,32,80.0,82.0,93.26736111111111,101.06041666666667,1.025,1.165842013888889,1.2632552083333333,20,0.625,4.689112666666828,4.689754607776801,0.924028666666521,3.42862466666638,-4.84375,-0.045737105087146346
t307_n8,FloorPlan307,bedroom,8,llm_risk_critical,64,80.0,78.0,90.73032407407408,98.73680555555556,0.975,1.1341290509259259,1.2342100694444444,27.333333333333332,0.4270833333333333,8.935865333333496,8.936525943378607,1.2685783333331961,6.932150333332758,-7.16736111111111,-0.06767780094687277
t307_n8,FloorPlan307,bedroom,8,llm_risk_critical,128,80.0,75.66666666666667,89.51597222222222,97.67291666666667,0.9458333333333333,1.1189496527777778,1.2209114583333334,42.333333333333336,0.3307291666666667,17.549365000000112,17.550067976117134,1.9785009999994478,14.021729999998586,-8.231249999999998,-0.07772357083841519
t307_n8,FloorPlan307,bedroom,8,llm_risk_critical,256,80.0,74.66666666666667,88.84467592592593,96.98333333333333,0.9333333333333333,1.110558449074074,1.2122916666666665,57.666666666666664,0.22526041666666666,33.877541333333426,33.87834380070368,2.698471666666332,27.841127666665244,-8.920833333333334,-0.0842349608529724
t307_n8,FloorPlan307,bedroom,8,uniform_nominal_none,32,80.0,84.33333333333333,96.37986111111111,104.52777777777777,1.0541666666666667,1.204748263888889,1.3065972222222222,32,1.0,5.329813666666554,5.3330073133111,1.4558316666674436,3.6034433333338445,-1.3763888888888924,-0.012996550864906772
t307_n8,FloorPlan307,bedroom,8,uniform_nominal_none,64,80.0,82.33333333333333,94.31296296296297,102.15949074074074,1.0291666666666668,1.1789120370370372,1.2769936342592594,64,1.0,10.681634333333209,10.688267337779203,2.8981653333337576,7.179940000001069,-3.7446759259259275,-0.03535909911564002
t307_n8,FloorPlan307,bedroom,8,uniform_nominal_none,128,80.0,78.33333333333333,90.9136574074074,98.84189814814815,0.9791666666666667,1.1364207175925924,1.235523726851852,128,1.0,21.46115599999998,21.467842782537144,5.8155356666676665,14.312399333333762,-7.0622685185185174,-0.06668546423434885
t307_n8,FloorPlan307,bedroom,8,uniform_nominal_none,256,80.0,77.66666666666667,90.42592592592592,98.3787037037037,0.9708333333333333,1.130324074074074,1.2297337962962962,256,1.0,50.8680076666667,50.874889207383,11.68921100000242,36.24966133333333,-7.525462962962966,-0.07105917736597993
t307_n8,FloorPlan307,bedroom,8,uniform_risk_none,32,80.0,85.66666666666667,96.96203703703704,104.95509259259259,1.0708333333333333,1.212025462962963,1.3119386574074074,32,1.0,5.317498333333208,5.317954036096732,1.4501506666671677,3.5930976666658974,-0.9490740740740762,-0.008961631104291564
t307_n8,FloorPlan307,bedroom,8,uniform_risk_none,64,80.0,81.0,92.67384259259259,100.78472222222223,1.0125,1.1584230324074074,1.2598090277777778,64,1.0,10.543388000000023,10.543880052864552,2.8921723333340164,7.039054333331407,-5.1194444444444445,-0.048340349634758896
t307_n8,FloorPlan307,bedroom,8,uniform_risk_none,128,80.0,76.66666666666667,89.46851851851852,97.39143518518519,0.9583333333333334,1.1183564814814815,1.217392939814815,128,1.0,21.43440699999995,21.434948158760864,5.8077796666682335,14.271202999998437,-8.512731481481481,-0.08038145947812707
t307_n8,FloorPlan307,bedroom,8,uniform_risk_none,256,80.0,74.66666666666667,88.02638888888889,95.92962962962963,0.9333333333333333,1.100329861111111,1.1991203703703703,256,1.0,43.19492066666671,43.19559037685394,11.613799000000999,28.559448333331275,-9.974537037037038,-0.09418455714241998
t307_n8,FloorPlan307,bedroom,8,uniform_random,32,80.0,90.33333333333333,100.6863425925926,108.34444444444445,1.1291666666666667,1.2585792824074074,1.3543055555555554,32,1.0,5.401657999999958,5.402085060874621,1.4524499999994944,3.6536686666674236,2.440277777777775,0.023042320756449075
t307_n8,FloorPlan307,bedroom,8,uniform_random,64,80.0,89.66666666666667,100.48287037037036,108.39837962962963,1.1208333333333333,1.2560358796296296,1.3549797453703702,64,1.0,10.640189000000078,10.64063919087251,2.9083186666666685,7.0713953333343404,2.494212962962957,0.023551603694814866
t307_n8,FloorPlan307,bedroom,8,uniform_random,128,80.0,83.66666666666667,95.84444444444445,103.72893518518518,1.0458333333333334,1.1980555555555557,1.2966116898148148,128,1.0,21.37135566666674,21.371874026954174,5.818042666666301,14.165712000000644,-2.1752314814814846,-0.020539621338299414
t307_n8,FloorPlan307,bedroom,8,uniform_random,256,80.0,81.66666666666667,93.69861111111112,101.44351851851852,1.0208333333333333,1.171232638888889,1.2680439814814815,256,1.0,42.72835633333339,42.72901794562737,11.6584673333322,28.23073400000098,-4.460648148148148,-0.04211966619017016
t308_n4,FloorPlan308,bedroom,4,llm_nominal_none,32,46.0,47.0,51.114444444444445,54.27856280193237,1.0217391304347827,1.1111835748792271,1.1799687565637471,32,1.0,3.3912973333332097,3.3918768167495728,0.9204173333339227,2.215977999999138,-1.711292270531402,-0.030564327561066085
t308_n4,FloorPlan308,bedroom,4,llm_nominal_none,64,46.0,45.333333333333336,49.86631239935588,53.18313204508856,0.9855072463768116,1.0840502695512149,1.156155044458447,64,1.0,6.868624999999777,6.869222968816757,1.8324573333339995,4.430287999999265,-2.8067230273752037,-0.050129135425384774
t308_n4,FloorPlan308,bedroom,4,llm_nominal_none,128,46.0,45.333333333333336,49.56325281803543,52.63192431561997,0.9855072463768116,1.077462017783379,1.1441722677308688,128,1.0,14.197037666666615,14.197686066230139,3.6600116666682205,9.075943000000178,-3.357930756843802,-0.059973914068858804
t308_n4,FloorPlan308,bedroom,4,llm_nominal_none,256,46.0,43.333333333333336,47.89323671497585,50.75016103059581,0.9420289855072463,1.0411573198907793,1.1032643702303437,256,1.0,29.352029666666574,29.352771118283272,7.338414999999839,18.468475333332623,-5.239694041867959,-0.09358291846061373
t308_n4,FloorPlan308,bedroom,4,llm_risk_none,32,46.0,47.0,51.114444444444445,54.27856280193237,1.0217391304347827,1.1111835748792271,1.1799687565637471,32,1.0,3.351995333333265,3.3523673191666603,0.9106380000014624,2.1918030000005473,-1.711292270531402,-0.030564327561066085
t308_n4,FloorPlan308,bedroom,4,llm_risk_none,64,46.0,47.0,51.114444444444445,54.27856280193237,1.0217391304347827,1.1111835748792271,1.1799687565637471,64,1.0,6.746308999999802,6.7466869950294495,1.8179273333354118,4.348798000001282,-1.711292270531402,-0.030564327561066085
t308_n4,FloorPlan308,bedroom,4,llm_risk_none,128,46.0,47.0,51.114444444444445,54.27856280193237,1.0217391304347827,1.1111835748792271,1.1799687565637471,128,1.0,14.27755133333338,14.277999910215536,3.6655406666703527,9.11170266666872,-1.711292270531402,-0.030564327561066085
t308_n4,FloorPlan308,bedroom,4,llm_risk_none,256,46.0,43.666666666666664,48.01206119162641,50.985285829307564,0.9492753623188406,1.0437404606875307,1.1083757788979907,256,1.0,29.28459633333332,29.28512419263522,7.330345000003291,18.45011433333547,-5.004569243156202,-0.08938350057665152
t308_n4,FloorPlan308,bedroom,4,llm_risk_nominal,32,46.0,47.0,51.114444444444445,54.27856280193237,1.0217391304347827,1.1111835748792271,1.1799687565637471,20,0.625,2.9652889999998897,2.965643691519896,0.577556333333599,2.1614296666669177,-1.711292270531402,-0.030564327561066085
t308_n4,FloorPlan308,bedroom,4,llm_risk_nominal,64,46.0,47.0,51.114444444444445,54.27856280193237,1.0217391304347827,1.1111835748792271,1.1799687565637471,34.333333333333336,0.5364583333333334,5.788759333333449,5.789138997594516,0.9885143333332458,4.2806610000011664,-1.711292270531402,-0.030564327561066085
t308_n4,FloorPlan308,bedroom,4,llm_risk_nominal,128,46.0,47.0,51.114444444444445,54.27856280193237,1.0217391304347827,1.1111835748792271,1.1799687565637471,49.333333333333336,0.3854166666666667,11.579063666666537,11.579483126600584,1.4363956666662385,8.81281000000067,-1.711292270531402,-0.030564327561066085
t308_n4,FloorPlan308,bedroom,4,llm_risk_nominal,256,46.0,43.666666666666664,48.01206119162641,50.985285829307564,0.9492753623188406,1.0437404606875307,1.1083757788979907,74,0.2890625,22.890371999999992,22.89085059116284,2.1588156666664617,17.660071000000777,-5.004569243156202,-0.08938350057665152
t308_n4,FloorPlan308,bedroom,4,llm_risk_critical,32,46.0,47.0,51.114444444444445,54.27856280193237,1.0217391304347827,1.1111835748792271,1.1799687565637471,17,0.53125,2.9591649999998935,2.9596524933973947,0.4881246666661454,2.1774666666677747,-1.711292270531402,-0.030564327561066085
t308_n4,FloorPlan308,bedroom,4,llm_risk_critical,64,46.0,47.0,51.114444444444445,54.27856280193237,1.0217391304347827,1.1111835748792271,1.1799687565637471,25,0.390625,5.663196333333194,5.663684258858363,0.7207283333330317,4.288691666668232,-1.711292270531402,-0.030564327561066085
t308_n4,FloorPlan308,bedroom,4,llm_risk_critical,128,46.0,47.0,51.114444444444445,54.27856280193237,1.0217391304347827,1.1111835748792271,1.1799687565637471,32,0.25,11.33436933333328,11.334913161893686,0.9272579999997829,8.797578000002323,-1.711292270531402,-0.030564327561066085
t308_n4,FloorPlan308,bedroom,4,llm_risk_critical,256,46.0,43.666666666666664,48.01206119162641,50.985285829307564,0.9492753623188406,1.0437404606875307,1.1083757788979907,47,0.18359375,28.903267999999944,28.903925480941933,1.3580396666659962,23.887395666668237,-5.004569243156202,-0.08938350057665152
t308_n4,FloorPlan308,bedroom,4,uniform_nominal_none,32,46.0,50.666666666666664,55.69373590982287,59.10316425120773,1.1014492753623188,1.2107333893439753,1.2848513967653854,32,1.0,3.369769333333217,3.3701720337073007,0.9220156666670162,2.2098586666672304,3.113309178743961,0.055604880111131294
t308_n4,FloorPlan308,bedroom,4,uniform_nominal_none,64,46.0,43.666666666666664,48.44410628019324,51.54531803542673,0.9492753623188406,1.0531327452215922,1.1205503920744941,64,1.0,6.771198333333246,6.771639920771122,1.8335073333336875,4.372901666667743,-4.44453703703704,-0.0793811134407257
t308_n4,FloorPlan308,bedroom,4,uniform_nominal_none,128,46.0,43.666666666666664,48.01206119162641,50.985285829307564,0.9492753623188406,1.0437404606875307,1.1083757788979907,128,1.0,14.041283999999857,14.041772112250328,3.673266000000286,8.988716333335015,-5.004569243156202,-0.08938350057665152
t308_n4,FloorPlan308,bedroom,4,uniform_nominal_none,256,46.0,42.0,46.46086956521739,49.338647342995166,0.9130434782608695,1.0100189035916824,1.0725792900651123,256,1.0,29.321391333333224,29.321981593966484,7.344896000001692,18.555401000003375,-6.651207729468602,-0.11879308708444425
t308_n4,FloorPlan308,bedroom,4,uniform_risk_none,32,46.0,50.666666666666664,55.87072463768116,59.36050724637681,1.1014492753623188,1.214580970384373,1.2904458097038436,32,1.0,3.3542623333332835,3.3546357105175653,0.9184876666664307,2.1934156666666795,3.3706521739130415,0.060201123391918854
t308_n4,FloorPlan308,bedroom,4,uniform_risk_none,64,46.0,45.0,50.5024959742351,54.057894524959735,0.9782608695652174,1.0978803472659806,1.1751716201078204,64,1.0,6.771819666666475,6.772201818724473,1.8291456666654031,4.372687333333403,-1.931960547504031,-0.034505546495943396
t308_n4,FloorPlan308,bedroom,4,uniform_risk_none,128,46.0,45.0,49.893462157809985,53.24051932367149,0.9782608695652174,1.0846404816915214,1.1574025939928585,128,1.0,13.862647999999922,13.86307179927826,3.6515036666656306,8.913514333332392,-2.7493357487922743,-0.04910417691265678
t308_n4,FloorPlan308,bedroom,4,uniform_risk_none,256,46.0,43.333333333333336,48.34227053140097,51.593880837359094,0.9420289855072463,1.0509189245956732,1.1216061051599804,256,1.0,28.96739333333335,28.967912929753464,7.312140666666374,18.26128966666607,-4.395974235104674,-0.07851376342044951
t308_n4,FloorPlan308,bedroom,4,uniform_random,32,46.0,48.666666666666664,53.9131884057971,57.104750402576485,1.0579710144927537,1.1720258349086328,1.241407617447315,32,1.0,3.341323333333257,3.3418055002888045,0.9068143333341716,2.1944476666663584,1.114895330112719,0.01991245250893736
t308_n4,FloorPlan308,bedroom,4,uniform_random,64,46.0,43.333333333333336,48.33510466988728,51.59782608695652,0.9420289855072463,1.0507631449975496,1.1216918714555766,64,1.0,6.7121560000000065,6.712694031496842,1.8257973333342115,4.359018666666437,-4.392028985507248,-0.07844329976962701
t308_n4,FloorPlan308,bedroom,4,uniform_random,128,46.0,43.666666666666664,48.20450885668277,51.23204911433172,0.9492753623188406,1.0479241055800603,1.113740198137646,128,1.0,13.68722766666671,13.687800305585066,3.6582053333346445,8.928080999999644,-4.757805958132049,-0.08497621492276326
t308_n4,FloorPlan308,bedroom,4,uniform_random,256,46.0,42.0,46.46086956521739,49.338647342995166,0.9130434782608695,1.0100189035916824,1.0725792900651123,256,1.0,28.009564333333348,28.01022802790006,7.331078999999778,18.42462799999689,-6.651207729468602,-0.11879308708444425
t308_n6,FloorPlan308,bedroom,6,llm_nominal_none,32,66.0,66.0,74.26814814814814,80.04364478114478,1.0,1.1252749719416386,1.2127824966840117,32,1.0,4.267963666666781,4.2685385172565775,1.2051556666667906,2.802728999999893,0.0,0.0
t308_n6,FloorPlan308,bedroom,6,llm_nominal_none,64,66.0,66.0,73.98122334455668,79.74914983164983,1.0,1.1209276264326768,1.2083204519946944,64,1.0,8.802362999999888,8.802972113092741,2.396741000000683,5.79764100000076,-0.2944949494949469,-0.003679179656300713
t308_n6,FloorPlan308,bedroom,6,llm_nominal_none,128,66.0,66.0,73.64484848484848,79.31722222222221,1.0,1.1158310376492193,1.2017760942760942,128,1.0,18.02483033333339,18.025493559738,4.801507333333325,11.755770666666146,-0.7264225589225598,-0.009075330851171848
t308_n6,FloorPlan308,bedroom,6,llm_nominal_none,256,66.0,64.33333333333333,71.7395847362514,77.05154882154882,0.9747474747474747,1.0869634050947181,1.1674477094174063,256,1.0,42.89857000000004,42.89935560276111,9.585849999998933,29.88394733333329,-2.992095959595962,-0.03738080603122148
t308_n6,FloorPlan308,bedroom,6,llm_risk_none,32,66.0,66.0,74.26814814814814,80.04364478114478,1.0,1.1252749719416386,1.2127824966840117,32,1.0,4.325602333333419,4.325979699691136,1.2039463333333167,2.855379666666676,0.0,0.0
t308_n6,FloorPlan308,bedroom,6,llm_risk_none,64,66.0,66.0,74.01423120089787,79.71845117845118,1.0,1.1214277454681496,1.207855320885624,64,1.0,8.726494000000251,8.72690137475729,2.396422666666768,5.730820999999923,-0.3251936026936022,-0.004062703586059165
t308_n6,FloorPlan308,bedroom,6,llm_risk_none,128,66.0,66.0,73.6162962962963,79.3024074074074,1.0,1.115398428731762,1.2015516273849607,128,1.0,17.791946000000003,17.792421393096447,4.799830666667078,11.643634666665884,-0.741237373737377,-0.009260415061858707
t308_n6,FloorPlan308,bedroom,6,llm_risk_none,256,66.0,64.33333333333333,71.71264870931537,76.96602693602694,0.9747474747474747,1.0865552834744754,1.1661519232731354,256,1.0,44.38943433333353,44.40115485340357,9.615017999998976,31.836626333334138,-3.0776178451178473,-0.03844924670200448
t308_n6,FloorPlan308,bedroom,6,llm_risk_nominal,32,66.0,66.0,74.26814814814814,80.04364478114478,1.0,1.1252749719416386,1.2127824966840117,18,0.5625,3.6933386666665826,3.693751059472561,0.6822106666664792,2.773673333334633,0.0,0.0
t308_n6,FloorPlan308,bedroom,6,llm_risk_nominal,64,66.0,66.0,74.01423120089787,79.71845117845118,1.0,1.1214277454681496,1.207855320885624,34,0.53125,7.495864666666592,7.496306051810582,1.287868999999701,5.669771666667452,-0.3251936026936022,-0.004062703586059165
t308_n6,FloorPlan308,bedroom,6,llm_risk_nominal,128,66.0,66.0,73.6162962962963,79.3024074074074,1.0,1.115398428731762,1.2015516273849607,54,0.421875,14.706844666666571,14.707312608758608,2.0551283333329153,11.466820333335312,-0.741237373737377,-0.009260415061858707
t308_n6,FloorPlan308,bedroom,6,llm_risk_nominal,256,66.0,64.33333333333333,71.71264870931537,76.96602693602694,0.9747474747474747,1.0865552834744754,1.1661519232731354,87.33333333333333,0.3411458333333333,28.56920333333335,28.56974055369695,3.3394323333329665,22.70067200000196,-3.0776178451178473,-0.03844924670200448
t308_n6,FloorPlan308,bedroom,6,llm_risk_critical,32,66.0,66.0,74.26814814814814,80.04364478114478,1.0,1.1252749719416386,1.2127824966840117,15,0.46875,3.6612416666668146,3.661754230658213,0.563713666666447,2.7921080000001077,0.0,0.0
t308_n6,FloorPlan308,bedroom,6,llm_risk_critical,64,66.0,66.0,74.01423120089787,79.71845117845118,1.0,1.1214277454681496,1.207855320885624,25,0.390625,7.285821333333331,7.286373836298783,0.9395873333334729,5.670901666667542,-0.3251936026936022,-0.004062703586059165
t308_n6,FloorPlan308,bedroom,6,llm_risk_critical,128,66.0,66.0,73.6162962962963,79.3024074074074,1.0,1.115398428731762,1.2015516273849607,37.333333333333336,0.2916666666666667,14.476225333333334,14.47678885112206,1.4151593333338042,11.577671666666975,-0.741237373737377,-0.009260415061858707
t308_n6,FloorPlan308,bedroom,6,llm_risk_critical,256,66.0,64.33333333333333,71.71264870931537,76.96602693602694,0.9747474747474747,1.0865552834744754,1.1661519232731354,58.666666666666664,0.22916666666666666,28.39440866666661,28.395081249376137,2.2371739999997864,23.02578800000073,-3.0776178451178473,-0.03844924670200448
t308_n6,FloorPlan308,bedroom,6,uniform_nominal_none,32,66.0,69.66666666666667,78.6414253647587,84.69909371492705,1.0555555555555556,1.1915367479508894,1.2833196017413189,32,1.0,4.335701666666599,4.336097588141759,1.1887570000002807,2.8923296666671185,4.655448933782267,0.05816138116287917
t308_n6,FloorPlan308,bedroom,6,uniform_nominal_none,64,66.0,64.66666666666667,72.8539618406285,78.42786756453422,0.9797979797979798,1.1038479066761895,1.1883010237050642,64,1.0,8.702961666666583,8.703411867221197,2.385292000000779,5.754728666666893,-1.6157772166105484,-0.020186202427793048
t308_n6,FloorPlan308,bedroom,6,uniform_nominal_none,128,66.0,64.66666666666667,72.14628507295174,77.67204545454545,0.9797979797979798,1.0931255314083597,1.176849173553719,128,1.0,17.81123366666663,17.815005344649155,4.782199666667708,11.699272666666408,-2.3715993265993283,-0.029628827286460435
t308_n6,FloorPlan308,bedroom,6,uniform_nominal_none,256,66.0,63.0,70.33589225589225,75.54868406285073,0.9545454545454546,1.0656953372104887,1.144677031255314,256,1.0,36.504510333333386,36.50838788598776,9.56267133333514,23.753179333333357,-4.4949607182940525,-0.056156372321427526
t308_n6,FloorPlan308,bedroom,6,uniform_risk_none,32,66.0,68.0,76.64395061728395,82.54421156004489,1.0303030303030303,1.1612719790497568,1.2506698721218923,32,1.0,4.263641333333457,4.264108215769132,1.1955463333338894,2.8052063333328845,2.500566778900113,0.031240041426613668
t308_n6,FloorPlan308,bedroom,6,uniform_risk_none,64,66.0,64.66666666666667,72.55980920314254,78.09762065095398,0.9797979797979798,1.0993910485324627,1.183297282590212,64,1.0,8.690986000000104,8.691481625040373,2.3964100000005337,5.713553666666371,-1.9460241301907928,-0.024312037957686845
t308_n6,FloorPlan308,bedroom,6,uniform_risk_none,128,66.0,64.66666666666667,72.168911335578,77.70622053872053,0.9797979797979798,1.0934683535693637,1.177366977859402,128,1.0,17.697465666666783,17.69802315781514,4.791611666666491,11.61211599999934,-2.3374242424242433,-0.029201871664080614
t308_n6,FloorPlan308,bedroom,6,uniform_risk_none,256,66.0,63.333333333333336,71.04112233445566,76.35650673400673,0.9595959595959597,1.0763806414311465,1.1569167686970716,256,1.0,36.22985233333331,36.230504202346005,9.572790666667016,23.654304333332526,-3.687138047138049,-0.04606409487248386
t308_n6,FloorPlan308,bedroom,6,uniform_random,32,66.0,72.66666666666667,80.51274971941639,86.0780303030303,1.101010101010101,1.2198901472638848,1.304212580348944,32,1.0,4.237677666666754,4.23815380781889,1.181081666666639,2.7901040000008295,6.034385521885525,0.07538868998762786
t308_n6,FloorPlan308,bedroom,6,uniform_random,64,66.0,71.66666666666667,79.80670033670035,85.43647025813692,1.0858585858585859,1.2091924293439447,1.2944919736081353,64,1.0,8.64365600000013,8.644149638712406,2.36137466666723,5.689243333334648,5.392825476992148,0.06737356215771044
t308_n6,FloorPlan308,bedroom,6,uniform_random,128,66.0,66.33333333333333,74.76112233445566,80.09300505050506,1.005050505050505,1.132744277794783,1.2135303795531067,128,1.0,17.514623000000135,17.515149898827076,4.725627999999056,11.544512000002024,0.049360269360273414,0.00061666693833388
t308_n6,FloorPlan308,bedroom,6,uniform_random,256,66.0,64.0,71.86781144781145,77.08110830527497,0.9696969696969697,1.0889062340577493,1.167895580382954,256,1.0,35.21506033333329,35.21572798490524,9.454031666665733,23.222350666666742,-2.9625364758698063,-0.03701151395554225
t308_n8,FloorPlan308,bedroom,8,llm_nominal_none,32,94.0,88.33333333333333,100.33258471237194,108.44804570527974,0.9397163120567377,1.067367922472042,1.1537026138859547,32,1.0,5.26727599999995,5.26796281337738,1.4797156666668994,3.5165513333333585,-10.774684791174147,-0.09037441724667283
t308_n8,FloorPlan308,bedroom,8,llm_nominal_none,64,94.0,88.33333333333333,100.23113475177304,108.33634357762017,0.9397163120567377,1.0662886675720538,1.152514293378938,64,1.0,10.600032000000148,10.60076088955005,2.951683666666908,7.02137399999921,-10.886386918833722,-0.09131133696990379
t308_n8,FloorPlan308,bedroom,8,llm_nominal_none,128,94.0,85.33333333333333,96.72700551615445,104.33712962962963,0.9078014184397163,1.0290106969803665,1.1099694641449962,128,1.0,21.594650333333448,21.595444219807785,5.898086333333552,14.268220333332119,-14.885600866824262,-0.12485539296776142
t308_n8,FloorPlan308,bedroom,8,llm_nominal_none,256,94.0,82.66666666666667,94.12490149724192,101.69366233254532,0.8794326241134752,1.0013287393323609,1.0818474716228224,256,1.0,49.64111733333339,49.64847583323717,11.758071666666314,34.847404999998645,-17.52906816390858,-0.14702790391493306
t308_n8,FloorPlan308,bedroom,8,llm_risk_none,32,94.0,88.0,100.34320724980299,108.50349093774625,0.9361702127659575,1.0674809281893936,1.1542924567845345,32,1.0,5.224683333333295,5.225032567977905,1.4793466666673065,3.4711409999991596,-10.719239558707642,-0.08990936136147691
t308_n8,FloorPlan308,bedroom,8,llm_risk_none,64,94.0,86.33333333333333,98.596280535855,106.18322104018912,0.9184397163120568,1.048896601445266,1.1296087344700971,64,1.0,10.557207666666605,10.557597813506922,2.9470583333336777,6.991140666666802,-13.039509456264772,-0.10937100167029486
t308_n8,FloorPlan308,bedroom,8,llm_risk_none,128,94.0,84.33333333333333,95.92241922773837,103.36922970843183,0.8971631205673759,1.0204512683801954,1.099672656472679,128,1.0,21.51813166666668,21.51858837654193,5.869797333332964,14.305154666666375,-15.853500788022055,-0.13297381063163619
t308_n8,FloorPlan308,bedroom,8,llm_risk_none,256,94.0,83.0,94.54966115051221,101.64326438140267,0.8829787234042553,1.0058474590480022,1.0813113232064115,256,1.0,43.40271899999992,43.40779408812523,11.703398333334855,28.75922499999965,-17.579466115051215,-0.1474506249089312
t308_n8,FloorPlan308,bedroom,8,llm_risk_nominal,32,94.0,88.0,100.34320724980299,108.50349093774625,0.9361702127659575,1.0674809281893936,1.1542924567845345,21,0.65625,4.650327333333297,4.650840846200784,0.9877556666665713,3.405178333333166,-10.719239558707642,-0.08990936136147691
t308_n8,FloorPlan308,bedroom,8,llm_risk_nominal,64,94.0,86.33333333333333,98.596280535855,106.18322104018912,0.9184397163120568,1.048896601445266,1.1296087344700971,36,0.5625,9.213467666666789,9.21402716388305,1.6912996666667013,6.955701333333971,-13.039509456264772,-0.10937100167029486
t308_n8,FloorPlan308,bedroom,8,llm_risk_nominal,128,94.0,84.33333333333333,95.92241922773837,103.36922970843183,0.8971631205673759,1.0204512683801954,1.099672656472679,58.666666666666664,0.4583333333333333,18.05127233333348,18.05188413709402,2.746264333333285,14.111191000000764,-15.853500788022055,-0.13297381063163619
t308_n8,FloorPlan308,bedroom,8,llm_risk_nominal,256,94.0,83.0,94.54966115051221,101.64326438140267,0.8829787234042553,1.0058474590480022,1.0813113232064115,98.33333333333333,0.3841145833333333,35.3483936666669,35.349100828170776,4.585253999999761,28.197748000002115,-17.579466115051215,-0.1474506249089312
t308_n8,FloorPlan308,bedroom,8,llm_risk_critical,32,94.0,88.0,100.34320724980299,108.50349093774625,0.9361702127659575,1.0674809281893936,1.1542924567845345,17,0.53125,4.5194823333334355,4.519994060198466,0.7985486666675831,3.399924000000739,-10.719239558707642,-0.08990936136147691
t308_n8,FloorPlan308,bedroom,8,llm_risk_critical,64,94.0,86.33333333333333,98.596280535855,106.18322104018912,0.9184397163120568,1.048896601445266,1.1296087344700971,26.333333333333332,0.4114583333333333,8.838891000000052,8.839414765437445,1.229306666667836,6.906803666667442,-13.039509456264772,-0.10937100167029486
t308_n8,FloorPlan308,bedroom,8,llm_risk_critical,128,94.0,84.33333333333333,95.92241922773837,103.36922970843183,0.8971631205673759,1.0204512683801954,1.099672656472679,43.333333333333336,0.3385416666666667,17.40763300000007,17.40821326772372,2.01504466666765,13.908545666666772,-15.853500788022055,-0.13297381063163619
t308_n8,FloorPlan308,bedroom,8,llm_risk_critical,256,94.0,83.0,94.54966115051221,101.64326438140267,0.8829787234042553,1.0058474590480022,1.0813113232064115,73.66666666666667,0.2877604166666667,34.75215566666664,34.75988718370596,3.418884666666955,28.1546846666673,-17.579466115051215,-0.1474506249089312
t308_n8,FloorPlan308,bedroom,8,uniform_nominal_none,32,94.0,90.33333333333333,102.75356973995272,110.35521867612293,0.9609929078014184,1.0931230823399225,1.173991688043861,32,1.0,5.299563333333257,5.300103065868218,1.4533519999990752,3.578727999999032,-8.867511820330966,-0.0743776944497569
t308_n8,FloorPlan308,bedroom,8,uniform_nominal_none,64,94.0,86.0,98.09591804570529,105.775195035461,0.9148936170212766,1.0435735962309072,1.1252680322921382,64,1.0,10.570211666666681,10.570787203808626,2.905566666666045,7.054485999998583,-13.447535460992901,-0.11279338600111055
t308_n8,FloorPlan308,bedroom,8,uniform_nominal_none,128,94.0,85.66666666666667,97.52498817966904,105.22066193853428,0.9113475177304965,1.0374998742517982,1.1193687440269604,128,1.0,21.4981893333334,21.498817950487137,5.819094333333681,14.281237666664856,-14.002068557919614,-0.11744462234352271
t308_n8,FloorPlan308,bedroom,8,uniform_nominal_none,256,94.0,85.66666666666667,97.52498817966904,105.22066193853428,0.9113475177304965,1.0374998742517982,1.1193687440269604,256,1.0,44.062480333333376,44.06326419363419,11.67022933333343,29.074000333332222,-14.002068557919614,-0.11744462234352271
t308_n8,FloorPlan308,bedroom,8,uniform_risk_none,32,94.0,89.0,102.58579196217494,111.04470646178093,0.9468085106382979,1.091338212363563,1.1813266644870313,32,1.0,5.281717999999991,5.282097806533177,1.4497033333333853,3.558083333333073,-8.178024034672964,-0.06859450375460245
t308_n8,FloorPlan308,bedroom,8,uniform_risk_none,64,94.0,86.0,98.72003152088259,106.70948187549251,0.9148936170212766,1.050213101285985,1.1352072539946012,64,1.0,10.498679666666622,10.49909150848786,2.895987666666766,6.984338333332858,-12.513248620961377,-0.1049569035103886
t308_n8,FloorPlan308,bedroom,8,uniform_risk_none,128,94.0,85.66666666666667,97.56426319936959,105.24489361702128,0.9113475177304965,1.0379176936103147,1.1196265278406519,128,1.0,21.47366833333327,21.4741596331199,5.818639333333782,14.269100999999562,-13.97783687943262,-0.11724137520779543
t308_n8,FloorPlan308,bedroom,8,uniform_risk_none,256,94.0,85.66666666666667,97.1107328605201,104.79908392434987,0.9113475177304965,1.0330929027714904,1.1148838715356368,256,1.0,51.352678666666634,51.35334531466166,11.710877666665898,36.59044633333345,-14.423646572104019,-0.12098067635292946
t308_n8,FloorPlan308,bedroom,8,uniform_random,32,94.0,94.33333333333333,107.84619385342789,116.80953703703703,1.00354609929078,1.1472999346109352,1.242654649330181,32,1.0,5.332722666666623,5.333136767148972,1.456421999998921,3.5782833333330246,-2.41319345941686,-0.020241051763938905
t308_n8,FloorPlan308,bedroom,8,uniform_random,64,94.0,95.0,107.64662726556344,116.36310086682427,1.0106382978723405,1.1451768858038662,1.2379053283704708,64,1.0,10.54726966666649,10.547738211850325,2.9150729999993055,6.9695800000001045,-2.859629629629623,-0.023985607591118525
t308_n8,FloorPlan308,bedroom,8,uniform_random,128,94.0,92.33333333333333,105.19323089046493,113.80160953506697,0.9822695035460993,1.119076924366648,1.2106554205858189,128,1.0,21.402082666666544,21.4073546230793,5.836747666666309,14.168603666666613,-5.421120961386914,-0.045470531825708815
t308_n8,FloorPlan308,bedroom,8,uniform_random,256,94.0,90.33333333333333,102.50169424743892,110.49884948778566,0.9609929078014184,1.0904435558238184,1.175519675401975,256,1.0,42.768216999999886,42.77362395077944,11.663817999999862,28.255784666668376,-8.723881008668235,-0.07317296770792976
t309_n4,FloorPlan309,bedroom,4,llm_nominal_none,32,80.0,72.33333333333333,83.24513888888889,90.27083333333334,0.9041666666666667,1.0405642361111112,1.1283854166666667,32,1.0,3.366290333333429,3.366820514202118,0.9252029999992454,2.1909796666660006,-14.584722222222217,-0.13909346190526647
t309_n4,FloorPlan309,bedroom,4,llm_nominal_none,64,80.0,72.33333333333333,83.24513888888889,90.27083333333334,0.9041666666666667,1.0405642361111112,1.1283854166666667,64,1.0,6.840525000000171,6.841068156063557,1.864606999999463,4.4015083333331555,-14.584722222222217,-0.13909346190526647
t309_n4,FloorPlan309,bedroom,4,llm_nominal_none,128,80.0,67.0,78.09722222222223,85.23125,0.8375,0.9762152777777778,1.065390625,128,1.0,14.064657333333544,14.065254479646683,3.7581733333345766,8.958411666667073,-19.62430555555555,-0.18715561089329236
t309_n4,FloorPlan309,bedroom,4,llm_nominal_none,256,80.0,67.0,77.30185185185185,84.10046296296296,0.8375,0.9662731481481481,1.0512557870370371,256,1.0,30.066478999999962,30.06716879705588,7.5227166666690755,19.028423333332285,-20.75509259259259,-0.19793984670269504
t309_n4,FloorPlan309,bedroom,4,llm_risk_none,32,80.0,72.33333333333333,83.24513888888889,90.27083333333334,0.9041666666666667,1.0405642361111112,1.1283854166666667,32,1.0,3.363412333333334,3.3639178921779,0.9272646666670011,2.1841120000013112,-14.584722222222217,-0.13909346190526647
t309_n4,FloorPlan309,bedroom,4,llm_risk_none,64,80.0,72.33333333333333,83.24513888888889,90.27083333333334,0.9041666666666667,1.0405642361111112,1.1283854166666667,64,1.0,6.783202666666692,6.783739663660526,1.865936666667345,4.344503666667017,-14.584722222222217,-0.13909346190526647
t309_n4,FloorPlan309,bedroom,4,llm_risk_none,128,80.0,69.0,79.5324074074074,86.52106481481482,0.8625,0.9941550925925926,1.0815133101851853,128,1.0,13.99086966666685,13.994330850740274,3.75048100000012,8.916245000001174,-18.334490740740737,-0.1748547384408887
t309_n4,FloorPlan309,bedroom,4,llm_risk_none,256,80.0,67.0,77.23564814814816,84.09606481481482,0.8375,0.9654456018518519,1.0512008101851853,256,1.0,28.962971333333403,28.9702620357275,7.506754666668651,18.244890666669306,-20.759490740740734,-0.19798179152979403
t309_n4,FloorPlan309,bedroom,4,llm_risk_nominal,32,80.0,72.33333333333333,83.24513888888889,90.27083333333334,0.9041666666666667,1.0405642361111112,1.1283854166666667,23.666666666666668,0.7395833333333334,3.089824000000204,3.090241923928261,0.6934580000010904,2.1615650000001985,-14.584722222222217,-0.13909346190526647
t309_n4,FloorPlan309,bedroom,4,llm_risk_nominal,64,80.0,72.33333333333333,83.24513888888889,90.27083333333334,0.9041666666666667,1.0405642361111112,1.1283854166666667,36.333333333333336,0.5677083333333334,5.870846333333605,5.871284132202466,1.0811523333347968,4.2757300000004035,-14.584722222222217,-0.13909346190526647
t309_n4,FloorPlan309,bedroom,4,llm_risk_nominal,128,80.0,69.0,79.5324074074074,86.52106481481482,0.8625,0.9941550925925926,1.0815133101851853,50.333333333333336,0.3932291666666667,11.359559666666907,11.360030931731066,1.5111056666681222,8.699703000001039,-18.334490740740737,-0.1748547384408887
t309_n4,FloorPlan309,bedroom,4,llm_risk_nominal,256,80.0,67.0,77.23564814814816,84.09606481481482,0.8375,0.9654456018518519,1.0512008101851853,66.66666666666667,0.2604166666666667,22.167786000000245,22.16832588116328,2.0257146666685286,17.40310366666827,-20.759490740740734,-0.19798179152979403
t309_n4,FloorPlan309,bedroom,4,llm_risk_critical,32,80.0,72.33333333333333,83.24513888888889,90.27083333333334,0.9041666666666667,1.0405642361111112,1.1283854166666667,20,0.625,3.0602400000000842,3.0607770507534346,0.5824613333329509,2.1706313333327287,-14.584722222222217,-0.13909346190526647
t309_n4,FloorPlan309,bedroom,4,llm_risk_critical,64,80.0,72.33333333333333,83.24513888888889,90.27083333333334,0.9041666666666667,1.0405642361111112,1.1283854166666667,26.666666666666668,0.4166666666666667,5.745848000000109,5.746389118333657,0.7862336666658957,4.301145999998941,-14.584722222222217,-0.13909346190526647
t309_n4,FloorPlan309,bedroom,4,llm_risk_critical,128,80.0,69.0,79.5324074074074,86.52106481481482,0.8625,0.9941550925925926,1.0815133101851853,34.666666666666664,0.2708333333333333,11.2558543333335,11.256431229412556,1.0349983333325004,8.773057999998576,-18.334490740740737,-0.1748547384408887
t309_n4,FloorPlan309,bedroom,4,llm_risk_critical,256,80.0,67.0,77.23564814814816,84.09606481481482,0.8375,0.9654456018518519,1.0512008101851853,44.666666666666664,0.17447916666666666,22.292586666666708,22.293193886677425,1.348396999998928,17.576719666666147,-20.759490740740734,-0.19798179152979403
t309_n4,FloorPlan309,bedroom,4,uniform_nominal_none,32,80.0,75.33333333333333,85.58912037037037,92.81018518518519,0.9416666666666667,1.0698640046296297,1.1601273148148148,32,1.0,3.4168333333332392,3.421620155374209,0.9318630000000697,2.2336326666660966,-12.04537037037037,-0.11487584331178695
t309_n4,FloorPlan309,bedroom,4,uniform_nominal_none,64,80.0,71.0,82.54351851851852,89.95046296296296,0.8875,1.0317939814814816,1.124380787037037,64,1.0,6.836548333333248,6.84134258578221,1.868871333333762,4.399880333331978,-14.90509259259259,-0.14214881141605737
t309_n4,FloorPlan309,bedroom,4,uniform_nominal_none,128,80.0,69.0,80.22453703703704,87.5238425925926,0.8625,1.002806712962963,1.0940480324074076,128,1.0,14.081362333333272,14.086209237575531,3.767018666667473,8.99887233333141,-17.331712962962957,-0.165291317862315
t309_n4,FloorPlan309,bedroom,4,uniform_nominal_none,256,80.0,67.0,77.30185185185185,84.10046296296296,0.8375,0.9662731481481481,1.0512557870370371,256,1.0,36.6100153333333,36.614988930523396,7.540863666667026,25.78198833333219,-20.75509259259259,-0.19793984670269504
t309_n4,FloorPlan309,bedroom,4,uniform_risk_none,32,80.0,78.0,87.45856481481482,94.08703703703704,0.975,1.0932320601851853,1.176087962962963,32,1.0,3.373967666666792,3.374359260002772,0.9301076666664206,2.1938120000002392,-10.768518518518514,-0.1026985977182014
t309_n4,FloorPlan309,bedroom,4,uniform_risk_none,64,80.0,74.66666666666667,85.43773148148148,92.92430555555556,0.9333333333333333,1.0679716435185187,1.1615538194444446,64,1.0,6.7906380000000155,6.791042163968086,1.8656836666669878,4.3538919999999885,-11.931249999999997,-0.11378748542969164
t309_n4,FloorPlan309,bedroom,4,uniform_risk_none,128,80.0,69.0,80.22453703703704,87.5238425925926,0.8625,1.002806712962963,1.0940480324074076,128,1.0,13.976481333333476,13.976943989594778,3.7484276666669794,8.921844333333725,-17.331712962962957,-0.165291317862315
t309_n4,FloorPlan309,bedroom,4,uniform_risk_none,256,80.0,67.0,77.30185185185185,84.10046296296296,0.8375,0.9662731481481481,1.0512557870370371,256,1.0,28.845674000000116,28.846227563917637,7.498523333332378,18.238055999999652,-20.75509259259259,-0.19793984670269504
t309_n4,FloorPlan309,bedroom,4,uniform_random,32,80.0,78.66666666666667,85.80648148148148,91.17476851851852,0.9833333333333334,1.0725810185185185,1.1396846064814814,32,1.0,3.3599103333332714,3.3603940779964128,0.9264366666668818,2.1921333333323467,-13.68078703703704,-0.13047269612518106
t309_n4,FloorPlan309,bedroom,4,uniform_random,64,80.0,73.33333333333333,81.27824074074074,87.03726851851852,0.9166666666666667,1.0159780092592592,1.0879658564814814,64,1.0,6.733815333333393,6.740421677629153,1.8560466666682391,4.350496999999305,-17.818287037037038,-0.16993174031295255
t309_n4,FloorPlan309,bedroom,4,uniform_random,128,80.0,71.33333333333333,80.6050925925926,86.78449074074074,0.8916666666666667,1.0075636574074074,1.0848061342592592,128,1.0,13.775843000000046,13.78250028938055,3.7204496666679945,8.955368000000371,-18.071064814814815,-0.17234246405990603
t309_n4,FloorPlan309,bedroom,4,uniform_random,256,80.0,68.0,76.6650462962963,82.66921296296296,0.85,0.9583130787037037,1.033365162037037,256,1.0,28.121005333333393,28.13528198748827,7.427926000003342,18.43671000000076,-22.186342592592595,-0.21158957648970367
t309_n6,FloorPlan309,bedroom,6,llm_nominal_none,32,120.0,90.66666666666667,105.57685185185186,114.43132716049382,0.7555555555555555,0.8798070987654321,0.9535943930041152,32,1.0,4.863052666666719,4.863586897651355,1.229396666666993,3.368365000001224,-47.76172839506173,-0.2944745583062404
t309_n6,FloorPlan309,bedroom,6,llm_nominal_none,64,120.0,90.66666666666667,105.47407407407408,114.43225308641975,0.7555555555555555,0.8789506172839506,0.9536021090534978,64,1.0,9.26787166666676,9.268379459778467,2.426657333333656,6.246189666667679,-47.76080246913581,-0.29446884951727437
t309_n6,FloorPlan309,bedroom,6,llm_nominal_none,128,120.0,90.66666666666667,104.63395061728396,113.06512345679012,0.7555555555555555,0.8719495884773663,0.9422093621399177,128,1.0,18.501954333333348,18.50706742455562,4.836882333334606,12.232060000000692,-49.127932098765434,-0.30289787642565114
t309_n6,FloorPlan309,bedroom,6,llm_nominal_none,256,120.0,84.33333333333333,98.97237654320988,107.59058641975308,0.7027777777777778,0.824769804526749,0.896588220164609,256,1.0,37.867363666666726,37.87506961574157,9.615369666667059,24.84645500000197,-54.60246913580247,-0.33665109118743763
t309_n6,FloorPlan309,bedroom,6,llm_risk_none,32,120.0,109.66666666666667,123.00771604938272,132.90802469135804,0.9138888888888889,1.0250643004115227,1.1075668724279835,32,1.0,4.286150000000137,4.286569232741992,1.2205766666676017,2.8059233333328493,-29.285030864197537,-0.18055662595348673
t309_n6,FloorPlan309,bedroom,6,llm_risk_none,64,120.0,95.0,109.29506172839505,118.13641975308641,0.7916666666666666,0.9107921810699589,0.9844701646090535,64,1.0,8.693518333333353,8.693956459561983,2.3996453333336256,5.719955666665684,-44.056635802469145,-0.2716308392585806
t309_n6,FloorPlan309,bedroom,6,llm_risk_none,128,120.0,89.0,101.54953703703703,109.46141975308642,0.7416666666666667,0.8462461419753086,0.9121784979423869,128,1.0,17.61731700000017,17.617790028452873,4.786928333333347,11.540887999996308,-52.731635802469135,-0.3251164830815282
t309_n6,FloorPlan309,bedroom,6,llm_risk_none,256,120.0,87.0,99.59444444444443,107.59151234567902,0.725,0.8299537037037037,0.8965959362139918,256,1.0,43.93781833333336,43.93847472965717,9.59284433333337,31.45349233333198,-54.601543209876546,-0.3366453823984716
t309_n6,FloorPlan309,bedroom,6,llm_risk_nominal,32,120.0,109.66666666666667,123.00771604938272,132.90802469135804,0.9138888888888889,1.0250643004115227,1.1075668724279835,28,0.875,4.119746000000202,4.120177589356899,1.0770656666667655,2.7899286666663117,-29.285030864197537,-0.18055662595348673
t309_n6,FloorPlan309,bedroom,6,llm_risk_nominal,64,120.0,95.0,109.29506172839505,118.13641975308641,0.7916666666666666,0.9107921810699589,0.9844701646090535,49.333333333333336,0.7708333333333334,14.877908333333542,14.878416744371256,1.8761139999998733,12.450799333333004,-44.056635802469145,-0.2716308392585806
t309_n6,FloorPlan309,bedroom,6,llm_risk_nominal,128,120.0,89.0,101.54953703703703,109.46141975308642,0.7416666666666667,0.8462461419753086,0.9121784979423869,73.66666666666667,0.5755208333333334,22.12764033333355,22.12818432599306,2.7929096666673794,18.16618866666664,-52.731635802469135,-0.3251164830815282
t309_n6,FloorPlan309,bedroom,6,llm_risk_nominal,256,120.0,87.0,99.59444444444443,107.59151234567902,0.725,0.8299537037037037,0.8965959362139918,105.66666666666667,0.4127604166666667,35.9791623333335,35.97980303068956,4.005044333333115,29.456168999999182,-54.601543209876546,-0.3366453823984716
t309_n6,FloorPlan309,bedroom,6,llm_risk_critical,32,120.0,109.66666666666667,123.00771604938272,132.90802469135804,0.9138888888888889,1.0250643004115227,1.1075668724279835,25,0.78125,4.069754000000092,4.0701621522506075,0.9546023333328139,2.7932713333345127,-29.285030864197537,-0.18055662595348673
t309_n6,FloorPlan309,bedroom,6,llm_risk_critical,64,120.0,95.0,109.29506172839505,118.13641975308641,0.7916666666666666,0.9107921810699589,0.9844701646090535,43,0.671875,7.97832800000009,7.978746667504311,1.6205953333328083,5.666517333335008,-44.056635802469145,-0.2716308392585806
t309_n6,FloorPlan309,bedroom,6,llm_risk_critical,128,120.0,89.0,101.54953703703703,109.46141975308642,0.7416666666666667,0.8462461419753086,0.9121784979423869,61.666666666666664,0.4817708333333333,15.20063400000001,15.20109580208858,2.3207416666669958,11.420286000002259,-52.731635802469135,-0.3251164830815282
t309_n6,FloorPlan309,bedroom,6,llm_risk_critical,256,120.0,87.0,99.59444444444443,107.59151234567902,0.725,0.8299537037037037,0.8965959362139918,86.66666666666667,0.3385416666666667,29.193032666666802,29.201887547969818,3.2620643333340915,22.80325933333464,-54.601543209876546,-0.3366453823984716
t309_n6,FloorPlan309,bedroom,6,uniform_nominal_none,32,120.0,102.0,116.87222222222222,126.71712962962962,0.85,0.9739351851851852,1.0559760802469136,32,1.0,4.349792333333251,4.350312675038974,1.2055923333325798,2.8896076666663126,-35.475925925925935,-0.21872654044534268
t309_n6,FloorPlan309,bedroom,6,uniform_nominal_none,64,120.0,95.66666666666667,110.75200617283951,120.09305555555555,0.7972222222222223,0.9229333847736626,1.0007754629629628,64,1.0,8.810801666666665,8.811389406522116,2.4050443333328473,5.8359159999996635,-42.10000000000001,-0.2595672167084836
t309_n6,FloorPlan309,bedroom,6,uniform_nominal_none,128,120.0,94.0,108.19182098765432,116.62669753086419,0.7833333333333333,0.9015985082304526,0.971889146090535,128,1.0,17.78695566666662,17.787585966289043,4.805870999999999,11.646947666665705,-45.56635802469136,-0.2809390196677295
t309_n6,FloorPlan309,bedroom,6,uniform_nominal_none,256,120.0,87.66666666666667,102.35987654320988,110.93364197530865,0.7305555555555555,0.8529989711934156,0.9244470164609053,256,1.0,36.206654666666616,36.21042457719644,9.582070333332323,23.506600666665545,-51.25941358024692,-0.3160395086255044
t309_n6,FloorPlan309,bedroom,6,uniform_risk_none,32,120.0,101.66666666666667,116.17407407407407,125.68163580246913,0.8472222222222222,0.9681172839506174,1.0473469650205762,32,1.0,4.254840000000056,4.255278656880061,1.199713666666972,2.7953909999989257,-36.51141975308642,-0.2251108694390449
t309_n6,FloorPlan309,bedroom,6,uniform_risk_none,64,120.0,94.0,108.10555555555555,116.91033950617283,0.7833333333333333,0.9008796296296296,0.974252829218107,64,1.0,8.67301066666674,8.673467362920443,2.3875536666686514,5.7050483333322966,-45.28271604938272,-0.279190227314462
t309_n6,FloorPlan309,bedroom,6,uniform_risk_none,128,120.0,94.0,106.81095679012346,115.04058641975308,0.7833333333333333,0.8900913065843621,0.9586715534979424,128,1.0,17.677697666666752,17.6781980941693,4.786407000002472,11.56981833333178,-47.15246913580247,-0.2907181751665777
t309_n6,FloorPlan309,bedroom,6,uniform_risk_none,256,120.0,86.33333333333333,100.58024691358024,109.08842592592593,0.7194444444444444,0.8381687242798354,0.9090702160493828,256,1.0,35.99114300000009,35.99432266006867,9.5752486666707,23.587183999998523,-53.104629629629635,-0.32741617357001973
t309_n6,FloorPlan309,bedroom,6,uniform_random,32,120.0,109.0,121.10462962962963,130.0557098765432,0.9083333333333333,1.0092052469135804,1.0837975823045267,32,1.0,4.272128333333273,4.272523336112499,1.2044276666662117,2.7961960000002506,-32.13734567901235,-0.19814255036341202
t309_n6,FloorPlan309,bedroom,6,uniform_random,64,120.0,106.33333333333333,118.20740740740742,126.54876543209878,0.8861111111111111,0.9850617283950618,1.0545730452674897,64,1.0,8.683326666666602,8.683749164144198,2.3945159999994026,5.692084000000097,-35.64429012345679,-0.21976458857233652
t309_n6,FloorPlan309,bedroom,6,uniform_random,128,120.0,101.33333333333333,113.03271604938271,121.00987654320987,0.8444444444444444,0.9419393004115226,1.0084156378600824,128,1.0,17.605255333333385,17.605727538466454,4.781369999999156,11.574260666666595,-41.18317901234568,-0.2539145641672637
t309_n6,FloorPlan309,bedroom,6,uniform_random,256,120.0,94.66666666666667,109.64012345679012,118.57345679012346,0.7888888888888889,0.9136676954732511,0.9881121399176955,256,1.0,35.36482733333335,35.36540021498998,9.546350999997344,23.26480400000201,-43.6195987654321,-0.2689362908666037
t309_n8,FloorPlan309,bedroom,8,llm_nominal_none,32,138.0,134.0,153.7945571658615,166.65067364465915,0.9710144927536232,1.114453312796098,1.2076135771352112,32,1.0,5.66607233333342,5.666687153279781,1.4894750000002215,3.89957833333332,-12.868786902844874,-0.07168463443237434
t309_n8,FloorPlan309,bedroom,8,llm_nominal_none,64,138.0,132.0,152.04030595813205,164.40488862050455,0.9565217391304348,1.1017413475226958,1.1913397726123518,64,1.0,10.945682333333373,10.946340238054594,2.9434783333330827,7.405200666667315,-15.114571926999465,-0.08419461534088046
t309_n8,FloorPlan309,bedroom,8,llm_nominal_none,128,138.0,128.66666666666666,147.77618894256574,159.7523000536769,0.9323671497584541,1.070841948859172,1.1576253627078035,128,1.0,21.857420333333415,21.858116922279198,5.869144333332225,14.641900333334531,-19.767160493827145,-0.11011151901604788
t309_n8,FloorPlan309,bedroom,8,llm_nominal_none,256,138.0,120.0,139.252077294686,150.86299651100376,0.8695652173913043,1.0090730238745362,1.0932101196449548,256,1.0,43.62548433333332,43.62909992535909,11.712535666665266,28.947836333335236,-28.656464036500267,-0.15962873300255523
t309_n8,FloorPlan309,bedroom,8,llm_risk_none,32,138.0,130.0,151.45481481481482,164.1548228663446,0.9420289855072463,1.097498658078368,1.1895277019300334,32,1.0,5.327593666666648,5.32808310041825,1.4780463333329645,3.5748926666664773,-15.364637681159413,-0.08558758829989717
t309_n8,FloorPlan309,bedroom,8,llm_risk_none,64,138.0,130.0,151.14456253354805,163.965987654321,0.9420289855072463,1.0952504531416525,1.1881593308284129,64,1.0,10.601457333333434,10.601981543004513,2.9394690000006385,7.0520473333336815,-15.553472893183036,-0.08663948101084736
t309_n8,FloorPlan309,bedroom,8,llm_risk_none,128,138.0,125.0,145.60381642512075,158.0398228663446,0.9057971014492754,1.0551001190226144,1.1452161077271348,128,1.0,29.109350999999933,29.109992397328217,5.919275000002185,21.831679333333742,-21.47963768115942,-0.11965074769972102
t309_n8,FloorPlan309,bedroom,8,llm_risk_none,256,138.0,123.66666666666667,143.1921578099839,155.39054213633923,0.8961352657004831,1.0376243319564051,1.1260184212778206,256,1.0,51.59500899999998,51.59576050937176,11.925574000004158,36.67301133333393,-24.12891841116479,-0.13440837186996699
t309_n8,FloorPlan309,bedroom,8,llm_risk_nominal,32,138.0,130.0,151.45481481481482,164.1548228663446,0.9420289855072463,1.097498658078368,1.1895277019300334,23,0.71875,4.739371000000177,4.739866591989994,1.0729883333331358,3.4089610000001733,-15.364637681159413,-0.08558758829989717
t309_n8,FloorPlan309,bedroom,8,llm_risk_nominal,64,138.0,130.0,151.14456253354805,163.965987654321,0.9420289855072463,1.0952504531416525,1.1881593308284129,41,0.640625,9.392465333333266,9.392999423046907,1.9042289999992394,6.924081333333554,-15.553472893183036,-0.08663948101084736
t309_n8,FloorPlan309,bedroom,8,llm_risk_nominal,128,138.0,125.0,145.60381642512075,158.0398228663446,0.9057971014492754,1.0551001190226144,1.1452161077271348,69.66666666666667,0.5442708333333334,18.317150333333625,18.317745067179203,3.2416999999994958,13.85979166666725,-21.47963768115942,-0.11965074769972102
t309_n8,FloorPlan309,bedroom,8,llm_risk_nominal,256,138.0,123.66666666666667,143.1921578099839,155.39054213633923,0.8961352657004831,1.0376243319564051,1.1260184212778206,117.66666666666667,0.4596354166666667,35.920124666666716,35.920810885727406,5.477451999999013,27.836093333334144,-24.12891841116479,-0.13440837186996699
t309_n8,FloorPlan309,bedroom,8,llm_risk_critical,32,138.0,130.0,151.45481481481482,164.1548228663446,0.9420289855072463,1.097498658078368,1.1895277019300334,20.333333333333332,0.6354166666666666,4.829497333333303,4.829956529041131,0.9705799999995731,3.524550333332025,-15.364637681159413,-0.08558758829989717
t309_n8,FloorPlan309,bedroom,8,llm_risk_critical,64,138.0,130.0,151.14456253354805,163.965987654321,0.9420289855072463,1.0952504531416525,1.1881593308284129,32.666666666666664,0.5104166666666666,9.454160999999997,9.45458592226108,1.5554776666665642,7.173152999996102,-15.553472893183036,-0.08663948101084736
t309_n8,FloorPlan309,bedroom,8,llm_risk_critical,128,138.0,125.0,145.60381642512075,158.0398228663446,0.9057971014492754,1.0551001190226144,1.1452161077271348,48.666666666666664,0.3802083333333333,18.100708333333177,18.101233678559463,2.310074000000384,14.260988333327784,-21.47963768115942,-0.11965074769972102
t309_n8,FloorPlan309,bedroom,8,llm_risk_critical,256,138.0,123.66666666666667,143.1921578099839,155.39054213633923,0.8961352657004831,1.0376243319564051,1.1260184212778206,78.33333333333333,0.3059895833333333,35.03886766666649,35.039497539401054,3.700393000000357,28.12227333332847,-24.12891841116479,-0.13440837186996699
t309_n8,FloorPlan309,bedroom,8,uniform_nominal_none,32,138.0,131.0,150.47434245840043,163.43752415458937,0.9492753623188406,1.0903937859304378,1.1843298851781838,32,1.0,5.309235333333569,5.3097885102033615,1.4673733333321337,3.575679999999378,-16.081936392914645,-0.08958324821090402
t309_n8,FloorPlan309,bedroom,8,uniform_nominal_none,64,138.0,118.66666666666667,139.17183038110574,151.95925389157273,0.859903381642512,1.0084915245007662,1.1011540137070488,64,1.0,10.704284333333517,10.704867852230867,2.9353619999984795,7.168257333332336,-27.560206655931285,-0.1535221115965774
t309_n8,FloorPlan309,bedroom,8,uniform_nominal_none,128,138.0,118.66666666666667,138.1884165324745,150.54096484165325,0.859903381642512,1.0013653371918443,1.0908765568235743,128,1.0,21.49002466666694,21.490687504410744,5.8616606666661575,14.258285333331363,-28.978495705850776,-0.1614225868185614
t309_n8,FloorPlan309,bedroom,8,uniform_nominal_none,256,138.0,114.66666666666667,134.68088030059045,146.74488325281803,0.8309178743961353,0.975948407975293,1.0633687192233192,256,1.0,43.8229580000001,43.82376714299122,11.715803333330813,28.87950066666652,-32.77457729468599,-0.18256838113666937
t309_n8,FloorPlan309,bedroom,8,uniform_risk_none,32,138.0,128.66666666666666,148.18323671497583,161.02915593129362,0.932367149758454,1.0737915703983756,1.1668779415311132,32,1.0,5.26216599999992,5.26260460416476,1.463404333331919,3.527221000000876,-18.4903046162104,-0.10299888691631587
t309_n8,FloorPlan309,bedroom,8,uniform_risk_none,64,138.0,119.66666666666667,139.4970316693505,151.9501851851852,0.8671497584541062,1.0108480555750037,1.101088298443371,64,1.0,10.49531833333317,10.495805802444616,2.912186666665484,6.962645000000063,-27.56927536231883,-0.1535726281609648
t309_n8,FloorPlan309,bedroom,8,uniform_risk_none,128,138.0,116.33333333333333,136.74292002147075,149.2026127214171,0.8429951690821256,0.9908907247932662,1.081178353053747,128,1.0,21.492098666666532,21.492614410817623,5.800593999998771,14.316656999999733,-30.31684782608694,-0.1688777792314308
t309_n8,FloorPlan309,bedroom,8,uniform_risk_none,256,138.0,112.33333333333333,132.70395061728394,144.79413177670426,0.8140096618357487,0.9616228305600286,1.049232838961625,256,1.0,43.36269866666672,43.36336472382148,11.64140566666679,28.673150333331805,-34.72532877079977,-0.19343489928553367
t309_n8,FloorPlan309,bedroom,8,uniform_random,32,138.0,132.66666666666666,151.5737466451959,164.4813513150832,0.9613526570048309,1.0983604829362024,1.1918938501092986,32,1.0,5.191906000000153,5.192305271824201,1.4629596666668003,3.4322649999999713,-15.038109232420823,-0.08376868550382854
t309_n8,FloorPlan309,bedroom,8,uniform_random,64,138.0,129.33333333333334,149.43336017176597,162.41904455179818,0.9371980676328502,1.0828504360272897,1.1769495982014362,64,1.0,10.597171333333488,10.597586942215761,2.9204876666658977,7.013009666665256,-17.100415995705845,-0.09525661420523694
t309_n8,FloorPlan309,bedroom,8,uniform_random,128,138.0,128.0,148.4204938271605,161.38674584004295,0.927536231884058,1.0755108248344962,1.1694691727539344,128,1.0,21.479135333333527,21.47963053236405,5.835210333331749,14.246153666664116,-18.132714707461087,-0.10100695853340562
t309_n8,FloorPlan309,bedroom,8,uniform_random,256,138.0,119.33333333333333,140.72840042941493,153.49193102522813,0.8647342995169082,1.019771017604456,1.1122603697480298,256,1.0,42.99088066666664,42.99150655666987,11.660688999998836,28.47163733332832,-26.0275295222759,-0.14498444593636997
t310_n4,FloorPlan310,bedroom,4,llm_nominal_none,32,35.0,31.0,35.86402116402116,38.98726851851852,0.8857142857142857,1.0246863189720332,1.1139219576719577,32,1.0,3.352786999999857,3.3533315484722457,0.9066313333323528,2.1877256666666214,-2.950033068783071,-0.07034389331516566
t310_n4,FloorPlan310,bedroom,4,llm_nominal_none,64,35.0,29.333333333333332,34.142195767195766,37.18971560846561,0.8380952380952381,0.9754913076341648,1.0625633030990174,64,1.0,6.872003999999876,6.872578524053097,1.8339953333321724,4.44946499999969,-4.747585978835981,-0.11320675864070202
t310_n4,FloorPlan310,bedroom,4,llm_nominal_none,128,35.0,29.333333333333332,33.67473544973545,36.56709656084656,0.8380952380952381,0.96213529856387,1.044774187452759,128,1.0,14.2634139999999,14.264036901295185,3.6874993333319375,9.07735199999878,-5.37020502645503,-0.12805318471136687
t310_n4,FloorPlan310,bedroom,4,llm_nominal_none,256,35.0,29.0,33.39232804232804,36.19117063492064,0.8285714285714286,0.9540665154950869,1.0340334467120182,256,1.0,29.3755619999998,29.376273974776268,7.387623000000065,18.38720099999902,-5.7461309523809545,-0.13701718362635076
t310_n4,FloorPlan310,bedroom,4,llm_risk_none,32,35.0,31.0,35.86402116402116,38.98726851851852,0.8857142857142857,1.0246863189720332,1.1139219576719577,32,1.0,3.3523879999998543,3.352810318271319,0.9057156666657148,2.18778233333324,-2.950033068783071,-0.07034389331516566
t310_n4,FloorPlan310,bedroom,4,llm_risk_none,64,35.0,29.333333333333332,34.65515873015873,37.88376322751323,0.8380952380952381,0.9901473922902495,1.0823932350718066,64,1.0,6.766892666666635,6.7673347269495325,1.825232999999186,4.35400333333454,-4.053538359788362,-0.09665710969386154
t310_n4,FloorPlan310,bedroom,4,llm_risk_none,128,35.0,29.333333333333332,34.43902116402116,37.48568121693122,0.8380952380952381,0.9839720332577475,1.071019463340892,128,1.0,14.084331999999922,14.084828086197376,3.684703999999576,8.966571333335041,-4.451620370370371,-0.10614942311210362
t310_n4,FloorPlan310,bedroom,4,llm_risk_none,256,35.0,29.0,33.39232804232804,36.19117063492064,0.8285714285714286,0.9540665154950869,1.0340334467120182,256,1.0,29.03783966666662,29.0384233618776,7.3785199999973905,18.48859600000156,-5.7461309523809545,-0.13701718362635076
t310_n4,FloorPlan310,bedroom,4,llm_risk_nominal,32,35.0,31.0,35.86402116402116,38.98726851851852,0.8857142857142857,1.0246863189720332,1.1139219576719577,15.666666666666666,0.4895833333333333,2.8405873333330334,2.84109761317571,0.45048833333346155,2.1624583333334315,-2.950033068783071,-0.07034389331516566
t310_n4,FloorPlan310,bedroom,4,llm_risk_nominal,64,35.0,29.333333333333332,34.65515873015873,37.88376322751323,0.8380952380952381,0.9901473922902495,1.0823932350718066,22.666666666666668,0.3541666666666667,5.4365289999999495,5.437040391067664,0.658906333333468,4.27881733333398,-4.053538359788362,-0.09665710969386154
t310_n4,FloorPlan310,bedroom,4,llm_risk_nominal,128,35.0,29.333333333333332,34.43902116402116,37.48568121693122,0.8380952380952381,0.9839720332577475,1.071019463340892,32,0.25,10.937803666666746,10.94307160625855,0.9423560000009582,8.77676833333337,-4.451620370370371,-0.10614942311210362
t310_n4,FloorPlan310,bedroom,4,llm_risk_nominal,256,35.0,29.0,33.39232804232804,36.19117063492064,0.8285714285714286,0.9540665154950869,1.0340334467120182,45.666666666666664,0.17838541666666666,21.722247999999816,21.727576851844788,1.350628333334658,17.71286999999792,-5.7461309523809545,-0.13701718362635076
t310_n4,FloorPlan310,bedroom,4,llm_risk_critical,32,35.0,31.0,35.86402116402116,38.98726851851852,0.8857142857142857,1.0246863189720332,1.1139219576719577,11.666666666666666,0.3645833333333333,2.81470699999975,2.8153803820411363,0.3384699999987954,2.1807546666664144,-2.950033068783071,-0.07034389331516566
t310_n4,FloorPlan310,bedroom,4,llm_risk_critical,64,35.0,29.333333333333332,34.65515873015873,37.88376322751323,0.8380952380952381,0.9901473922902495,1.0823932350718066,18,0.28125,5.493327999999871,5.494006909430027,0.5264156666653363,4.312744333334173,-4.053538359788362,-0.09665710969386154
t310_n4,FloorPlan310,bedroom,4,llm_risk_critical,128,35.0,29.333333333333332,34.43902116402116,37.48568121693122,0.8380952380952381,0.9839720332577475,1.071019463340892,26.333333333333332,0.20572916666666666,11.129316666666464,11.133693158626556,0.7713806666658959,8.812301333332329,-4.451620370370371,-0.10614942311210362
t310_n4,FloorPlan310,bedroom,4,llm_risk_critical,256,35.0,29.0,33.39232804232804,36.19117063492064,0.8285714285714286,0.9540665154950869,1.0340334467120182,38,0.1484375,22.357440333333162,22.36190562446912,1.1157566666655978,17.934708333334843,-5.7461309523809545,-0.13701718362635076
t310_n4,FloorPlan310,bedroom,4,uniform_nominal_none,32,35.0,30.666666666666668,35.229497354497354,38.20297619047619,0.8761904761904762,1.0065570672713529,1.0915136054421768,32,1.0,3.382981333333479,3.383545825878779,0.9140026666665987,2.2200903333328506,-3.7343253968253998,-0.0890454382013967
t310_n4,FloorPlan310,bedroom,4,uniform_nominal_none,64,35.0,28.0,32.174338624338624,34.727579365079364,0.8,0.9192668178382464,0.9922165532879819,64,1.0,6.820977666666561,6.821536459028721,1.8476933333334185,4.41178166666593,-7.209722222222226,-0.17191669347665647
t310_n4,FloorPlan310,bedroom,4,uniform_nominal_none,128,35.0,27.0,31.020502645502646,33.49980158730159,0.7714285714285715,0.8863000755857898,0.9571371882086168,128,1.0,14.093252000000037,14.093878989418348,3.7046963333344785,9.051194999998588,-8.437500000000002,-0.20119320224825424
t310_n4,FloorPlan310,bedroom,4,uniform_nominal_none,256,35.0,27.0,30.98637566137566,33.65724206349206,0.7714285714285715,0.8853250188964474,0.9616354875283447,256,1.0,29.157947666666722,29.16226132462422,7.401348000002805,18.413483666664288,-8.280059523809525,-0.1974390151586836
t310_n4,FloorPlan310,bedroom,4,uniform_risk_none,32,35.0,29.333333333333332,33.62513227513227,36.400760582010584,0.8380952380952381,0.9607180650037792,1.040021730914588,32,1.0,3.3847026666665356,3.3850902691483498,0.9203509999996898,2.2155843333327616,-5.536541005291009,-0.1320194861313501
t310_n4,FloorPlan310,bedroom,4,uniform_risk_none,64,35.0,29.333333333333332,33.62513227513227,36.400760582010584,0.8380952380952381,0.9607180650037792,1.040021730914588,64,1.0,6.815660000000001,6.816064318021138,1.8470543333342822,4.39385133333244,-5.536541005291009,-0.1320194861313501
t310_n4,FloorPlan310,bedroom,4,uniform_risk_none,128,35.0,28.0,32.174338624338624,34.727579365079364,0.8,0.9192668178382464,0.9922165532879819,128,1.0,14.064299000000021,14.067522250115871,3.7131583333328186,8.974862999998686,-7.209722222222226,-0.17191669347665647
t310_n4,FloorPlan310,bedroom,4,uniform_risk_none,256,35.0,27.0,31.020502645502646,33.49980158730159,0.7714285714285715,0.8863000755857898,0.9571371882086168,256,1.0,35.86383766666653,35.86720737318198,7.409215666665858,25.26689066666569,-8.437500000000002,-0.20119320224825424
t310_n4,FloorPlan310,bedroom,4,uniform_random,32,35.0,31.666666666666668,36.028042328042325,38.92857142857143,0.9047619047619048,1.0293726379440664,1.1122448979591837,32,1.0,3.369943000000338,3.370553565522035,0.9163193333328046,2.210468333332679,-3.008730158730162,-0.07174353248424525
t310_n4,FloorPlan310,bedroom,4,uniform_random,64,35.0,27.0,31.51415343915344,34.38614417989418,0.7714285714285715,0.9004043839758126,0.9824612622826908,64,1.0,6.730104333333505,6.730733749767144,1.8306743333322828,4.372170666667359,-7.551157407407412,-0.18005825653059815
t310_n4,FloorPlan310,bedroom,4,uniform_random,128,35.0,27.0,31.297354497354497,34.12367724867725,0.7714285714285715,0.8942101284958428,0.9749622071050643,128,1.0,13.6859656666668,13.686633047958216,3.671591333329912,8.916569333334401,-7.813624338624341,-0.18631681207143447
t310_n4,FloorPlan310,bedroom,4,uniform_random,256,35.0,27.0,31.297354497354497,34.12367724867725,0.7714285714285715,0.8942101284958428,0.9749622071050643,256,1.0,27.687831000000163,27.68858087559541,7.343283333329342,18.09963066666616,-7.813624338624341,-0.18631681207143447
t311_n4,FloorPlan311,bedroom,4,llm_nominal_none,32,58.0,49.666666666666664,56.330076628352494,60.84919220945083,0.8563218390804598,0.9712082177302154,1.049124003611221,32,1.0,3.4253536666664828,3.4259529784321785,0.9186510000006957,2.246947333333823,-9.451478288633458,-0.13444364359072528
t311_n4,FloorPlan311,bedroom,4,llm_nominal_none,64,58.0,49.666666666666664,56.28128991060026,60.776906130268195,0.8563218390804598,0.9703670674241424,1.0478776919011759,64,1.0,6.952654666666576,6.953255583842595,1.834831000001517,4.492197666665791,-9.52376436781609,-0.13547188526566922
t311_n4,FloorPlan311,bedroom,4,llm_nominal_none,128,58.0,49.666666666666664,56.28128991060026,60.776906130268195,0.8563218390804598,0.9703670674241424,1.0478776919011759,128,1.0,14.411325666666771,14.41196445375681,3.6784130000010093,9.182655666666909,-9.52376436781609,-0.13547188526566922
t311_n4,FloorPlan311,bedroom,4,llm_nominal_none,256,58.0,49.666666666666664,56.28128991060026,60.776906130268195,0.8563218390804598,0.9703670674241424,1.0478776919011759,256,1.0,30.173222333333232,30.173952070375282,7.352078999997828,18.963679666669304,-9.52376436781609,-0.13547188526566922
t311_n4,FloorPlan311,bedroom,4,llm_risk_none,32,58.0,49.0,56.61666666666667,61.733924010217116,0.8448275862068966,0.9761494252873564,1.0643780001761571,32,1.0,3.3469760000000015,3.3473403503497443,0.9145526666674009,2.1832936666652536,-8.566746487867173,-0.12185867399515941
t311_n4,FloorPlan311,bedroom,4,llm_risk_none,64,58.0,49.0,56.231992337164755,61.034760536398466,0.8448275862068966,0.9695171092614613,1.0523234575241114,64,1.0,6.745689666666739,6.748880259692669,1.8189353333344371,4.351596333331376,-9.265909961685821,-0.13180400550999471
t311_n4,FloorPlan311,bedroom,4,llm_risk_none,128,58.0,49.0,56.231992337164755,61.034760536398466,0.8448275862068966,0.9695171092614613,1.0523234575241114,128,1.0,13.902903000000114,13.906107905010382,3.6418553333323147,8.916645333330179,-9.265909961685821,-0.13180400550999471
t311_n4,FloorPlan311,bedroom,4,llm_risk_none,256,58.0,49.0,56.231992337164755,61.034760536398466,0.8448275862068966,0.9695171092614613,1.0523234575241114,256,1.0,29.225665000000085,29.22898903489113,7.310922666665665,18.28851933333035,-9.265909961685821,-0.13180400550999471
t311_n4,FloorPlan311,bedroom,4,llm_risk_nominal,32,58.0,49.0,56.61666666666667,61.733924010217116,0.8448275862068966,0.9761494252873564,1.0643780001761571,21,0.65625,3.0295793333333285,3.030048372844855,0.608493999998109,2.1885716666668977,-8.566746487867173,-0.12185867399515941
t311_n4,FloorPlan311,bedroom,4,llm_risk_nominal,64,58.0,49.0,56.231992337164755,61.034760536398466,0.8448275862068966,0.9695171092614613,1.0523234575241114,28.333333333333332,0.4427083333333333,5.63168400000021,5.632178237040837,0.8242413333314028,4.302204666667937,-9.265909961685821,-0.13180400550999471
t311_n4,FloorPlan311,bedroom,4,llm_risk_nominal,128,58.0,49.0,56.231992337164755,61.034760536398466,0.8448275862068966,0.9695171092614613,1.0523234575241114,41.666666666666664,0.3255208333333333,11.1408170000001,11.141320069630941,1.2182329999982737,8.758611666667804,-9.265909961685821,-0.13180400550999471
t311_n4,FloorPlan311,bedroom,4,llm_risk_nominal,256,58.0,49.0,56.231992337164755,61.034760536398466,0.8448275862068966,0.9695171092614613,1.0523234575241114,46.666666666666664,0.18229166666666666,21.943117333333245,21.94370422512293,1.3682396666649943,17.467109333335767,-9.265909961685821,-0.13180400550999471
t311_n4,FloorPlan311,bedroom,4,llm_risk_critical,32,58.0,49.0,56.61666666666667,61.733924010217116,0.8448275862068966,0.9761494252873564,1.0643780001761571,18.666666666666668,0.5833333333333334,3.012755333333672,3.013367143770059,0.5361906666666213,2.178916333332707,-8.566746487867173,-0.12185867399515941
t311_n4,FloorPlan311,bedroom,4,llm_risk_critical,64,58.0,49.0,56.231992337164755,61.034760536398466,0.8448275862068966,0.9695171092614613,1.0523234575241114,25.333333333333332,0.3958333333333333,5.6652086666666435,5.665837166210015,0.7263019999996049,4.288676666665954,-9.265909961685821,-0.13180400550999471
t311_n4,FloorPlan311,bedroom,4,llm_risk_critical,128,58.0,49.0,56.231992337164755,61.034760536398466,0.8448275862068966,0.9695171092614613,1.0523234575241114,37.333333333333336,0.2916666666666667,11.270801000000072,11.27144197622935,1.0783986666666283,8.728128999999344,-9.265909961685821,-0.13180400550999471
t311_n4,FloorPlan311,bedroom,4,llm_risk_critical,256,58.0,49.0,56.231992337164755,61.034760536398466,0.8448275862068966,0.9695171092614613,1.0523234575241114,41.333333333333336,0.16145833333333334,22.452291000000162,22.453010082244873,1.1965816666662892,17.52427733333306,-9.265909961685821,-0.13180400550999471
t311_n4,FloorPlan311,bedroom,4,uniform_nominal_none,32,58.0,53.333333333333336,60.07255427841635,64.53620051085568,0.9195402298850575,1.0357336944554543,1.1126931122561323,32,1.0,3.3577960000002647,3.358234651386738,0.9107209999994481,2.2024629999991183,-5.764469987228604,-0.08199736853698554
t311_n4,FloorPlan311,bedroom,4,uniform_nominal_none,64,58.0,49.666666666666664,56.330076628352494,60.84919220945083,0.8563218390804598,0.9712082177302154,1.049124003611221,64,1.0,6.750066666666665,6.750570920606454,1.8206766666647074,4.358955666668181,-9.451478288633458,-0.13444364359072528
t311_n4,FloorPlan311,bedroom,4,uniform_nominal_none,128,58.0,49.666666666666664,56.28128991060026,60.776906130268195,0.8563218390804598,0.9703670674241424,1.0478776919011759,128,1.0,14.110595000000151,14.11113360275825,3.668287333332613,8.952672333336556,-9.52376436781609,-0.13547188526566922
t311_n4,FloorPlan311,bedroom,4,uniform_nominal_none,256,58.0,49.666666666666664,56.28128991060026,60.776906130268195,0.8563218390804598,0.9703670674241424,1.0478776919011759,256,1.0,36.45893900000008,36.45960334688425,7.360730333332732,25.246340666669052,-9.52376436781609,-0.13547188526566922
t311_n4,FloorPlan311,bedroom,4,uniform_risk_none,32,58.0,49.0,56.64987228607918,61.50449233716475,0.8448275862068966,0.9767219359668824,1.0604222816752542,32,1.0,3.360130000000202,3.360599900285403,0.9125370000006386,2.1972033333348406,-8.796178160919538,-0.12512225130426372
t311_n4,FloorPlan311,bedroom,4,uniform_risk_none,64,58.0,49.0,56.44093231162197,61.26962643678161,0.8448275862068966,0.9731195226141719,1.0563728695996828,64,1.0,6.756230000000289,6.7567238584160805,1.8209536666669024,4.363499000000548,-9.03104406130268,-0.12846312840712923
t311_n4,FloorPlan311,bedroom,4,uniform_risk_none,128,58.0,49.0,56.231992337164755,61.034760536398466,0.8448275862068966,0.9695171092614613,1.0523234575241114,128,1.0,14.012799333333437,14.013341007133326,3.650912666667209,8.950089999998578,-9.265909961685821,-0.13180400550999471
t311_n4,FloorPlan311,bedroom,4,uniform_risk_none,256,58.0,49.0,56.231992337164755,61.034760536398466,0.8448275862068966,0.9695171092614613,1.0523234575241114,256,1.0,29.26559466666682,29.266211514671642,7.320495666667999,18.335912000001137,-9.265909961685821,-0.13180400550999471
t311_n4,FloorPlan311,bedroom,4,uniform_random,32,58.0,59.666666666666664,65.85403575989783,70.30847381864623,1.028735632183908,1.135414409653411,1.212215065838728,32,1.0,3.33465266666666,3.33510215083758,0.9103363333333725,2.1807370000018387,0.007803320561942921,0.00011099923381467185
t311_n4,FloorPlan311,bedroom,4,uniform_random,64,58.0,57.666666666666664,63.82249042145594,68.35416666666667,0.9942528735632183,1.1003877658871715,1.1785201149425288,64,1.0,6.671106999999991,6.6715941453973455,1.818132000001545,4.325882000000429,-1.9465038314176202,-0.027688268371077112
t311_n4,FloorPlan311,bedroom,4,uniform_random,128,58.0,54.333333333333336,60.64424010217114,64.92250319284801,0.9367816091954023,1.0455903465891576,1.1193535033249657,128,1.0,13.590678666666781,13.59119980285565,3.6421410000021894,8.853141666666323,-5.378167305236268,-0.0765023614587406
t311_n4,FloorPlan311,bedroom,4,uniform_random,256,58.0,51.333333333333336,58.1565772669221,62.71357598978288,0.8850574712643678,1.002699608050381,1.0812685515479807,256,1.0,27.723992999999947,27.724605053663254,7.292808333337675,18.193767333330335,-7.587094508301402,-0.1079235013627381
t311_n6,FloorPlan311,bedroom,6,llm_nominal_none,32,71.0,72.66666666666667,81.84014866979656,88.43977699530517,1.023474178403756,1.1526781502788248,1.2456306619057067,32,1.0,4.285842333333327,4.286487276355426,1.2037920000005364,2.819554333334029,-10.735845070422542,-0.10825084679889845
t311_n6,FloorPlan311,bedroom,6,llm_nominal_none,64,71.0,67.33333333333333,77.05640323422014,83.62295970266041,0.9483568075117371,1.0853014540031007,1.177788164826203,64,1.0,8.750513000000145,8.751187473535538,2.395635999999849,5.754212333332731,-15.552662363067304,-0.1568194082287674
t311_n6,FloorPlan311,bedroom,6,llm_nominal_none,128,71.0,66.66666666666667,76.64176056338029,83.07651473656755,0.9389671361502347,1.0794614163856378,1.1700917568530642,128,1.0,17.768651000000062,17.769369917611282,4.763048333331632,11.645049999999083,-16.09910732916016,-0.16232928005725666
t311_n6,FloorPlan311,bedroom,6,llm_nominal_none,256,71.0,59.0,68.50162493479395,74.49534624413145,0.8309859154929577,0.9648116187999148,1.049230228790584,256,1.0,36.18687333333333,36.187706515192986,9.507897333330018,23.619958666668328,-24.680275821596254,-0.24885425780581072
t311_n6,FloorPlan311,bedroom,6,llm_risk_none,32,71.0,72.66666666666667,81.84014866979656,88.43977699530517,1.023474178403756,1.1526781502788248,1.2456306619057067,32,1.0,4.453819333333442,4.454309741655986,1.204986333332177,2.9868183333322897,-10.735845070422542,-0.10825084679889845
t311_n6,FloorPlan311,bedroom,6,llm_risk_none,64,71.0,63.666666666666664,74.56709963484612,81.27196791862285,0.8967136150234741,1.0502408399274101,1.1446756044876458,64,1.0,8.778105666666777,8.778631376723448,2.3935306666659586,5.785090666664623,-17.90365414710486,-0.1805247476566306
t311_n6,FloorPlan311,bedroom,6,llm_risk_none,128,71.0,62.666666666666664,73.12704747000522,79.6331572769953,0.8826291079812206,1.0299584150704961,1.1215937644647225,128,1.0,17.735918000000073,17.73646691193183,4.774790333333574,11.62169199999837,-19.542464788732406,-0.197049076997781
t311_n6,FloorPlan311,bedroom,6,llm_risk_none,256,71.0,57.333333333333336,68.22146844027127,74.59467070944183,0.8075117370892019,0.960865752679877,1.050629164921716,256,1.0,43.65285633333367,43.65700048704942,9.530171333334891,31.00334999999858,-24.580951356285876,-0.247852757001061
t311_n6,FloorPlan311,bedroom,6,llm_risk_nominal,32,71.0,72.66666666666667,81.84014866979656,88.43977699530517,1.023474178403756,1.1526781502788248,1.2456306619057067,20.666666666666668,0.6458333333333334,3.80437500000023,3.8048699498176575,0.7900129999991456,2.775140666666213,-10.735845070422542,-0.10825084679889845
t311_n6,FloorPlan311,bedroom,6,llm_risk_nominal,64,71.0,63.666666666666664,74.56709963484612,81.27196791862285,0.8967136150234741,1.0502408399274101,1.1446756044876458,31,0.484375,7.3694746666664495,7.369978974262874,1.1906926666656048,5.648260999999562,-17.90365414710486,-0.1805247476566306
t311_n6,FloorPlan311,bedroom,6,llm_risk_nominal,128,71.0,62.666666666666664,73.12704747000522,79.6331572769953,0.8826291079812206,1.0299584150704961,1.1215937644647225,46.666666666666664,0.3645833333333333,14.20527266666675,14.205822410682837,1.789170999998498,11.26270333333205,-19.542464788732406,-0.197049076997781
t311_n6,FloorPlan311,bedroom,6,llm_risk_nominal,256,71.0,57.333333333333336,68.22146844027127,74.59467070944183,0.8075117370892019,0.960865752679877,1.050629164921716,78,0.3046875,28.46162899999986,28.465058654546738,2.9755519999986233,22.81215766666837,-24.580951356285876,-0.247852757001061
t311_n6,FloorPlan311,bedroom,6,llm_risk_critical,32,71.0,72.66666666666667,81.84014866979656,88.43977699530517,1.023474178403756,1.1526781502788248,1.2456306619057067,15.333333333333334,0.4791666666666667,3.6957120000001473,3.6962867404023805,0.5858746666671522,2.804219666666441,-10.735845070422542,-0.10825084679889845
t311_n6,FloorPlan311,bedroom,6,llm_risk_critical,64,71.0,63.666666666666664,74.56709963484612,81.27196791862285,0.8967136150234741,1.0502408399274101,1.1446756044876458,23.333333333333332,0.3645833333333333,7.223853666666742,7.224441816409429,0.8913540000003254,5.660149999998125,-17.90365414710486,-0.1805247476566306
t311_n6,FloorPlan311,bedroom,6,llm_risk_critical,128,71.0,62.666666666666664,73.12704747000522,79.6331572769953,0.8826291079812206,1.0299584150704961,1.1215937644647225,38,0.296875,14.330358000000043,14.331000857055187,1.4485070000005429,11.422767999997715,-19.542464788732406,-0.197049076997781
t311_n6,FloorPlan311,bedroom,6,llm_risk_critical,256,71.0,57.333333333333336,68.22146844027127,74.59467070944183,0.8075117370892019,0.960865752679877,1.050629164921716,56.333333333333336,0.22005208333333334,28.227851333333387,28.23214263965686,2.1473929999991093,22.80674399999801,-24.580951356285876,-0.247852757001061
t311_n6,FloorPlan311,bedroom,6,uniform_nominal_none,32,71.0,68.33333333333333,77.1171335419927,82.9669072769953,0.9624413145539906,1.0861568104506014,1.1685479898168354,32,1.0,4.315857333333432,4.316330576936404,1.1947399999992687,2.8653339999998493,-16.208714788732404,-0.16343446555838317
t311_n6,FloorPlan311,bedroom,6,uniform_nominal_none,64,71.0,65.0,74.75884715701618,80.55088810641627,0.9154929577464789,1.0529415092537489,1.1345195507945953,64,1.0,8.744650999999918,8.74515064060688,2.3911093333319755,5.7792950000005545,-18.62473395931144,-0.18779548412580735
t311_n6,FloorPlan311,bedroom,6,uniform_nominal_none,128,71.0,62.666666666666664,72.21335941575379,78.14974504434011,0.8826291079812206,1.017089569235969,1.1007006344273256,128,1.0,17.75109600000002,17.76553721477588,4.790055666663721,11.649866333333314,-21.025877021387597,-0.2120065050608192
t311_n6,FloorPlan311,bedroom,6,uniform_nominal_none,256,71.0,59.666666666666664,69.1634533124674,75.25160863328117,0.8403755868544601,0.9741331452460198,1.0598818117363544,256,1.0,36.11565166666653,36.130222181479134,9.544634333334153,23.447455333333405,-23.92401343244654,-0.2412287710844014
t311_n6,FloorPlan311,bedroom,6,uniform_risk_none,32,71.0,68.66666666666667,77.81064684402712,83.5039599634846,0.9671361502347418,1.0959246034370018,1.176112112161755,32,1.0,4.2988120000003365,4.299318417906761,1.2021849999999112,2.831339000000247,-15.671662102243099,-0.1580192972407761
t311_n6,FloorPlan311,bedroom,6,uniform_risk_none,64,71.0,67.33333333333333,75.9683541992697,81.5870937663015,0.9483568075117371,1.0699768197080237,1.149113996708472,64,1.0,8.863023666666692,8.863549989958605,2.4066883333338693,5.8610239999989195,-17.588528299426198,-0.1773472949609488
t311_n6,FloorPlan311,bedroom,6,uniform_risk_none,128,71.0,63.0,71.32498435054774,76.92193270735524,0.8873239436619719,1.0045772443739118,1.0834075029204964,128,1.0,17.935428666666937,17.936004946629208,4.809130333335077,11.811707333332885,-22.253689358372466,-0.22438668792643457
t311_n6,FloorPlan311,bedroom,6,uniform_risk_none,256,71.0,62.333333333333336,70.39839332290038,75.90415297339594,0.8779342723004695,0.9915266665197235,1.0690725770900835,256,1.0,36.481328666666684,36.48201779772838,9.572854000001296,23.89491333333667,-23.271469092331774,-0.2346490862130295
t311_n6,FloorPlan311,bedroom,6,uniform_random,32,71.0,71.0,79.49265258215962,85.06696596244132,1.0,1.1196148251008398,1.1981262811611453,32,1.0,4.235770000000194,4.236317239701748,1.1818409999979629,2.787648666667586,-14.108656103286393,-0.14225931543878811
t311_n6,FloorPlan311,bedroom,6,uniform_random,64,71.0,68.66666666666667,77.3440871152843,83.13995239958268,0.9671361502347418,1.0893533396518915,1.1709852450645448,64,1.0,8.670335666666714,8.67091647038857,2.3733473333325725,5.7031403333348925,-16.035669666145026,-0.16168963029561376
t311_n6,FloorPlan311,bedroom,6,uniform_random,128,71.0,68.0,76.2120057381325,81.93143127282212,0.9577464788732395,1.0734085315229929,1.1539638207439735,128,1.0,17.48734866666683,17.487984150648117,4.737258999999365,11.501601666669359,-17.244190792905588,-0.17387529751491917
t311_n6,FloorPlan311,bedroom,6,uniform_random,256,71.0,67.0,75.23497391757955,80.82848135106939,0.9436619718309859,1.0596475199659092,1.138429314803794,256,1.0,35.31179899999989,35.31253399948279,9.452973333332762,23.313770666674543,-18.347140714658327,-0.18499647728449772
t311_n8,FloorPlan311,bedroom,8,llm_nominal_none,32,84.0,108.33333333333333,118.10494708994709,125.7873721340388,1.2896825396825398,1.4060112748803226,1.4974687158814144,32,1.0,5.68455866666658,5.685182909170787,1.4689003333329491,3.9290866666670254,-3.189426807760128,-0.024728686352336604
t311_n8,FloorPlan311,bedroom,8,llm_nominal_none,64,84.0,96.33333333333333,109.68602292768959,118.54697530864198,1.146825396825397,1.3057859872344,1.4112735155790712,64,1.0,10.978818666666612,10.979474522173405,2.9313449999988825,7.408715666665937,-10.429823633156952,-0.08086588997966555
t311_n8,FloorPlan311,bedroom,8,llm_nominal_none,128,84.0,93.66666666666667,107.07749559082892,115.61379188712522,1.1150793650793651,1.274732090367011,1.3763546653229193,128,1.0,21.961649333333,21.962378174066544,5.8507743333325495,14.724476999997608,-13.36300705467371,-0.10360783617140168
t311_n8,FloorPlan311,bedroom,8,llm_nominal_none,256,84.0,88.66666666666667,101.61594356261023,109.8544356261023,1.0555555555555556,1.209713613840598,1.3077909003107417,256,1.0,43.97575499999995,43.97661238908768,11.641225333331265,29.3031923333323,-19.122363315696635,-0.1482620399373196
t311_n8,FloorPlan311,bedroom,8,llm_risk_none,32,84.0,99.33333333333333,110.94077601410935,118.93063492063492,1.1825396825396826,1.3207235239774922,1.4158408919123207,32,1.0,5.339410999999868,5.339820558826129,1.464128333332167,3.594068999999441,-10.046164021164012,-0.0778912494618305
t311_n8,FloorPlan311,bedroom,8,llm_risk_none,64,84.0,93.33333333333333,106.94681657848324,115.87214285714286,1.1111111111111112,1.2731763878390863,1.3794302721088436,64,1.0,10.575495000000027,10.575946420431137,2.9039159999986928,7.0559139999977205,-13.104656084656076,-0.10160475521314172
t311_n8,FloorPlan311,bedroom,8,llm_risk_none,128,84.0,92.0,105.81651675485008,114.59886243386242,1.0952380952380953,1.259720437557739,1.3642721718316955,128,1.0,21.427535666666664,21.42804116010666,5.7888653333325975,14.256956666662527,-14.377936507936505,-0.11147692163165394
t311_n8,FloorPlan311,bedroom,8,llm_risk_none,256,84.0,86.66666666666667,99.56466490299825,108.0642504409171,1.0317460317460316,1.1852936297975982,1.2864791719156798,256,1.0,51.99781299999984,52.00152968366941,11.593713666664543,37.3826646666604,-20.912548500881826,-0.16214194081773312
t311_n8,FloorPlan311,bedroom,8,llm_risk_nominal,32,84.0,99.33333333333333,110.94077601410935,118.93063492063492,1.1825396825396826,1.3207235239774922,1.4158408919123207,17.666666666666668,0.5520833333333334,4.4623243333337115,4.46277887870868,0.8236089999996329,3.386997999998087,-10.046164021164012,-0.0778912494618305
t311_n8,FloorPlan311,bedroom,8,llm_risk_nominal,64,84.0,93.33333333333333,106.94681657848324,115.87214285714286,1.1111111111111112,1.2731763878390863,1.3794302721088436,32.333333333333336,0.5052083333333334,8.990997000000315,8.991500983635584,1.4981503333325226,6.9380889999965945,-13.104656084656076,-0.10160475521314172
t311_n8,FloorPlan311,bedroom,8,llm_risk_nominal,128,84.0,92.0,105.81651675485008,114.59886243386242,1.0952380952380953,1.259720437557739,1.3642721718316955,54.333333333333336,0.4244791666666667,17.789223333333364,17.789761225382488,2.5067843333322535,14.056905666664102,-14.377936507936505,-0.11147692163165394
t311_n8,FloorPlan311,bedroom,8,llm_risk_nominal,256,84.0,86.66666666666667,99.56466490299825,108.0642504409171,1.0317460317460316,1.1852936297975982,1.2864791719156798,90.33333333333333,0.3528645833333333,34.89032066666672,34.89098387459914,4.165168333331988,28.08604699999921,-20.912548500881826,-0.16214194081773312
t311_n8,FloorPlan311,bedroom,8,llm_risk_critical,32,84.0,99.33333333333333,110.94077601410935,118.93063492063492,1.1825396825396826,1.3207235239774922,1.4158408919123207,16.666666666666668,0.5208333333333334,4.535688999999898,4.536144435405731,0.7723036666673622,3.4342276666672333,-10.046164021164012,-0.0778912494618305
t311_n8,FloorPlan311,bedroom,8,llm_risk_critical,64,84.0,93.33333333333333,106.94681657848324,115.87214285714286,1.1111111111111112,1.2731763878390863,1.3794302721088436,26.666666666666668,0.4166666666666667,8.979211666666783,8.979678464432558,1.2273753333339836,7.046796333333975,-13.104656084656076,-0.10160475521314172
t311_n8,FloorPlan311,bedroom,8,llm_risk_critical,128,84.0,92.0,105.81651675485008,114.59886243386242,1.0952380952380953,1.259720437557739,1.3642721718316955,40,0.3125,24.29318633333377,24.293667326370876,1.831926666666206,20.935682000001954,-14.377936507936505,-0.11147692163165394
t311_n8,FloorPlan311,bedroom,8,llm_risk_critical,256,84.0,86.66666666666667,99.56466490299825,108.0642504409171,1.0317460317460316,1.1852936297975982,1.2864791719156798,60.333333333333336,0.23567708333333334,40.934388000000155,40.93968557814757,2.77040200000093,34.92823133333959,-20.912548500881826,-0.16214194081773312
t311_n8,FloorPlan311,bedroom,8,uniform_nominal_none,32,84.0,84.0,95.08634920634921,102.58515873015874,1.0,1.1319803476946335,1.2212518896447468,32,1.0,5.221057000000269,5.221538866559665,1.4442810000003803,3.5060173333339626,-26.391640211640194,-0.20462316035265748
t311_n8,FloorPlan311,bedroom,8,uniform_nominal_none,64,84.0,79.33333333333333,91.80941798941798,99.65658730158731,0.9444444444444444,1.0929692617787856,1.1863879440665155,64,1.0,10.577489000000107,10.577987879514694,2.9067443333336365,7.065957333334261,-29.320211640211628,-0.22732934822985051
t311_n8,FloorPlan311,bedroom,8,uniform_nominal_none,128,84.0,77.0,90.75603174603174,99.00730158730158,0.9166666666666666,1.0804289493575208,1.1786583522297809,128,1.0,21.496742999999856,21.497327213486034,5.833167333336202,14.265090000002681,-29.969497354497346,-0.23236347622506234
t311_n8,FloorPlan311,bedroom,8,uniform_nominal_none,256,84.0,77.0,90.75603174603174,99.00730158730158,0.9166666666666666,1.0804289493575208,1.1786583522297809,256,1.0,43.55491133333356,43.55563223361969,11.696850333336783,28.605111333335504,-29.969497354497346,-0.23236347622506234
t311_n8,FloorPlan311,bedroom,8,uniform_risk_none,32,84.0,84.0,95.08634920634921,102.58515873015874,1.0,1.1319803476946335,1.2212518896447468,32,1.0,5.339054333333297,5.339523466924827,1.4529106666663811,3.6069039999991523,-26.391640211640194,-0.20462316035265748
t311_n8,FloorPlan311,bedroom,8,uniform_risk_none,64,84.0,79.33333333333333,91.80941798941798,99.65658730158731,0.9444444444444444,1.0929692617787856,1.1863879440665155,64,1.0,10.569042000000195,10.569527434806028,2.9157913333328622,7.026690999999789,-29.320211640211628,-0.22732934822985051
t311_n8,FloorPlan311,bedroom,8,uniform_risk_none,128,84.0,77.0,90.17095238095237,98.19230158730159,0.9166666666666666,1.0734637188208616,1.1689559712773998,128,1.0,21.654376999999947,21.65868878364563,5.864349666666453,14.391464333333678,-30.784497354497347,-0.23868244216844703
t311_n8,FloorPlan311,bedroom,8,uniform_risk_none,256,84.0,77.0,90.17095238095237,98.19230158730159,0.9166666666666666,1.0734637188208616,1.1689559712773998,256,1.0,43.66704366666685,43.671515149374805,11.715361333335098,28.796248000000208,-30.784497354497347,-0.23868244216844703
t311_n8,FloorPlan311,bedroom,8,uniform_random,32,84.0,84.0,95.08634920634921,102.58515873015874,1.0,1.1319803476946335,1.2212518896447468,32,1.0,5.291012666666835,5.291499197483063,1.4375103333327626,3.559591666668934,-26.391640211640194,-0.20462316035265748
t311_n8,FloorPlan311,bedroom,8,uniform_random,64,84.0,84.0,95.08634920634921,102.58515873015874,1.0,1.1319803476946335,1.2212518896447468,64,1.0,10.481228999999814,10.481741589804491,2.878900666666221,6.944022666668974,-26.391640211640194,-0.20462316035265748
t311_n8,FloorPlan311,bedroom,8,uniform_random,128,84.0,84.0,95.08634920634921,102.58515873015874,1.0,1.1319803476946335,1.2212518896447468,128,1.0,21.36850499999987,21.3690884411335,5.754656666667597,14.22759033333243,-26.391640211640194,-0.20462316035265748
t311_n8,FloorPlan311,bedroom,8,uniform_random,256,84.0,84.0,95.08634920634921,102.58515873015874,1.0,1.1319803476946335,1.2212518896447468,256,1.0,42.96222466666647,42.97670225302378,11.5232630000038,28.6061606666627,-26.391640211640194,-0.20462316035265748
t312_n4,FloorPlan312,bedroom,4,llm_nominal_none,32,22.0,18.333333333333332,21.185387205387205,22.92570707070707,0.8333333333333334,0.9629721456994185,1.0420775941230487,32,1.0,3.6730513333334733,3.6737232779463134,0.9863316666664327,2.43316833333355,-3.043888888888889,-0.11720971298993772
t312_n4,FloorPlan312,bedroom,4,llm_nominal_none,64,22.0,18.0,20.698350168350167,22.347929292929294,0.8181818181818182,0.9408340985613713,1.0158149678604225,64,1.0,7.487128666666602,7.487797488768895,1.9758356666663701,4.930493333332879,-3.621666666666666,-0.1394579519951458
t312_n4,FloorPlan312,bedroom,4,llm_nominal_none,128,22.0,17.666666666666668,20.353232323232323,21.970791245791247,0.803030303030303,0.9251469237832873,0.9986723293541476,128,1.0,15.362731000000037,15.363451714317003,3.9619773333331074,9.953095666666911,-3.998804713804713,-0.15398024366748475
t312_n4,FloorPlan312,bedroom,4,llm_nominal_none,256,22.0,16.333333333333332,18.957609427609427,20.43080808080808,0.7424242424242424,0.8617095194367921,0.9286730945821855,256,1.0,31.83452666666664,31.83537380148967,7.949785666667708,20.453158999999665,-5.538787878787878,-0.21327970937265409
t312_n4,FloorPlan312,bedroom,4,llm_risk_none,32,22.0,21.333333333333332,23.647979797979797,25.333754208754208,0.9696969696969697,1.0749081726354455,1.1515342822161003,32,1.0,3.64182266666635,3.6422920723756156,0.9812026666669027,2.4019526666657263,-0.6358417508417512,-0.024484083303837594
t312_n4,FloorPlan312,bedroom,4,llm_risk_none,64,22.0,19.333333333333332,21.962828282828283,23.720867003367005,0.8787878787878788,0.9983103764921947,1.078221227425773,64,1.0,15.317519666666316,15.318050980567932,2.000669333333723,12.705400666666478,-2.2487289562289567,-0.08659083336250499
t312_n4,FloorPlan312,bedroom,4,llm_risk_none,128,22.0,16.666666666666668,19.65946127946128,21.36017676767677,0.7575757575757576,0.8936118763391491,0.9709171258034894,128,1.0,23.23391299999944,23.234502722819645,4.031553333331495,17.826837333332495,-4.609419191919192,-0.1774929112909813
t312_n4,FloorPlan312,bedroom,4,llm_risk_none,256,22.0,16.333333333333332,18.92902356902357,20.60726430976431,0.7424242424242424,0.8604101622283441,0.9366938322620141,256,1.0,39.61100766666655,39.61170899371306,8.07438433333226,28.43323533333238,-5.36233164983165,-0.206484985679965
t312_n4,FloorPlan312,bedroom,4,llm_risk_nominal,32,22.0,21.333333333333332,23.647979797979797,25.333754208754208,0.9696969696969697,1.0749081726354455,1.1515342822161003,15.666666666666666,0.4895833333333333,3.0730973333333487,3.0735094721118608,0.4886173333330153,2.359337333334229,-0.6358417508417512,-0.024484083303837594
t312_n4,FloorPlan312,bedroom,4,llm_risk_nominal,64,22.0,19.333333333333332,21.962828282828283,23.720867003367005,0.8787878787878788,0.9983103764921947,1.078221227425773,26,0.40625,6.133207000000122,6.1336591218908625,0.815504333333846,4.805578000001809,-2.2487289562289567,-0.08659083336250499
t312_n4,FloorPlan312,bedroom,4,llm_risk_nominal,128,22.0,16.666666666666668,19.65946127946128,21.36017676767677,0.7575757575757576,0.8936118763391491,0.9709171258034894,44,0.34375,12.073342999999959,12.07382914920648,1.3834016666688005,9.545761333334882,-4.609419191919192,-0.1774929112909813
t312_n4,FloorPlan312,bedroom,4,llm_risk_nominal,256,22.0,16.333333333333332,18.92902356902357,20.60726430976431,0.7424242424242424,0.8604101622283441,0.9366938322620141,59.666666666666664,0.23307291666666666,23.414541666666604,23.41509734590848,1.8741640000037307,19.025731000000157,-5.36233164983165,-0.206484985679965
t312_n4,FloorPlan312,bedroom,4,llm_risk_critical,32,22.0,21.333333333333332,23.647979797979797,25.333754208754208,0.9696969696969697,1.0749081726354455,1.1515342822161003,14.666666666666666,0.4583333333333333,3.1154489999997517,3.115894893805186,0.449788000000062,2.3689126666660933,-0.6358417508417512,-0.024484083303837594
t312_n4,FloorPlan312,bedroom,4,llm_risk_critical,64,22.0,19.333333333333332,21.962828282828283,23.720867003367005,0.8787878787878788,0.9983103764921947,1.078221227425773,22.333333333333332,0.3489583333333333,6.211170333332738,6.211621065934499,0.6896383333332423,4.85703466666602,-2.2487289562289567,-0.08659083336250499
t312_n4,FloorPlan312,bedroom,4,llm_risk_critical,128,22.0,16.666666666666668,19.65946127946128,21.36017676767677,0.7575757575757576,0.8936118763391491,0.9709171258034894,33,0.2578125,12.056620666666499,12.057087384164333,1.0219769999994337,9.588603333333149,-4.609419191919192,-0.1774929112909813
t312_n4,FloorPlan312,bedroom,4,llm_risk_critical,256,22.0,16.333333333333332,18.92902356902357,20.60726430976431,0.7424242424242424,0.8604101622283441,0.9366938322620141,47,0.18359375,23.891308666666333,23.89186279227336,1.458579333331933,19.27726999999931,-5.36233164983165,-0.206484985679965
t312_n4,FloorPlan312,bedroom,4,uniform_nominal_none,32,22.0,20.0,22.404074074074074,24.18781144781145,0.9090909090909092,1.0183670033670034,1.0994459749005205,32,1.0,3.693684666666345,3.694103409846624,1.0075776666654452,2.4404100000001705,-1.7817845117845117,-0.0686104055895459
t312_n4,FloorPlan312,bedroom,4,uniform_nominal_none,64,22.0,20.0,22.384545454545457,24.11087542087542,0.9090909090909092,1.0174793388429753,1.0959488827670647,64,1.0,7.512238666666171,7.512679323554039,2.003447999997595,4.932973666667155,-1.858720538720539,-0.07157294790463338
t312_n4,FloorPlan312,bedroom,4,uniform_nominal_none,128,22.0,19.0,21.446531986531987,23.194478114478116,0.8636363636363636,0.9748423630241813,1.0542944597490052,128,1.0,15.323509999999688,15.324002131819725,3.9964713333278112,9.914875999999259,-2.7751178451178453,-0.10686026264849986
t312_n4,FloorPlan312,bedroom,4,uniform_nominal_none,256,22.0,16.666666666666668,19.114074074074075,20.761809764309763,0.7575757575757576,0.8688215488215488,0.9437186256504438,256,1.0,31.386886333332715,31.387443964680035,7.973261333325728,20.16812199999733,-5.207786195286196,-0.20053397070129922
t312_n4,FloorPlan312,bedroom,4,uniform_risk_none,32,22.0,18.333333333333332,20.736195286195287,22.48659932659933,0.8333333333333334,0.9425543311906949,1.0221181512090605,32,1.0,3.674420333333354,3.6748197550574937,1.0051200000000076,2.411673666666244,-3.4829966329966324,-0.1341182449821534
t312_n4,FloorPlan312,bedroom,4,uniform_risk_none,64,22.0,17.666666666666668,20.100572390572392,21.740016835016835,0.8030303030303031,0.9136623813896542,0.9881825834098561,64,1.0,9.869107666666821,9.872401443620523,2.61438900000055,6.440854666664997,-4.229579124579125,-0.16286657409532257
t312_n4,FloorPlan312,bedroom,4,uniform_risk_none,128,22.0,16.333333333333332,18.853063973063975,20.416237373737374,0.7424242424242424,0.8569574533210897,0.9280107897153351,128,1.0,17.593275000000002,17.59662013500929,4.598988333334238,11.39919666666452,-5.553358585858586,-0.21384077728812637
t312_n4,FloorPlan312,bedroom,4,uniform_risk_none,256,22.0,16.0,18.43808080808081,19.905631313131313,0.7272727272727273,0.8380945821854913,0.9048014233241506,256,1.0,33.86431233333317,33.87037478387356,8.606424000000779,21.590100999995105,-6.063964646464647,-0.23350246403136535
t312_n4,FloorPlan312,bedroom,4,uniform_random,32,22.0,20.666666666666668,23.352222222222224,25.120176767676767,0.9393939393939394,1.0614646464646464,1.1418262167125803,32,1.0,4.170557333333491,4.1710132112105684,1.12470399999894,2.7665783333334915,-0.8494191919191915,-0.03270821745708844
t312_n4,FloorPlan312,bedroom,4,uniform_random,64,22.0,18.666666666666668,21.347003367003367,23.01439393939394,0.8484848484848485,0.9703183348637894,1.0461088154269973,64,1.0,7.983383000000306,7.983871425191562,2.10749300000046,5.305357999999612,-2.955202020202021,-0.11379468609368378
t312_n4,FloorPlan312,bedroom,4,uniform_random,128,22.0,18.333333333333332,20.94892255892256,22.701170033670035,0.8333333333333334,0.9522237526782982,1.0318713651668197,128,1.0,15.500942666666795,15.501467821498712,4.092399666667153,10.254223999999942,-3.2684259259259263,-0.1258558635648784
t312_n4,FloorPlan312,bedroom,4,uniform_random,256,22.0,16.333333333333332,19.035757575757575,20.60808080808081,0.7424242424242424,0.8652617079889806,0.9367309458218549,256,1.0,30.692992333333596,30.6961586078008,8.049839333332365,20.318822666672176,-5.3615151515151505,-0.20645354513241979
t312_n6,FloorPlan312,bedroom,6,llm_nominal_none,32,23.0,23.0,26.6642270531401,29.091801529790658,1.0,1.1593142197017434,1.2648609360778547,32,1.0,4.555049333333135,4.5556531598170595,1.2574536666667413,3.036664666666707,-0.22465378421900084,-0.007663060960567236
t312_n6,FloorPlan312,bedroom,6,llm_nominal_none,64,23.0,22.333333333333332,25.99573268921095,28.321340579710142,0.9710144927536232,1.1302492473569978,1.231362633900441,64,1.0,9.30739133333347,9.308039831618467,2.501467666665628,6.191657333333526,-0.9951147342995151,-0.03394389681974863
t312_n6,FloorPlan312,bedroom,6,llm_nominal_none,128,23.0,22.333333333333332,25.300531400966186,27.403323268921092,0.9710144927536232,1.100023104389834,1.1914488377791779,128,1.0,18.921163666666924,18.9218670129776,4.9883489999989665,12.503548333332226,-1.9131320450885667,-0.06525795921085746
t312_n6,FloorPlan312,bedroom,6,llm_nominal_none,256,23.0,21.666666666666668,24.705024154589374,26.74164653784219,0.9420289855072463,1.0741314849821468,1.1626802842540083,256,1.0,38.29162033333322,38.2924477259318,9.975373999998224,25.002648999998673,-2.5748087761674703,-0.0878281070678087
t312_n6,FloorPlan312,bedroom,6,llm_risk_none,32,23.0,23.333333333333332,26.56159420289855,28.749208937198066,1.0144927536231885,1.1548519218651545,1.2499656059651334,32,1.0,4.624746999999966,4.625163972377777,1.2526346666659194,3.1072063333317246,-0.5672463768115925,-0.01934907787233468
t312_n6,FloorPlan312,bedroom,6,llm_risk_none,64,23.0,22.333333333333332,25.5000885668277,27.704210950080515,0.9710144927536232,1.1086995029055522,1.204530910873066,64,1.0,9.349935000000364,9.350395450989405,2.501446999999324,6.238606666663908,-1.6122443639291444,-0.054994519175675736
t312_n6,FloorPlan312,bedroom,6,llm_risk_none,128,23.0,21.333333333333332,24.581513687600644,26.631171497584543,0.927536231884058,1.068761464678289,1.1578770216341105,128,1.0,18.920342333333135,18.920852181812126,5.011335333332904,12.546217333329501,-2.6852838164251174,-0.09159646988910974
t312_n6,FloorPlan312,bedroom,6,llm_risk_none,256,23.0,21.0,24.18330917874396,26.28076690821256,0.9130434782608695,1.051448225162781,1.1426420394875025,256,1.0,38.50636566666695,38.50698967774709,10.073399999999863,25.383328999995253,-3.035688405797098,-0.1035489581970851
t312_n6,FloorPlan312,bedroom,6,llm_risk_nominal,32,23.0,23.333333333333332,26.56159420289855,28.749208937198066,1.0144927536231885,1.1548519218651545,1.2499656059651334,16.333333333333332,0.5104166666666666,3.8651440000003014,3.865713564058145,0.6490203333324729,2.9827589999991133,-0.5672463768115925,-0.01934907787233468
t312_n6,FloorPlan312,bedroom,6,llm_risk_nominal,64,23.0,22.333333333333332,25.5000885668277,27.704210950080515,0.9710144927536232,1.1086995029055522,1.204530910873066,25.666666666666668,0.4010416666666667,7.605869333333182,7.606484306355317,1.0137686666666923,6.068765999997912,-1.6122443639291444,-0.054994519175675736
t312_n6,FloorPlan312,bedroom,6,llm_risk_nominal,128,23.0,21.333333333333332,24.581513687600644,26.631171497584543,0.927536231884058,1.068761464678289,1.1578770216341105,42,0.328125,14.966690000000208,14.967354324956736,1.6604323333332023,12.152601333331367,-2.6852838164251174,-0.09159646988910974
t312_n6,FloorPlan312,bedroom,6,llm_risk_nominal,256,23.0,21.0,24.18330917874396,26.28076690821256,0.9130434782608695,1.051448225162781,1.1426420394875025,68.33333333333333,0.2669270833333333,37.8957023333335,37.896495312452316,2.7265473333312564,32.61348399999786,-3.035688405797098,-0.1035489581970851
t312_n6,FloorPlan312,bedroom,6,llm_risk_critical,32,23.0,23.333333333333332,26.56159420289855,28.749208937198066,1.0144927536231885,1.1548519218651545,1.2499656059651334,11.333333333333334,0.3541666666666667,3.7331513333338506,3.733674374719461,0.4501050000002375,2.983613333331192,-0.5672463768115925,-0.01934907787233468
t312_n6,FloorPlan312,bedroom,6,llm_risk_critical,64,23.0,22.333333333333332,25.5000885668277,27.704210950080515,0.9710144927536232,1.1086995029055522,1.204530910873066,18.333333333333332,0.2864583333333333,7.434038666666846,7.4345894778768224,0.7229960000006604,6.042958999996628,-1.6122443639291444,-0.054994519175675736
t312_n6,FloorPlan312,bedroom,6,llm_risk_critical,128,23.0,21.333333333333332,24.581513687600644,26.631171497584543,0.927536231884058,1.068761464678289,1.1578770216341105,30.666666666666668,0.23958333333333334,14.81958800000053,14.820179902017117,1.205657333333517,12.15511899999703,-2.6852838164251174,-0.09159646988910974
t312_n6,FloorPlan312,bedroom,6,llm_risk_critical,256,23.0,21.0,24.18330917874396,26.28076690821256,0.9130434782608695,1.051448225162781,1.1426420394875025,48,0.1875,36.08600033333372,36.08665335923433,1.9020776666677601,31.007627333329957,-3.035688405797098,-0.1035489581970851
t312_n6,FloorPlan312,bedroom,6,uniform_nominal_none,32,23.0,23.0,25.904057971014495,27.910434782608693,1.0,1.1262633900441084,1.2134971644612476,32,1.0,4.594829666666911,4.595284660657247,1.2481933333342947,3.0859280000017364,-1.4060205314009646,-0.04796011374298237
t312_n6,FloorPlan312,bedroom,6,uniform_nominal_none,64,23.0,23.0,25.81461352657005,27.709184782608695,1.0,1.1223745011552195,1.2047471644612475,64,1.0,9.250221666666706,9.25071289141973,2.4882340000011993,6.148469000003469,-1.6072705314009639,-0.05482485908290846
t312_n6,FloorPlan312,bedroom,6,uniform_nominal_none,128,23.0,23.0,25.684500805152982,27.579571256038644,1.0,1.1167174263109991,1.1991117937408107,128,1.0,18.824090333333505,18.82462576031685,4.97840333333303,12.34866966666844,-1.7368840579710134,-0.05924604592769426
t312_n6,FloorPlan312,bedroom,6,uniform_nominal_none,256,23.0,22.333333333333332,25.188454106280194,27.116286231884057,0.9710144927536232,1.0951501785339215,1.1789689666036547,256,1.0,38.823211333333475,38.82387684037288,9.982215333332434,25.21846866667084,-2.2001690821256026,-0.07504894635314903
t312_n6,FloorPlan312,bedroom,6,uniform_risk_none,32,23.0,23.666666666666668,26.437391304347827,28.379605475040258,1.0289855072463767,1.1494517958412098,1.2338958902191415,32,1.0,4.632686666666608,4.635747522115707,1.2441396666676614,3.12827100000194,-0.9368498389694023,-0.031956450018761386
t312_n6,FloorPlan312,bedroom,6,uniform_risk_none,64,23.0,22.666666666666668,25.645136876006443,27.599289452495974,0.9855072463768116,1.1150059511307149,1.1999691066302596,64,1.0,9.171043666666398,9.174156313141188,2.480874000000336,6.08678200000116,-1.717165861513686,-0.058573447680528155
t312_n6,FloorPlan312,bedroom,6,uniform_risk_none,128,23.0,22.666666666666668,25.57573268921095,27.52208333333333,0.9855072463768116,1.1119883777917805,1.1966123188405795,128,1.0,18.74874666666641,18.75188077489535,4.996599666662919,12.389296666666105,-1.7943719806763276,-0.061206989776108424
t312_n6,FloorPlan312,bedroom,6,uniform_risk_none,256,23.0,22.666666666666668,25.354710144927537,27.24269524959742,0.9855072463768116,1.1023787019533713,1.1844650108520618,256,1.0,38.69389333333325,38.69719337671995,10.109635999998368,25.447595666668654,-2.0737600644122374,-0.0707370670226027
t312_n6,FloorPlan312,bedroom,6,uniform_random,32,23.0,24.0,26.717375201288245,28.770487117552335,1.0434782608695652,1.1616250087516629,1.250890744241406,32,1.0,4.638892666666432,4.639349256952603,1.2441243333345398,3.122004333333391,-0.5459681964573235,-0.018623267738525556
t312_n6,FloorPlan312,bedroom,6,uniform_random,64,23.0,23.666666666666668,26.69656199677939,28.88231280193237,1.0289855072463767,1.160720086816495,1.2557527305187985,64,1.0,9.20409133333333,9.204592866202196,2.4959243333340098,6.106821666666799,-0.43414251207729154,-0.014808833722466552
t312_n6,FloorPlan312,bedroom,6,uniform_random,128,23.0,22.0,24.99328502415459,26.99208534621578,0.9565217391304348,1.086664566267591,1.1735689280963382,128,1.0,18.64108233333302,18.644107816119988,4.990698333335135,12.38832233333298,-2.324369967793878,-0.0792855051164086
t312_n6,FloorPlan312,bedroom,6,uniform_random,256,23.0,21.666666666666668,24.767512077294686,26.72130233494364,0.9420289855072463,1.0768483511867255,1.1617957536932018,256,1.0,37.410810333333266,37.41395535568396,9.963587000003216,24.872359666665567,-2.5951529790660195,-0.08852205873013082
t313_n4,FloorPlan313,bedroom,4,llm_nominal_none,32,24.0,24.333333333333332,27.77716049382716,30.070185185185185,1.0138888888888888,1.1573816872427984,1.2529243827160494,32,1.0,3.3665486666665245,3.3671349907914796,0.9170556666656301,2.193161666668312,-0.3533333333333341,-0.011613822152696204
t313_n4,FloorPlan313,bedroom,4,llm_nominal_none,64,24.0,23.333333333333332,26.433364197530864,28.54574074074074,0.9722222222222222,1.1013901748971193,1.189405864197531,64,1.0,6.7969643333330625,6.797580048441887,1.8415016666653017,4.374724666668032,-1.8777777777777789,-0.06172125609451754
t313_n4,FloorPlan313,bedroom,4,llm_nominal_none,128,24.0,22.0,24.91617283950617,26.894043209876543,0.9166666666666666,1.0381738683127573,1.120585133744856,128,1.0,14.163943333333151,14.16459617515405,3.712540999999625,9.094817666669345,-3.5294753086419774,-0.11601141092518996
t313_n4,FloorPlan313,bedroom,4,llm_nominal_none,256,24.0,21.666666666666668,24.180154320987654,25.994197530864195,0.9027777777777778,1.0075064300411523,1.0830915637860081,256,1.0,29.134804999999986,29.135563410818577,7.4183003333274655,18.39315333333828,-4.429320987654324,-0.14558871568251508
t313_n4,FloorPlan313,bedroom,4,llm_risk_none,32,24.0,24.333333333333332,27.77716049382716,30.070185185185185,1.0138888888888888,1.1573816872427984,1.2529243827160494,32,1.0,3.3473906666664868,3.34778210769097,0.9189536666666479,2.1738230000020544,-0.3533333333333341,-0.011613822152696204
t313_n4,FloorPlan313,bedroom,4,llm_risk_none,64,24.0,23.333333333333332,26.601172839506173,28.825216049382718,0.9722222222222222,1.1083822016460905,1.20105066872428,64,1.0,6.725879333333277,6.726293514172236,1.8360236666685736,4.316759333334789,-1.5983024691358036,-0.05253509610214646
t313_n4,FloorPlan313,bedroom,4,llm_risk_none,128,24.0,22.0,24.984413580246912,26.941111111111113,0.9166666666666666,1.041017232510288,1.1225462962962964,128,1.0,13.823798666666498,13.8242586205403,3.6840416666645837,8.851860000002413,-3.482407407407409,-0.1144643215835703
t313_n4,FloorPlan313,bedroom,4,llm_risk_none,256,24.0,21.333333333333332,24.12212962962963,26.051203703703703,0.8888888888888888,1.0050887345679014,1.0854668209876543,256,1.0,28.519211666666894,28.51976112773021,7.387719333330563,18.11869866666349,-4.372314814814818,-0.14371496223073046
t313_n4,FloorPlan313,bedroom,4,llm_risk_nominal,32,24.0,24.333333333333332,27.77716049382716,30.070185185185185,1.0138888888888888,1.1573816872427984,1.2529243827160494,19.666666666666668,0.6145833333333334,2.947430666666584,2.952365825573603,0.5693163333348276,2.1480266666671355,-0.3533333333333341,-0.011613822152696204
t313_n4,FloorPlan313,bedroom,4,llm_risk_nominal,64,24.0,23.333333333333332,26.601172839506173,28.825216049382718,0.9722222222222222,1.1083822016460905,1.20105066872428,30.333333333333332,0.4739583333333333,5.640088999999904,5.645046631495158,0.8835303333342518,4.252365666668645,-1.5983024691358036,-0.05253509610214646
t313_n4,FloorPlan313,bedroom,4,llm_risk_nominal,128,24.0,22.0,24.984413580246912,26.941111111111113,0.9166666666666666,1.041017232510288,1.1225462962962964,47.333333333333336,0.3697916666666667,11.26710099999991,11.272084588805834,1.3876683333338136,8.758764333337036,-3.482407407407409,-0.1144643215835703
t313_n4,FloorPlan313,bedroom,4,llm_risk_nominal,256,24.0,21.333333333333332,24.12212962962963,26.051203703703703,0.8888888888888888,1.0050887345679014,1.0854668209876543,69.66666666666667,0.2721354166666667,28.686829333333108,28.69194063047568,2.065107333335092,24.019596666672822,-4.372314814814818,-0.14371496223073046
t313_n4,FloorPlan313,bedroom,4,llm_risk_critical,32,24.0,24.333333333333332,27.77716049382716,30.070185185185185,1.0138888888888888,1.1573816872427984,1.2529243827160494,17,0.53125,2.9658173333337126,2.966274507343769,0.49033266666557535,2.172913666666313,-0.3533333333333341,-0.011613822152696204
t313_n4,FloorPlan313,bedroom,4,llm_risk_critical,64,24.0,23.333333333333332,26.601172839506173,28.825216049382718,0.9722222222222222,1.1083822016460905,1.20105066872428,26.666666666666668,0.4166666666666667,5.692273000000192,5.692736556132634,0.7705279999985493,4.2672980000002525,-1.5983024691358036,-0.05253509610214646
t313_n4,FloorPlan313,bedroom,4,llm_risk_critical,128,24.0,22.0,24.984413580246912,26.941111111111113,0.9166666666666666,1.041017232510288,1.1225462962962964,40,0.3125,11.25784033333351,11.258344476421675,1.1630659999974924,8.67540233333397,-3.482407407407409,-0.1144643215835703
t313_n4,FloorPlan313,bedroom,4,llm_risk_critical,256,24.0,21.333333333333332,24.12212962962963,26.051203703703703,0.8888888888888888,1.0050887345679014,1.0854668209876543,55,0.21484375,22.252838333333358,22.253396299978096,1.6137383333312272,17.441971999999122,-4.372314814814818,-0.14371496223073046
t313_n4,FloorPlan313,bedroom,4,uniform_nominal_none,32,24.0,23.666666666666668,26.735802469135802,28.923055555555557,0.9861111111111112,1.1139917695473252,1.2051273148148147,32,1.0,3.419431000000491,3.41993880768617,0.9350603333328303,2.233911999998265,-1.5004629629629644,-0.04931917924120599
t313_n4,FloorPlan313,bedroom,4,uniform_nominal_none,64,24.0,23.666666666666668,26.642469135802468,28.727993827160493,0.9861111111111112,1.1101028806584363,1.1969997427983539,64,1.0,6.817172666666889,6.817704377075036,1.8595739999988463,4.383250666664118,-1.6955246913580264,-0.05573072326680347
t313_n4,FloorPlan313,bedroom,4,uniform_nominal_none,128,24.0,22.0,24.807438271604937,26.771543209876544,0.9166666666666666,1.0336432613168725,1.1154809670781893,128,1.0,14.071545000000185,14.078686013817787,3.730516999999267,8.994467666663416,-3.6519753086419775,-0.12003790115265774
t313_n4,FloorPlan313,bedroom,4,uniform_nominal_none,256,24.0,21.666666666666668,24.281080246913582,26.13583333333333,0.9027777777777778,1.0117116769547325,1.0889930555555556,256,1.0,29.2030573333338,29.21026883025964,7.459771999995961,18.386965666660576,-4.287685185185189,-0.14093324487025768
t313_n4,FloorPlan313,bedroom,4,uniform_risk_none,32,24.0,23.0,26.318055555555556,28.51175925925926,0.9583333333333334,1.0965856481481482,1.1879899691358025,32,1.0,3.3776509999997963,3.378004146118959,0.9236950000000022,2.202301000000517,-1.9117592592592605,-0.06283820387492627
t313_n4,FloorPlan313,bedroom,4,uniform_risk_none,64,24.0,22.666666666666668,25.907685185185187,28.024104938271606,0.9444444444444444,1.0794868827160495,1.1676710390946503,64,1.0,6.772162666666581,6.772553237775962,1.8407403333332202,4.360269000000194,-2.3994135802469145,-0.07886706393891992
t313_n4,FloorPlan313,bedroom,4,uniform_risk_none,128,24.0,22.0,24.984413580246912,26.941111111111113,0.9166666666666666,1.041017232510288,1.1225462962962964,128,1.0,13.952820999999874,13.95321637392044,3.700940333333532,8.952457333334607,-3.482407407407409,-0.1144643215835703
t313_n4,FloorPlan313,bedroom,4,uniform_risk_none,256,24.0,21.333333333333332,23.803827160493828,25.62070987654321,0.8888888888888888,0.9918261316872429,1.0675295781893004,256,1.0,29.05804799999956,29.058557003736496,7.433704666663783,18.548404333330677,-4.802808641975312,-0.15786499641886875
t313_n4,FloorPlan313,bedroom,4,uniform_random,32,24.0,23.333333333333332,26.110802469135802,28.15996913580247,0.9722222222222222,1.0879501028806584,1.1733320473251028,32,1.0,3.345870000000121,3.346280505259832,0.9163173333342675,2.1865466666678066,-2.2635493827160516,-0.07440130178691362
t313_n4,FloorPlan313,bedroom,4,uniform_random,64,24.0,22.333333333333332,25.443055555555556,27.49867283950617,0.9305555555555556,1.0601273148148147,1.1457780349794238,64,1.0,6.703619999999984,6.70404980580012,1.8355093333338364,4.341329999999625,-2.9248456790123485,-0.09613765341546614
t313_n4,FloorPlan313,bedroom,4,uniform_random,128,24.0,21.666666666666668,24.754166666666666,26.759783950617283,0.9027777777777778,1.031423611111111,1.1149909979423867,128,1.0,13.639116666666654,13.639585115015507,3.6784943333332265,8.85909466666727,-3.6637345679012383,-0.12042441986685914
t313_n4,FloorPlan313,bedroom,4,uniform_random,256,24.0,21.333333333333332,24.05469135802469,25.968950617283948,0.8888888888888888,1.0022788065843622,1.0820396090534978,256,1.0,27.643823333333373,27.644384341935318,7.355233999999378,18.046482000005543,-4.454567901234571,-0.1464185642605117
t313_n6,FloorPlan313,bedroom,6,llm_nominal_none,32,37.0,34.0,39.52218218218218,42.93004129129129,0.918918918918919,1.0681670860049237,1.160271386251116,32,1.0,4.288326666666305,4.28899967422088,1.215735333332783,2.808137999998609,-9.781539039039037,-0.185567174760092
t313_n6,FloorPlan313,bedroom,6,llm_nominal_none,64,37.0,32.0,37.54354854854855,40.85676676676677,0.8648648648648649,1.014690501312123,1.104236939642345,64,1.0,8.84162433333291,8.845286443829536,2.425664000000142,5.826733999997853,-11.854813563563562,-0.22489960439949633
t313_n6,FloorPlan313,bedroom,6,llm_nominal_none,128,37.0,31.666666666666668,36.24544044044044,39.138646146146144,0.8558558558558559,0.9796064983902822,1.057801247193139,128,1.0,18.157782333333056,18.168467407425243,4.902457333331611,11.866291000000176,-13.572934184184184,-0.25749435131950116
t313_n6,FloorPlan313,bedroom,6,llm_nominal_none,256,37.0,29.333333333333332,34.02228228228228,37.01797297297297,0.7927927927927928,0.9195211427643861,1.0004857560262965,256,1.0,36.48041266666624,36.49116431673368,9.65467466666651,23.66803199999919,-15.693607357357356,-0.29772598846419385
t313_n6,FloorPlan313,bedroom,6,llm_risk_none,32,37.0,35.0,40.45385885885886,43.88940565565566,0.9459459459459459,1.0933475367259151,1.1862001528555584,32,1.0,4.4827873333330714,4.485721699893475,1.2506873333337036,2.9463510000014757,-8.82217467467467,-0.16736691670764378
t313_n6,FloorPlan313,bedroom,6,llm_risk_none,64,37.0,33.0,38.4407007007007,41.72458958958959,0.8918918918918919,1.0389378567756946,1.1276916105294483,64,1.0,9.333413999999726,9.336424060165882,2.5750713333341224,6.120902000001334,-10.986990740740739,-0.20843599588340947
t313_n6,FloorPlan313,bedroom,6,llm_risk_none,128,37.0,32.333333333333336,36.63621621621622,39.481295045045044,0.8738738738738739,0.9901680058436816,1.0670620282444605,128,1.0,18.311451666666773,18.314498476684093,4.959535000002309,11.995340000002427,-13.230285285285285,-0.2509939030925346
t313_n6,FloorPlan313,bedroom,6,llm_risk_none,256,37.0,28.0,32.25091091091092,35.051204954954954,0.7567567567567568,0.8716462408354302,0.9473298636474312,256,1.0,36.29184999999987,36.29813094933828,9.700220000006551,23.72047566667046,-17.660375375375374,-0.3350378657726102
t313_n6,FloorPlan313,bedroom,6,llm_risk_nominal,32,37.0,35.0,40.45385885885886,43.88940565565566,0.9459459459459459,1.0933475367259151,1.1862001528555584,25.333333333333332,0.7916666666666666,3.9941676666668258,3.994634374976158,0.96900966666702,2.770737000001707,-8.82217467467467,-0.16736691670764378
t313_n6,FloorPlan313,bedroom,6,llm_risk_nominal,64,37.0,33.0,38.4407007007007,41.72458958958959,0.8918918918918919,1.0389378567756946,1.1276916105294483,39.333333333333336,0.6145833333333334,7.704513999999681,7.70501730342706,1.5055623333338393,5.6597083333344385,-10.986990740740739,-0.20843599588340947
t313_n6,FloorPlan313,bedroom,6,llm_risk_nominal,128,37.0,32.333333333333336,36.63621621621622,39.481295045045044,0.8738738738738739,0.9901680058436816,1.0670620282444605,64,0.5,15.200027333333033,15.200570536156496,2.4477246666663177,11.571863000003013,-13.230285285285285,-0.2509939030925346
t313_n6,FloorPlan313,bedroom,6,llm_risk_nominal,256,37.0,28.0,32.25091091091092,35.051204954954954,0.7567567567567568,0.8716462408354302,0.9473298636474312,98,0.3828125,38.049334999999886,38.05000614374876,3.7381353333320413,31.82622500000291,-17.660375375375374,-0.3350378657726102
t313_n6,FloorPlan313,bedroom,6,llm_risk_critical,32,37.0,35.0,40.45385885885886,43.88940565565566,0.9459459459459459,1.0933475367259151,1.1862001528555584,24,0.75,4.042087000000194,4.042584449052811,0.9127906666665334,2.803147666667153,-8.82217467467467,-0.16736691670764378
t313_n6,FloorPlan313,bedroom,6,llm_risk_critical,64,37.0,33.0,38.4407007007007,41.72458958958959,0.8918918918918919,1.0389378567756946,1.1276916105294483,37,0.578125,7.752803333333465,7.754722299675147,1.407191999999687,5.653422666666981,-10.986990740740739,-0.20843599588340947
t313_n6,FloorPlan313,bedroom,6,llm_risk_critical,128,37.0,32.333333333333336,36.63621621621622,39.481295045045044,0.8738738738738739,0.9901680058436816,1.0670620282444605,55.666666666666664,0.4348958333333333,14.927369333333237,14.929276580611864,2.1157090000010945,11.331074000000996,-13.230285285285285,-0.2509939030925346
t313_n6,FloorPlan313,bedroom,6,llm_risk_critical,256,37.0,28.0,32.25091091091092,35.051204954954954,0.7567567567567568,0.8716462408354302,0.9473298636474312,83.33333333333333,0.3255208333333333,28.84974633333363,28.85175993045171,3.145564333336459,22.618937666665968,-17.660375375375374,-0.3350378657726102
t313_n6,FloorPlan313,bedroom,6,uniform_nominal_none,32,37.0,36.0,41.2167017017017,44.669385635635635,0.972972972972973,1.1139649108568028,1.2072806928550173,32,1.0,4.345574333333306,4.346132278442383,1.204926666667087,2.8813249999994164,-8.042194694694693,-0.15256978911078486
t313_n6,FloorPlan313,bedroom,6,uniform_nominal_none,64,37.0,32.333333333333336,37.63332832832833,40.86061936936937,0.8738738738738739,1.0171169818467116,1.10434106403701,64,1.0,8.75029833333348,8.750854680935541,2.394789333332703,5.77568566666405,-11.850960960960961,-0.22482651604626433
t313_n6,FloorPlan313,bedroom,6,uniform_nominal_none,128,37.0,31.666666666666668,36.572522522522526,39.60951701701701,0.8558558558558559,0.9884465546627709,1.0705274869464059,128,1.0,17.73629833333305,17.736938471595447,4.784778333333091,11.638463333330998,-13.102063313313314,-0.24856138311934398
t313_n6,FloorPlan313,bedroom,6,uniform_nominal_none,256,37.0,30.0,34.52001501501502,37.51426926926927,0.8108108108108109,0.9329733787841896,1.01389916943971,256,1.0,35.86074633333336,35.861500849326454,9.516841333332712,23.313434666663174,-15.19731106106106,-0.2883106703654738
t313_n6,FloorPlan313,bedroom,6,uniform_risk_none,32,37.0,34.333333333333336,39.70473973973974,42.94315065065065,0.9279279279279279,1.07310107404702,1.1606256932608283,32,1.0,4.253606000000095,4.2541055008769035,1.201063333332364,2.793199333332552,-9.768429679679679,-0.18531847496249146
t313_n6,FloorPlan313,bedroom,6,uniform_risk_none,64,37.0,32.333333333333336,37.63553053053053,40.83689564564564,0.8738738738738739,1.0171765008251494,1.103699882314747,64,1.0,8.64435900000012,8.644875759879747,2.3852349999996156,5.683749666666553,-11.874684684684686,-0.2252765826838998
t313_n6,FloorPlan313,bedroom,6,uniform_risk_none,128,37.0,31.666666666666668,37.08752752752753,40.36382257257257,0.8558558558558559,1.0023656088520954,1.0909141235830424,128,1.0,17.648695000000103,17.649267179270584,4.766353333334787,11.566169000002033,-12.347757757757757,-0.23425132922172773
t313_n6,FloorPlan313,bedroom,6,uniform_risk_none,256,37.0,30.0,34.45817317317318,37.402657657657656,0.8108108108108109,0.9313019776533291,1.010882639396153,256,1.0,35.78112166666673,35.78180385132631,9.502966333338728,23.416100666667106,-15.308922672672672,-0.290428072479244
t313_n6,FloorPlan313,bedroom,6,uniform_random,32,37.0,35.666666666666664,39.99447447447447,43.02224224224224,0.963963963963964,1.0809317425533642,1.162763303844385,32,1.0,4.245380000000114,4.245804933210214,1.18958933333424,2.7878736666675508,-9.689338088088087,-0.18381801546012133
t313_n6,FloorPlan313,bedroom,6,uniform_random,64,37.0,35.666666666666664,39.628718718718716,42.24745995995996,0.963963963963964,1.0710464518572627,1.1418232421610799,64,1.0,8.624235333333155,8.624662645161152,2.3737500000011735,5.6571513333345536,-10.464120370370368,-0.19851653668500047
t313_n6,FloorPlan313,bedroom,6,uniform_random,128,37.0,30.666666666666668,34.64281781781782,37.39876126126126,0.8288288288288288,0.9362923734545356,1.0107773313854393,128,1.0,17.394038666666667,17.394556663930416,4.7457793333363085,11.403284000001198,-15.31281906906907,-0.29050199165169116
t313_n6,FloorPlan313,bedroom,6,uniform_random,256,37.0,29.666666666666668,33.988803803803805,36.84440065065065,0.8018018018018018,0.9186163190217245,0.9957946121797473,256,1.0,35.26532933333352,35.26594458768765,9.504646333337696,23.214989666666835,-15.86717967967968,-0.3010188573411008
t314_n4,FloorPlan314,bedroom,4,llm_nominal_none,32,25.0,24.333333333333332,28.39648148148148,30.83111111111111,0.9733333333333334,1.1358592592592591,1.2332444444444444,32,1.0,3.382748666666361,3.383463559051355,0.9155610000002312,2.2144713333339303,-0.4155555555555554,-0.013299196358722712
t314_n4,FloorPlan314,bedroom,4,llm_nominal_none,64,25.0,23.666666666666668,27.95740740740741,30.415555555555557,0.9466666666666667,1.1182962962962963,1.2166222222222223,64,1.0,7.228580333333253,7.229319773614407,1.899624999998295,4.728980999999817,-0.8311111111111108,-0.026598392717445424
t314_n4,FloorPlan314,bedroom,4,llm_nominal_none,128,25.0,23.0,27.518333333333334,30.0,0.92,1.1007333333333333,1.2,128,1.0,14.522928999999666,14.5237036049366,3.7511246666666054,9.346905666664185,-1.2466666666666661,-0.03989758907616814
t314_n4,FloorPlan314,bedroom,4,llm_nominal_none,256,25.0,23.0,27.518333333333334,30.0,0.92,1.1007333333333333,1.2,256,1.0,30.07615133333334,30.08124977350235,7.452903000003748,18.859909999998276,-1.2466666666666661,-0.03989758907616814
t314_n4,FloorPlan314,bedroom,4,llm_risk_none,32,25.0,24.333333333333332,28.39648148148148,30.83111111111111,0.9733333333333334,1.1358592592592591,1.2332444444444444,32,1.0,3.370137333333467,3.370512587328752,0.9159306666672862,2.199614333332415,-0.4155555555555554,-0.013299196358722712
t314_n4,FloorPlan314,bedroom,4,llm_risk_none,64,25.0,23.666666666666668,27.95740740740741,30.415555555555557,0.9466666666666667,1.1182962962962963,1.2166222222222223,64,1.0,6.778756999999895,6.779165317614873,1.8273066666661582,4.369441999999483,-0.8311111111111108,-0.026598392717445424
t314_n4,FloorPlan314,bedroom,4,llm_risk_none,128,25.0,23.0,27.518333333333334,30.0,0.92,1.1007333333333333,1.2,128,1.0,14.058756999999922,14.061943007012209,3.6686979999987677,8.997280666665533,-1.2466666666666661,-0.03989758907616814
t314_n4,FloorPlan314,bedroom,4,llm_risk_none,256,25.0,23.0,27.518333333333334,30.0,0.92,1.1007333333333333,1.2,256,1.0,29.49084633333321,29.49410987397035,7.369109666666596,18.52505033333311,-1.2466666666666661,-0.03989758907616814
t314_n4,FloorPlan314,bedroom,4,llm_risk_nominal,32,25.0,24.333333333333332,28.39648148148148,30.83111111111111,0.9733333333333334,1.1358592592592591,1.2332444444444444,20,0.625,2.973367666666782,2.977261319756508,0.5767359999993005,2.1655059999986883,-0.4155555555555554,-0.013299196358722712
t314_n4,FloorPlan314,bedroom,4,llm_risk_nominal,64,25.0,23.666666666666668,27.95740740740741,30.415555555555557,0.9466666666666667,1.1182962962962963,1.2166222222222223,30.666666666666668,0.4791666666666667,5.680228666666842,5.684136413037777,0.8827196666662355,4.28383399999858,-0.8311111111111108,-0.026598392717445424
t314_n4,FloorPlan314,bedroom,4,llm_risk_nominal,128,25.0,23.0,27.518333333333334,30.0,0.92,1.1007333333333333,1.2,38.666666666666664,0.3020833333333333,11.044199666666957,11.048144040008387,1.1234543333330886,8.736131666662613,-1.2466666666666661,-0.03989758907616814
t314_n4,FloorPlan314,bedroom,4,llm_risk_nominal,256,25.0,23.0,27.518333333333334,30.0,0.92,1.1007333333333333,1.2,43.333333333333336,0.16927083333333334,21.805766666666965,21.812887241442997,1.2615933333330887,17.49679333333069,-1.2466666666666661,-0.03989758907616814
t314_n4,FloorPlan314,bedroom,4,llm_risk_critical,32,25.0,24.333333333333332,28.39648148148148,30.83111111111111,0.9733333333333334,1.1358592592592591,1.2332444444444444,17.666666666666668,0.5520833333333334,2.9753296666662856,2.975862783690294,0.5002730000012908,2.177398333330416,-0.4155555555555554,-0.013299196358722712
t314_n4,FloorPlan314,bedroom,4,llm_risk_critical,64,25.0,23.666666666666668,27.95740740740741,30.415555555555557,0.9466666666666667,1.1182962962962963,1.2166222222222223,26.333333333333332,0.4114583333333333,5.710536333332961,5.711096338927746,0.7466813333344055,4.308043333331272,-0.8311111111111108,-0.026598392717445424
t314_n4,FloorPlan314,bedroom,4,llm_risk_critical,128,25.0,23.0,27.518333333333334,30.0,0.92,1.1007333333333333,1.2,32.333333333333336,0.2526041666666667,11.157456333333352,11.158033274114132,0.9251973333335902,8.749416666663437,-1.2466666666666661,-0.03989758907616814
t314_n4,FloorPlan314,bedroom,4,llm_risk_critical,256,25.0,23.0,27.518333333333334,30.0,0.92,1.1007333333333333,1.2,36,0.140625,22.376217333333354,22.376832241813343,1.0329170000004477,17.650416333331087,-1.2466666666666661,-0.03989758907616814
t314_n4,FloorPlan314,bedroom,4,uniform_nominal_none,32,25.0,27.0,30.32074074074074,32.71611111111111,1.08,1.2128296296296295,1.3086444444444445,32,1.0,3.5402826666667644,3.540987769762675,0.9633396666668403,2.316138666665246,1.469444444444446,0.04702723846099147
t314_n4,FloorPlan314,bedroom,4,uniform_nominal_none,64,25.0,23.0,27.462962962962965,29.962222222222223,0.92,1.0985185185185184,1.198488888888889,64,1.0,7.097582333333463,7.098304418226083,1.9153736666671268,4.5875353333313384,-1.2844444444444438,-0.04110660692696111
t314_n4,FloorPlan314,bedroom,4,uniform_nominal_none,128,25.0,23.0,27.462962962962965,29.962222222222223,0.92,1.0985185185185184,1.198488888888889,128,1.0,14.616554666666856,14.623674564063549,3.8317436666662394,9.39651333332936,-1.2844444444444438,-0.04110660692696111
t314_n4,FloorPlan314,bedroom,4,uniform_nominal_none,256,25.0,23.0,27.462962962962965,29.962222222222223,0.92,1.0985185185185184,1.198488888888889,256,1.0,30.110803000000057,30.119795973102253,7.537361333331087,18.880680333332123,-1.2844444444444438,-0.04110660692696111
t314_n4,FloorPlan314,bedroom,4,uniform_risk_none,32,25.0,27.666666666666668,30.69037037037037,33.00611111111111,1.1066666666666667,1.2276148148148147,1.3202444444444446,32,1.0,3.401596000000081,3.402083180844784,0.9317080000007157,2.2146599999996277,1.7594444444444466,0.056308228433255225
t314_n4,FloorPlan314,bedroom,4,uniform_risk_none,64,25.0,24.666666666666668,28.73203703703704,31.225833333333334,0.9866666666666667,1.1492814814814813,1.2490333333333334,64,1.0,6.84861200000005,6.849123475452264,1.8613050000008495,4.406837333335171,-0.02083333333333215,-0.0006667377853637468
t314_n4,FloorPlan314,bedroom,4,uniform_risk_none,128,25.0,23.0,27.55037037037037,30.075555555555557,0.92,1.1020148148148148,1.2030222222222222,128,1.0,14.177589333333351,14.178154990077019,3.740395000001525,9.071013333332267,-1.1711111111111105,-0.0374795533745822
t314_n4,FloorPlan314,bedroom,4,uniform_risk_none,256,25.0,23.0,27.505925925925926,30.031111111111112,0.92,1.100237037037037,1.2012444444444446,256,1.0,29.529629000000075,29.53029206643502,7.455029000001723,18.68267299999952,-1.2155555555555548,-0.038901927316691544
t314_n4,FloorPlan314,bedroom,4,uniform_random,32,25.0,27.666666666666668,30.631851851851852,32.90537037037037,1.1066666666666667,1.225274074074074,1.316214814814815,32,1.0,3.372814333333215,3.373263714214166,0.9272460000010104,2.2024753333322877,1.6587037037037053,0.05308418083114056
t314_n4,FloorPlan314,bedroom,4,uniform_random,64,25.0,27.0,30.045555555555556,32.28439814814815,1.08,1.2018222222222221,1.2913759259259259,64,1.0,6.745865333333138,6.7463355759779615,1.8467603333351217,4.370643999999757,1.037731481481482,0.033210949908731045
t314_n4,FloorPlan314,bedroom,4,uniform_random,128,25.0,23.0,27.395185185185188,29.955555555555556,0.92,1.0958074074074073,1.1982222222222223,128,1.0,13.729845999999787,13.736617130537828,3.6839376666657486,8.948556333330396,-1.2911111111111104,-0.041319963018277485
t314_n4,FloorPlan314,bedroom,4,uniform_random,256,25.0,23.0,27.36314814814815,29.88,0.92,1.094525925925926,1.1952,256,1.0,35.55500366666653,35.561914555728436,7.34768033332885,25.965394333330376,-1.366666666666666,-0.043737998719863426
t314_n6,FloorPlan314,bedroom,6,llm_nominal_none,32,43.0,44.0,49.05823428079242,52.564226959517654,1.0232558139534884,1.140889169320754,1.2224238827794804,32,1.0,4.248265666666621,4.248834835986297,1.1909656666653963,2.7930319999981044,-8.167478466838935,-0.13448458938375832
t314_n6,FloorPlan314,bedroom,6,llm_nominal_none,64,43.0,40.0,46.45221360895779,50.426622523686476,0.9302325581395349,1.080284037417623,1.172712151713639,64,1.0,8.767643999999741,8.768249613543352,2.375390999999875,5.809293999997263,-10.305082902670113,-0.1696820932382029
t314_n6,FloorPlan314,bedroom,6,llm_nominal_none,128,43.0,39.333333333333336,45.153066322136084,49.00595068906116,0.9147286821705426,1.0500713098171184,1.1396732718386315,128,1.0,17.750224333333325,17.750887510677178,4.762233999998126,11.66049966666686,-11.725754737295434,-0.19307468240808934
t314_n6,FloorPlan314,bedroom,6,llm_nominal_none,256,43.0,39.333333333333336,44.65493109388458,48.39797911283377,0.9147286821705426,1.038486769625223,1.1255343979728782,256,1.0,36.37635099999977,36.37710306793451,9.506251333328683,23.584743666665926,-12.333726313522826,-0.20308545967770872
t314_n6,FloorPlan314,bedroom,6,llm_risk_none,32,43.0,43.333333333333336,48.578583118001724,52.15601421188631,1.0077519379844961,1.129734491116319,1.2129305630671234,32,1.0,4.438613000000184,4.439030463496844,1.1894093333326694,2.9807103333319893,-8.575691214470284,-0.14120616495562088
t314_n6,FloorPlan314,bedroom,6,llm_risk_none,64,43.0,40.0,45.73836778639104,49.70879521963824,0.9302325581395349,1.0636829717765357,1.156018493479959,64,1.0,8.718006666666925,8.718422303597132,2.367461666665053,5.767363999998665,-11.02291020671835,-0.18150173997805408
t314_n6,FloorPlan314,bedroom,6,llm_risk_none,128,43.0,39.0,44.6276270456503,48.44918604651163,0.9069767441860465,1.0378517917593093,1.1267252568956192,128,1.0,17.66314899999995,17.663628173371155,4.757697666664266,11.584815333332147,-12.282519379844963,-0.20224229327363077
t314_n6,FloorPlan314,bedroom,6,llm_risk_none,256,43.0,38.666666666666664,44.198733850129194,48.000217484926786,0.8992248062015503,1.0278775313983535,1.116284127556437,256,1.0,44.176725666666826,44.17739653338989,9.563461666660148,31.470292666663013,-12.731487941429803,-0.20963494853389278
t314_n6,FloorPlan314,bedroom,6,llm_risk_nominal,32,43.0,43.333333333333336,48.578583118001724,52.15601421188631,1.0077519379844961,1.129734491116319,1.2129305630671234,24.333333333333332,0.7604166666666666,3.9559863333336054,3.956383094191551,0.9050870000001746,2.798294666667367,-8.575691214470284,-0.14120616495562088
t314_n6,FloorPlan314,bedroom,6,llm_risk_nominal,64,43.0,40.0,45.73836778639104,49.70879521963824,0.9302325581395349,1.0636829717765357,1.156018493479959,39.333333333333336,0.6145833333333334,7.685472666666786,7.685935124754906,1.4742086666673277,5.677556666664844,-11.02291020671835,-0.18150173997805408
t314_n6,FloorPlan314,bedroom,6,llm_risk_nominal,128,43.0,39.0,44.6276270456503,48.44918604651163,0.9069767441860465,1.0378517917593093,1.1267252568956192,57.333333333333336,0.4479166666666667,14.757843000000234,14.775212854146957,2.1695433333338934,11.42850966666753,-12.282519379844963,-0.20224229327363077
t314_n6,FloorPlan314,bedroom,6,llm_risk_nominal,256,43.0,38.666666666666664,44.198733850129194,48.000217484926786,0.8992248062015503,1.0278775313983535,1.116284127556437,84.33333333333333,0.3294270833333333,37.37062100000029,37.38813754171133,3.2091093333344034,31.449553999999935,-12.731487941429803,-0.20963494853389278
t314_n6,FloorPlan314,bedroom,6,llm_risk_critical,32,43.0,43.333333333333336,48.578583118001724,52.15601421188631,1.0077519379844961,1.129734491116319,1.2129305630671234,21,0.65625,3.944117999999719,3.9446173856655755,0.7881736666665399,2.8254003333323396,-8.575691214470284,-0.14120616495562088
t314_n6,FloorPlan314,bedroom,6,llm_risk_critical,64,43.0,40.0,45.73836778639104,49.70879521963824,0.9302325581395349,1.0636829717765357,1.156018493479959,32.333333333333336,0.5052083333333334,7.7005706666666285,7.701069737474124,1.2187063333334673,5.788793333331969,-11.02291020671835,-0.18150173997805408
t314_n6,FloorPlan314,bedroom,6,llm_risk_critical,128,43.0,39.0,44.6276270456503,48.44918604651163,0.9069767441860465,1.0378517917593093,1.1267252568956192,48.333333333333336,0.3776041666666667,14.986444999999904,14.987023547291756,1.8359330000012146,11.655727999995888,-12.282519379844963,-0.20224229327363077
t314_n6,FloorPlan314,bedroom,6,llm_risk_critical,256,43.0,38.666666666666664,44.198733850129194,48.000217484926786,0.8992248062015503,1.0278775313983535,1.116284127556437,66.66666666666667,0.2604166666666667,28.985519666666626,28.986178028086822,2.535408666666091,23.103946333326835,-12.731487941429803,-0.20963494853389278
t314_n6,FloorPlan314,bedroom,6,uniform_nominal_none,32,43.0,43.0,48.53913436692506,52.32771210163652,1.0,1.1288170783005829,1.216923537247361,32,1.0,4.339825666666464,4.340247251093388,1.196419333333587,2.8870793333328018,-8.403993324720071,-0.1383790108596699
t314_n6,FloorPlan314,bedroom,6,uniform_nominal_none,64,43.0,42.0,46.46529285099052,49.911251076658054,0.9767441860465116,1.080588205836989,1.160726769224606,64,1.0,8.785787999999961,8.790616877377033,2.3777663333325685,5.81089600000162,-10.820454349698537,-0.17816812937715779
t314_n6,FloorPlan314,bedroom,6,uniform_nominal_none,128,43.0,40.0,44.95674849267872,48.461070198105084,0.9302325581395349,1.0455057788995052,1.1270016325140717,128,1.0,17.81295933333323,17.817826010286808,4.763475999999341,11.669799999999064,-12.270635228251509,-0.20204661045013647
t314_n6,FloorPlan314,bedroom,6,uniform_nominal_none,256,43.0,40.0,44.95674849267872,48.461070198105084,0.9302325581395349,1.0455057788995052,1.1270016325140717,256,1.0,36.46260166666663,36.46758757531643,9.52828166666316,23.568747999999456,-12.270635228251509,-0.20204661045013647
t314_n6,FloorPlan314,bedroom,6,uniform_risk_none,32,43.0,43.666666666666664,49.044022394487506,52.642607665805336,1.0155038759689923,1.1405586603369189,1.2242466899024498,32,1.0,4.253568666666337,4.253949349125226,1.192732666664161,2.803103666666177,-8.089097760551253,-0.13319398333643226
t314_n6,FloorPlan314,bedroom,6,uniform_risk_none,64,43.0,37.666666666666664,43.41765288544358,47.289461670973296,0.875968992248062,1.0097128578010135,1.0997549225807743,64,1.0,8.661220333333238,8.661629321674505,2.3742146666645425,5.7122350000019155,-13.442243755383295,-0.2213381570798039
t314_n6,FloorPlan314,bedroom,6,uniform_risk_none,128,43.0,36.666666666666664,43.17327304048234,47.0708085701981,0.8527131782945736,1.0040296055926126,1.0946699667487931,128,1.0,17.614054666666473,17.614514256517094,4.756514333328354,11.545570666667912,-13.660896856158487,-0.22493846929300745
t314_n6,FloorPlan314,bedroom,6,uniform_risk_none,256,43.0,36.0,42.12549526270457,45.834496124031006,0.8372093023255814,0.9796626805280131,1.065918514512349,256,1.0,35.874270333333236,35.87480510274569,9.511377999996165,23.4274956666658,-14.897209302325583,-0.24529542185160555
t314_n6,FloorPlan314,bedroom,6,uniform_random,32,43.0,43.0,50.54863049095607,55.08105835486649,1.0,1.1755495463013041,1.2809548454620114,32,1.0,4.255237666666763,4.25564032047987,1.1931633333327103,2.794266000000434,-5.650647071490096,-0.09304278600149118
t314_n6,FloorPlan314,bedroom,6,uniform_random,64,43.0,43.666666666666664,50.283436692506456,54.41075150732127,1.0155038759689923,1.169382248662941,1.2653663141237506,64,1.0,8.673699000000035,8.674134500324726,2.3727850000024495,5.70555233333329,-6.320953919035316,-0.1040799673689408
t314_n6,FloorPlan314,bedroom,6,uniform_random,128,43.0,42.666666666666664,48.68965977605512,52.44986111111111,0.9922480620155039,1.1323176692105843,1.2197642118863048,128,1.0,17.537542000000055,17.538029700517654,4.742431666668286,11.547986333331947,-8.28184431524548,-0.13636772188602653
t314_n6,FloorPlan314,bedroom,6,uniform_random,256,43.0,42.333333333333336,47.35915590008613,50.94787683031869,0.9844961240310078,1.1013757186066542,1.1848343448911323,256,1.0,35.239292666667,35.23987873146931,9.470433000001202,23.229767999997247,-9.783828596037898,-0.16109919073327839
t315_n4,FloorPlan315,bedroom,4,llm_nominal_none,32,41.0,36.333333333333336,40.901540198735326,43.93699751580849,0.8861788617886179,0.9975985414325689,1.0716340857514266,32,1.0,3.360447666666507,3.361014649271965,0.9091793333348974,2.200566666667273,-6.852721318879854,-0.13492339544513454
t315_n4,FloorPlan315,bedroom,4,llm_nominal_none,64,41.0,36.333333333333336,40.86504516711834,43.82547990063234,0.8861788617886179,0.9967084187102033,1.0689141439178618,64,1.0,6.801826666666659,6.802398711442947,1.818945000003384,4.391347666666452,-6.964238934056006,-0.13711906846193392
t315_n4,FloorPlan315,bedroom,4,llm_nominal_none,128,41.0,36.0,40.82936314363143,43.88297764227642,0.8780487804878049,0.9958381254544252,1.0703165278604005,128,1.0,14.164347999999846,14.16497149815162,3.6477689999996343,8.986601999997568,-6.906741192411924,-0.13598699403893452
t315_n4,FloorPlan315,bedroom,4,llm_nominal_none,256,41.0,35.333333333333336,40.41210478771454,43.555871725383916,0.8617886178861789,0.9856610923832815,1.0623383347654614,256,1.0,29.46907899999977,29.46980980535348,7.333602666664755,18.486216666663502,-7.233847109304428,-0.14242739033167984
t315_n4,FloorPlan315,bedroom,4,llm_risk_none,32,41.0,36.666666666666664,40.900727190605245,43.767982158988254,0.8943089430894309,0.9975787119659815,1.0675117599753232,32,1.0,3.3409766666669207,3.3413581550121307,0.9066806666636987,2.1777856666670794,-7.021736675700088,-0.13825114288493334
t315_n4,FloorPlan315,bedroom,4,llm_risk_none,64,41.0,36.333333333333336,40.86504516711834,43.82547990063234,0.8861788617886179,0.9967084187102033,1.0689141439178618,64,1.0,6.721348333333488,6.7217545583844185,1.8102489999967848,4.329186999999439,-6.964238934056006,-0.13711906846193392
t315_n4,FloorPlan315,bedroom,4,llm_risk_none,128,41.0,36.333333333333336,40.86504516711834,43.82547990063234,0.8861788617886179,0.9967084187102033,1.0689141439178618,128,1.0,14.046164333333463,14.046615920960903,3.6381343333313034,8.914027666668526,-6.964238934056006,-0.13711906846193392
t315_n4,FloorPlan315,bedroom,4,llm_risk_none,256,41.0,35.666666666666664,40.447786811201446,43.49837398373983,0.8699186991869918,0.9865313856390596,1.0609359508229228,256,1.0,29.081354666666687,29.08189781010151,7.306969666662629,18.191919000001572,-7.2913448509485095,-0.14355946475467926
t315_n4,FloorPlan315,bedroom,4,llm_risk_nominal,32,41.0,36.666666666666664,40.900727190605245,43.767982158988254,0.8943089430894309,0.9975787119659815,1.0675117599753232,15,0.46875,2.7956760000001544,2.796092381079992,0.4350666666660767,2.138880333333759,-7.021736675700088,-0.13825114288493334
t315_n4,FloorPlan315,bedroom,4,llm_risk_nominal,64,41.0,36.333333333333336,40.86504516711834,43.82547990063234,0.8861788617886179,0.9967084187102033,1.0689141439178618,29.333333333333332,0.4583333333333333,5.6248493333338105,5.625283966461818,0.8492976666657862,4.264198666665979,-6.964238934056006,-0.13711906846193392
t315_n4,FloorPlan315,bedroom,4,llm_risk_nominal,128,41.0,36.333333333333336,40.86504516711834,43.82547990063234,0.8861788617886179,0.9967084187102033,1.0689141439178618,44,0.34375,11.344983666666883,11.3454336921374,1.2837799999990314,8.752483333330416,-6.964238934056006,-0.13711906846193392
t315_n4,FloorPlan315,bedroom,4,llm_risk_nominal,256,41.0,35.666666666666664,40.447786811201446,43.49837398373983,0.8699186991869918,0.9865313856390596,1.0609359508229228,66.33333333333333,0.2591145833333333,23.32559000000008,23.326123754183453,1.9554943333324932,18.188905000000883,-7.2913448509485095,-0.14355946475467926
t315_n4,FloorPlan315,bedroom,4,llm_risk_critical,32,41.0,36.666666666666664,40.900727190605245,43.767982158988254,0.8943089430894309,0.9975787119659815,1.0675117599753232,13.666666666666666,0.4270833333333333,2.8612806666667248,2.8617397571603456,0.3947973333321049,2.1693043333336584,-7.021736675700088,-0.13825114288493334
t315_n4,FloorPlan315,bedroom,4,llm_risk_critical,64,41.0,36.333333333333336,40.86504516711834,43.82547990063234,0.8861788617886179,0.9967084187102033,1.0689141439178618,24.666666666666668,0.3854166666666667,5.6629749999999035,5.663468192021052,0.7096029999985968,4.289288999999623,-6.964238934056006,-0.13711906846193392
t315_n4,FloorPlan315,bedroom,4,llm_risk_critical,128,41.0,36.333333333333336,40.86504516711834,43.82547990063234,0.8861788617886179,0.9967084187102033,1.0689141439178618,35,0.2734375,11.394540999999888,11.395059215525785,1.0142026666650021,8.766023333333095,-6.964238934056006,-0.13711906846193392
t315_n4,FloorPlan315,bedroom,4,llm_risk_critical,256,41.0,35.666666666666664,40.447786811201446,43.49837398373983,0.8699186991869918,0.9865313856390596,1.0609359508229228,50,0.1953125,30.462286666666987,30.464365147054195,1.459140999998591,25.23683333333822,-7.2913448509485095,-0.14355946475467926
t315_n4,FloorPlan315,bedroom,4,uniform_nominal_none,32,41.0,38.0,42.45520325203252,45.55046747967479,0.926829268292683,1.0354927622446957,1.1109870116993852,32,1.0,3.4055603333333906,3.405996598303318,0.9325093333322579,2.225311333331407,-5.239251355013548,-0.10315574638375917
t315_n4,FloorPlan315,bedroom,4,uniform_nominal_none,64,41.0,37.0,41.61276422764228,44.811443089430895,0.9024390243902439,1.0149454689668849,1.0929620265714852,64,1.0,6.79302900000008,6.793484712640445,1.8472566666657049,4.381079333331132,-5.978275745257451,-0.11770641544041012
t315_n4,FloorPlan315,bedroom,4,uniform_nominal_none,128,41.0,37.0,41.61276422764228,44.811443089430895,0.9024390243902439,1.0149454689668849,1.0929620265714852,128,1.0,14.057938333333611,14.058456135292849,3.6985773333328233,8.97853133333045,-5.978275745257451,-0.11770641544041012
t315_n4,FloorPlan315,bedroom,4,uniform_nominal_none,256,41.0,36.0,40.48346883468835,43.440876242095754,0.8780487804878049,0.9874016788948378,1.059533566880384,256,1.0,28.983346000000115,28.98394751052062,7.384586666667599,18.365274666664117,-7.348842592592592,-0.14469153917767866
t315_n4,FloorPlan315,bedroom,4,uniform_risk_none,32,41.0,38.0,42.45520325203252,45.55046747967479,0.926829268292683,1.0354927622446957,1.1109870116993852,32,1.0,3.379057000000074,3.3794852594534555,0.926490666667649,2.1987653333320387,-5.239251355013548,-0.10315574638375917
t315_n4,FloorPlan315,bedroom,4,uniform_risk_none,64,41.0,37.666666666666664,42.181147244805786,45.30565718157182,0.9186991869918699,1.0288084693855069,1.1050160288188247,64,1.0,6.799155666666816,6.799617782235146,1.8492970000008786,4.362303666665568,-5.484061653116529,-0.10797582225186537
t315_n4,FloorPlan315,bedroom,4,uniform_risk_none,128,41.0,37.666666666666664,42.181147244805786,45.30565718157182,0.9186991869918699,1.0288084693855069,1.1050160288188247,128,1.0,14.126888000000134,14.127366555233797,3.702867000001812,8.961254333332983,-5.484061653116529,-0.10797582225186537
t315_n4,FloorPlan315,bedroom,4,uniform_risk_none,256,41.0,35.333333333333336,40.41210478771454,43.555871725383916,0.8617886178861789,0.9856610923832815,1.0623383347654614,256,1.0,28.95938633333343,28.959973715245724,7.376497666666519,18.39847966666734,-7.233847109304428,-0.14242739033167984
t315_n4,FloorPlan315,bedroom,4,uniform_random,32,41.0,38.0,42.957366757000905,46.184138437217705,0.926829268292683,1.0477406526097781,1.126442400907749,32,1.0,3.360132333333432,3.3604993174473443,0.9169070000008736,2.195789666667262,-4.605580397470637,-0.0906793836063751
t315_n4,FloorPlan315,bedroom,4,uniform_random,64,41.0,35.0,40.2423667570009,43.47750677506775,0.8536585365853658,0.9815211404146562,1.0604269945138476,64,1.0,6.691548666666769,6.694305998583634,1.8254236666678618,4.3334633333331025,-7.312212059620592,-0.14397031972987615
t315_n4,FloorPlan315,bedroom,4,uniform_random,128,41.0,35.0,40.2423667570009,43.47750677506775,0.8536585365853658,0.9815211404146562,1.0604269945138476,128,1.0,13.650640000000122,13.653440090517202,3.656330999999587,8.894525000000838,-7.312212059620592,-0.14397031972987615
t315_n4,FloorPlan315,bedroom,4,uniform_random,256,41.0,35.0,40.2423667570009,43.47750677506775,0.8536585365853658,0.9815211404146562,1.0604269945138476,256,1.0,27.80376500000011,27.806657056013744,7.319634333332085,18.231686333334867,-7.312212059620592,-0.14397031972987615
t315_n6,FloorPlan315,bedroom,6,llm_nominal_none,32,57.0,55.333333333333336,62.83689083820663,67.98307992202729,0.9707602339181286,1.1024015936527478,1.1926856126671455,32,1.0,4.309257333333131,4.3098172172904015,1.1957569999990387,2.84744733333131,-1.8873026315789427,-0.027011482728478826
t315_n6,FloorPlan315,bedroom,6,llm_nominal_none,64,57.0,52.333333333333336,60.52503898635478,65.51316601689409,0.9181286549707602,1.0618427892342943,1.1493537897700716,64,1.0,8.762598333333335,8.763190979758898,2.381479666666723,5.770996666664215,-4.357216536712149,-0.062361423788816185
t315_n6,FloorPlan315,bedroom,6,llm_nominal_none,128,57.0,51.333333333333336,58.47095841455491,63.199294996751135,0.9005847953216374,1.0258062879746475,1.108759561346511,128,1.0,17.787430666666992,17.788053800662357,4.7726710000022265,11.611499666661787,-6.671087556855102,-0.09547804538978848
t315_n6,FloorPlan315,bedroom,6,llm_nominal_none,256,57.0,50.666666666666664,57.565864197530864,62.226842917478876,0.8888888888888888,1.009927442061945,1.091698998552261,256,1.0,36.48110700000018,36.48186195641756,9.543513333335104,23.699891333333056,-7.6435396361273575,-0.10939598949902773
t315_n6,FloorPlan315,bedroom,6,llm_risk_none,32,57.0,55.333333333333336,62.70429174788824,67.72459957764782,0.9707602339181286,1.1000752938226006,1.1881508697832952,32,1.0,4.347098666666642,4.347609045604865,1.1912686666658938,2.895665333332076,-2.1457829759584115,-0.03071090922268982
t315_n6,FloorPlan315,bedroom,6,llm_risk_none,64,57.0,52.333333333333336,60.4385542560104,65.39857862248213,0.9181286549707602,1.0603255132633402,1.1473434846049497,64,1.0,8.71475400000025,8.715278779466948,2.375682666664917,5.730282999998633,-4.4718039311241045,-0.06400142331685717
t315_n6,FloorPlan315,bedroom,6,llm_risk_none,128,57.0,51.333333333333336,58.211624431448996,62.87278508771929,0.9005847953216374,1.0212565689727895,1.1030313173284088,128,1.0,17.695632999999766,17.696211735407513,4.762410666666976,11.611358999998878,-6.997597465886943,-0.10015112570076763
t315_n6,FloorPlan315,bedroom,6,llm_risk_none,256,57.0,50.333333333333336,56.97436322287199,61.60835363872644,0.8830409356725146,0.9995502319802104,1.080848309451341,256,1.0,35.69631733333326,35.696967194477715,9.554844666667192,23.297213333332678,-8.262028914879794,-0.1182479415872808
t315_n6,FloorPlan315,bedroom,6,llm_risk_nominal,32,57.0,55.333333333333336,62.70429174788824,67.72459957764782,0.9707602339181286,1.1000752938226006,1.1881508697832952,18,0.5625,3.702586666666896,3.7033269181847572,0.6777419999994075,2.786294999997866,-2.1457829759584115,-0.03071090922268982
t315_n6,FloorPlan315,bedroom,6,llm_risk_nominal,64,57.0,52.333333333333336,60.4385542560104,65.39857862248213,0.9181286549707602,1.0603255132633402,1.1473434846049497,30,0.46875,7.40307633333348,7.403822926183541,1.1393603333316922,5.711356666666667,-4.4718039311241045,-0.06400142331685717
t315_n6,FloorPlan315,bedroom,6,llm_risk_nominal,128,57.0,51.333333333333336,58.211624431448996,62.87278508771929,0.9005847953216374,1.0212565689727895,1.1030313173284088,51.666666666666664,0.4036458333333333,21.982813333333517,21.983638405799866,1.9729213333302316,18.823719666667255,-6.997597465886943,-0.10015112570076763
t315_n6,FloorPlan315,bedroom,6,llm_risk_nominal,256,57.0,50.333333333333336,56.97436322287199,61.60835363872644,0.8830409356725146,0.9995502319802104,1.080848309451341,86.33333333333333,0.3372395833333333,44.506462999999975,44.51059767355522,3.3042043333297855,38.693324666667785,-8.262028914879794,-0.1182479415872808
t315_n6,FloorPlan315,bedroom,6,llm_risk_critical,32,57.0,55.333333333333336,62.70429174788824,67.72459957764782,0.9707602339181286,1.1000752938226006,1.1881508697832952,17,0.53125,3.753203333333547,3.753675458331903,0.6342386666660834,2.8115276666665543,-2.1457829759584115,-0.03071090922268982
t315_n6,FloorPlan315,bedroom,6,llm_risk_critical,64,57.0,52.333333333333336,60.4385542560104,65.39857862248213,0.9181286549707602,1.0603255132633402,1.1473434846049497,24.666666666666668,0.3854166666666667,7.3170766666666625,7.317561035354932,0.923568333332625,5.706474000000128,-4.4718039311241045,-0.06400142331685717
t315_n6,FloorPlan315,bedroom,6,llm_risk_critical,128,57.0,51.333333333333336,58.211624431448996,62.87278508771929,0.9005847953216374,1.0212565689727895,1.1030313173284088,42.666666666666664,0.3333333333333333,14.508010666666848,14.508545709153017,1.6113693333338712,11.428672999996317,-6.997597465886943,-0.10015112570076763
t315_n6,FloorPlan315,bedroom,6,llm_risk_critical,256,57.0,50.333333333333336,56.97436322287199,61.60835363872644,0.8830409356725146,0.9995502319802104,1.080848309451341,71.66666666666667,0.2799479166666667,28.490918000000143,28.49155819664399,2.7132163333355073,22.704667666660683,-8.262028914879794,-0.1182479415872808
t315_n6,FloorPlan315,bedroom,6,uniform_nominal_none,32,57.0,58.0,65.23314165042235,70.24763564002599,1.0175438596491229,1.144441081586357,1.232414660351333,32,1.0,4.298357666666419,4.298809294899304,1.18664866666555,2.8604206666660303,0.3772530864197563,0.0053993276211178705
t315_n6,FloorPlan315,bedroom,6,uniform_nominal_none,64,57.0,52.333333333333336,60.125038986354774,65.16001218323586,0.9181286549707602,1.0548252453746452,1.1431581084778222,64,1.0,8.653948333333142,8.654412813484669,2.365427999999762,5.729716333332154,-4.710370370370367,-0.0674158377014246
t315_n6,FloorPlan315,bedroom,6,uniform_nominal_none,128,57.0,49.666666666666664,57.21203053931124,62.062055717998696,0.8713450292397661,1.0037198340230042,1.0888079950526088,128,1.0,17.71918699999997,17.719709624846775,4.761932333331664,11.68314699999821,-7.808326835607535,-0.11175445947525475
t315_n6,FloorPlan315,bedroom,6,uniform_nominal_none,256,57.0,49.666666666666664,56.71767056530214,61.286064814814814,0.8713450292397661,0.9950468520228447,1.0751941195581547,256,1.0,36.374764666666636,36.37538508822521,9.573785000000909,23.704628999999144,-8.584317738791421,-0.12286060881669462
t315_n6,FloorPlan315,bedroom,6,uniform_risk_none,32,57.0,58.333333333333336,65.34458739441196,70.17658219623132,1.023391812865497,1.1463962700774029,1.2311681087058126,32,1.0,4.302867999999904,4.303377121686935,1.1956929999996646,2.8449553333329547,0.30619964262508387,0.00438239539321487
t315_n6,FloorPlan315,bedroom,6,uniform_risk_none,64,57.0,54.333333333333336,61.05114684860299,65.71562865497077,0.9532163742690059,1.071072751729877,1.1529057658766801,64,1.0,8.812398333332952,8.81293478111426,2.3927356666672375,5.825311333332195,-4.1547538986354695,-0.05946373480133508
t315_n6,FloorPlan315,bedroom,6,uniform_risk_none,128,57.0,53.333333333333336,59.97433073424301,64.52865740740741,0.935672514619883,1.0521812409516318,1.1320817089018844,128,1.0,17.955694333333067,17.956299086411793,4.783938666667116,11.850356333331055,-5.341725146198828,-0.07645192356146795
t315_n6,FloorPlan315,bedroom,6,uniform_risk_none,256,57.0,53.333333333333336,59.97433073424301,64.52865740740741,0.935672514619883,1.0521812409516318,1.1320817089018844,256,1.0,36.74774766666644,36.74846515059471,9.579141999999763,24.00211766666338,-5.341725146198828,-0.07645192356146795
t315_n6,FloorPlan315,bedroom,6,uniform_random,32,57.0,55.0,62.583758934372966,67.46313515269655,0.9649122807017544,1.0979606830591748,1.1835637746087115,32,1.0,4.231119666666672,4.231584879259269,1.1855943333308379,2.778234999999185,-2.4072474009096774,-0.034453044522302134
t315_n6,FloorPlan315,bedroom,6,uniform_random,64,57.0,54.0,61.29272579597141,66.11082521117609,0.9473684210526315,1.0753109788766915,1.159839038792563,64,1.0,8.64201299999993,8.642501508196196,2.3650879999976837,5.684113000000934,-3.759557342430147,-0.05380759636668264
t315_n6,FloorPlan315,bedroom,6,uniform_random,128,57.0,53.0,60.08653996101365,64.94500081221572,0.9298245614035088,1.0541498238774325,1.1393859791616794,128,1.0,17.456138000000305,17.456670602162678,4.744152333332845,11.469060333332651,-4.925381741390514,-0.07049312686404204
t315_n6,FloorPlan315,bedroom,6,uniform_random,256,57.0,51.666666666666664,58.57114684860299,63.138861273554255,0.9064327485380117,1.0275639798000524,1.1076993205886712,256,1.0,35.47626733333361,35.476927335063614,9.504069666667725,23.424447333335447,-6.7315212800519815,-0.09634298588371681
t315_n8,FloorPlan315,bedroom,8,llm_nominal_none,32,68.0,68.0,79.02689542483661,86.33323529411766,1.0,1.1621602268358324,1.269606401384083,32,1.0,5.456474333333776,5.457162546614806,1.4767983333339174,3.6972783333337014,0.0,0.0
t315_n8,FloorPlan315,bedroom,8,llm_nominal_none,64,68.0,68.0,79.02689542483661,86.33323529411766,1.0,1.1621602268358324,1.269606401384083,64,1.0,10.818294333333553,10.818973494072756,2.9604573333340176,7.19590733333438,0.0,0.0
t315_n8,FloorPlan315,bedroom,8,llm_nominal_none,128,68.0,67.33333333333333,78.18128540305011,85.16339869281046,0.9901960784313726,1.1497247853389723,1.2524029219530948,128,1.0,22.036585999999875,22.037336913247902,5.9186303333325085,14.58185033333533,-1.1698366013072008,-0.01355024629068787
t315_n8,FloorPlan315,bedroom,8,llm_nominal_none,256,68.0,67.0,78.01842047930283,84.9557625272331,0.9852941176470589,1.1473297129309241,1.2493494489298986,256,1.0,53.30361200000026,53.3088023463885,11.776644000002593,38.244955666667,-1.3774727668845468,-0.0159553011327771
t315_n8,FloorPlan315,bedroom,8,llm_risk_none,32,68.0,68.0,79.02689542483661,86.33323529411766,1.0,1.1621602268358324,1.269606401384083,32,1.0,5.367115333333079,5.367722983161609,1.4820893333323444,3.6041479999999737,0.0,0.0
t315_n8,FloorPlan315,bedroom,8,llm_risk_none,64,68.0,68.0,79.02689542483661,86.33323529411766,1.0,1.1621602268358324,1.269606401384083,64,1.0,10.684197666666506,10.684831688801447,2.9583849999985645,7.086461000000099,0.0,0.0
t315_n8,FloorPlan315,bedroom,8,llm_risk_none,128,68.0,68.0,79.02689542483661,86.33323529411766,1.0,1.1621602268358324,1.269606401384083,128,1.0,21.79487666666624,21.795586372415226,5.897867999999917,14.41911400000547,0.0,0.0
t315_n8,FloorPlan315,bedroom,8,llm_risk_none,256,68.0,68.0,79.02689542483661,86.33323529411766,1.0,1.1621602268358324,1.269606401384083,256,1.0,43.9081089999999,43.90893348803123,11.779767666668958,28.7734283333414,0.0,0.0
t315_n8,FloorPlan315,bedroom,8,llm_risk_nominal,32,68.0,68.0,79.02689542483661,86.33323529411766,1.0,1.1621602268358324,1.269606401384083,20.333333333333332,0.6354166666666666,4.607577333333168,4.607983243962129,0.9407580000010777,3.4099929999988157,0.0,0.0
t315_n8,FloorPlan315,bedroom,8,llm_risk_nominal,64,68.0,68.0,79.02689542483661,86.33323529411766,1.0,1.1621602268358324,1.269606401384083,34.666666666666664,0.5416666666666666,9.167450666666355,9.167888512214025,1.6158186666676382,6.975234999997563,0.0,0.0
t315_n8,FloorPlan315,bedroom,8,llm_risk_nominal,128,68.0,68.0,79.02689542483661,86.33323529411766,1.0,1.1621602268358324,1.269606401384083,55.333333333333336,0.4322916666666667,17.982507999999935,17.983001967271168,2.587989000001123,14.085005666662967,0.0,0.0
t315_n8,FloorPlan315,bedroom,8,llm_risk_nominal,256,68.0,68.0,79.02689542483661,86.33323529411766,1.0,1.1621602268358324,1.269606401384083,86.33333333333333,0.3372395833333333,35.20758533333298,35.20817868411541,4.05654200000131,28.21374033333039,0.0,0.0
t315_n8,FloorPlan315,bedroom,8,llm_risk_critical,32,68.0,68.0,79.02689542483661,86.33323529411766,1.0,1.1621602268358324,1.269606401384083,18.333333333333332,0.5729166666666666,4.598270666666515,4.598832068343957,0.8493706666659051,3.424001999998557,0.0,0.0
t315_n8,FloorPlan315,bedroom,8,llm_risk_critical,64,68.0,68.0,79.02689542483661,86.33323529411766,1.0,1.1621602268358324,1.269606401384083,30.333333333333332,0.4739583333333333,9.07338866666644,9.073963388800621,1.4107223333332068,6.936793666663554,0.0,0.0
t315_n8,FloorPlan315,bedroom,8,llm_risk_critical,128,68.0,68.0,79.02689542483661,86.33323529411766,1.0,1.1621602268358324,1.269606401384083,43,0.3359375,17.644872666666405,17.645523883402348,2.0009020000006927,14.0379986666647,0.0,0.0
t315_n8,FloorPlan315,bedroom,8,llm_risk_critical,256,68.0,68.0,79.02689542483661,86.33323529411766,1.0,1.1621602268358324,1.269606401384083,56.666666666666664,0.22135416666666666,34.265093000000135,34.265827077130474,2.654641000000346,28.087914333329245,0.0,0.0
t315_n8,FloorPlan315,bedroom,8,uniform_nominal_none,32,68.0,67.0,78.68248366013073,86.06443355119825,0.9852941176470589,1.1570953479430988,1.265653434576445,32,1.0,5.3309403333334044,5.331403265396754,1.4640779999994062,3.5983130000003527,-0.2688017429194029,-0.0031135372374689516
t315_n8,FloorPlan315,bedroom,8,uniform_nominal_none,64,68.0,67.0,77.6439651416122,84.51923747276689,0.9852941176470589,1.1418230167884147,1.2429299628348072,64,1.0,10.584326000000033,10.58483278999726,2.9388953333298793,7.022898666665907,-1.8139978213507721,-0.021011581636792547
t315_n8,FloorPlan315,bedroom,8,uniform_nominal_none,128,68.0,67.0,77.55747276688453,84.35474945533768,0.9852941176470589,1.1405510701012431,1.2405110214020247,128,1.0,21.81660666666681,21.81719367702802,5.918344999994514,14.431284999998795,-1.9784858387799698,-0.022916850411544527
t315_n8,FloorPlan315,bedroom,8,uniform_nominal_none,256,68.0,67.0,77.55747276688453,84.35474945533768,0.9852941176470589,1.1405510701012431,1.2405110214020247,256,1.0,44.39356133333335,44.3992530927062,11.852561666662412,29.08015533333182,-1.9784858387799698,-0.022916850411544527
t315_n8,FloorPlan315,bedroom,8,uniform_risk_none,32,68.0,67.0,78.18144880174292,85.3121568627451,0.9852941176470589,1.1497271882609252,1.2545905420991925,32,1.0,5.355184333333263,5.355739034712315,1.4772169999994016,3.6035979999991716,-1.021078431372563,-0.011827176728567887
t315_n8,FloorPlan315,bedroom,8,uniform_risk_none,64,68.0,67.0,77.47562091503268,84.28192810457516,0.9852941176470589,1.1393473663975395,1.2394401191849287,64,1.0,10.626869000000205,10.627459734678268,2.9540466666662843,7.047309666664485,-2.0513071895425035,-0.02376034191877748
t315_n8,FloorPlan315,bedroom,8,uniform_risk_none,128,68.0,67.0,77.47562091503268,84.28192810457516,0.9852941176470589,1.1393473663975395,1.2394401191849287,128,1.0,21.87902733333343,21.879677660763264,5.901653666664508,14.549635999996665,-2.0513071895425035,-0.02376034191877748
t315_n8,FloorPlan315,bedroom,8,uniform_risk_none,256,68.0,67.0,77.47562091503268,84.28192810457516,0.9852941176470589,1.1393473663975395,1.2394401191849287,256,1.0,44.33040366666674,44.331188624103866,11.77649266666562,29.19739599999538,-2.0513071895425035,-0.02376034191877748
t315_n8,FloorPlan315,bedroom,8,uniform_random,32,68.0,68.33333333333333,79.8457734204793,87.0521568627451,1.0049019607843137,1.1742025503011664,1.2801787773933102,32,1.0,5.35368733333345,5.35407072554032,1.455087333333734,3.6019359999990286,0.7189215686274414,0.008327286313066265
t315_n8,FloorPlan315,bedroom,8,uniform_random,64,68.0,68.33333333333333,79.8457734204793,87.0521568627451,1.0049019607843137,1.1742025503011664,1.2801787773933102,64,1.0,10.55553900000028,10.555976380904516,2.9050650000002065,6.987327999998942,0.7189215686274414,0.008327286313066265
t315_n8,FloorPlan315,bedroom,8,uniform_random,128,68.0,68.33333333333333,79.8457734204793,87.0521568627451,1.0049019607843137,1.1742025503011664,1.2801787773933102,128,1.0,21.408101333333523,21.408591109017532,5.826931666667552,14.190684333330003,0.7189215686274414,0.008327286313066265
t315_n8,FloorPlan315,bedroom,8,uniform_random,256,68.0,68.33333333333333,79.8457734204793,87.0521568627451,1.0049019607843137,1.1742025503011664,1.2801787773933102,256,1.0,43.14746933333365,43.1480947881937,11.659014000001319,28.629601999991944,0.7189215686274414,0.008327286313066265
t316_n4,FloorPlan316,bedroom,4,llm_nominal_none,32,30.0,30.0,34.20740740740741,36.95601851851852,1.0,1.1402469135802469,1.2318672839506173,32,1.0,3.3894853333332384,3.3900970593094826,0.9365316666653337,2.198542333331055,0.0,0.0
t316_n4,FloorPlan316,bedroom,4,llm_nominal_none,64,30.0,28.666666666666668,32.49629629629629,35.07453703703704,0.9555555555555556,1.0832098765432099,1.1691512345679014,64,1.0,6.956258333333428,6.956903263926506,1.8696103333327347,4.48789366666406,-1.881481481481482,-0.05091136861885374
t316_n4,FloorPlan316,bedroom,4,llm_nominal_none,128,30.0,28.333333333333332,31.92283950617284,34.487037037037034,0.9444444444444444,1.0640946502057613,1.1495679012345679,128,1.0,14.294894999999919,14.295583901305994,3.7237459999976963,9.168395333329768,-2.468981481481483,-0.06680864390854997
t316_n4,FloorPlan316,bedroom,4,llm_nominal_none,256,30.0,26.0,30.046913580246912,32.51404320987654,0.8666666666666667,1.0015637860082305,1.0838014403292182,256,1.0,29.28615366666687,29.286933752397697,7.437365666669453,18.50851833333156,-4.441975308641976,-0.12019626265789751
t316_n4,FloorPlan316,bedroom,4,llm_risk_none,32,30.0,30.333333333333332,34.18271604938272,36.75972222222222,1.011111111111111,1.139423868312757,1.225324074074074,32,1.0,3.3939656666666096,3.3943823849161467,0.9350966666673936,2.2012736666653745,-0.1962962962962962,-0.005311619166927646
t316_n4,FloorPlan316,bedroom,4,llm_risk_none,64,30.0,28.666666666666668,32.49629629629629,35.07453703703704,0.9555555555555556,1.0832098765432099,1.1691512345679014,64,1.0,6.811667000000021,6.81211706250906,1.8571860000016944,4.366937666664998,-1.881481481481482,-0.05091136861885374
t316_n4,FloorPlan316,bedroom,4,llm_risk_none,128,30.0,28.333333333333332,31.99074074074074,34.589506172839506,0.9444444444444444,1.066358024691358,1.1529835390946503,128,1.0,14.14710766666675,14.147601711253325,3.693477666664909,9.095795666663223,-2.3665123456790127,-0.06403591189059399
t316_n4,FloorPlan316,bedroom,4,llm_risk_none,256,30.0,26.0,30.046913580246912,32.51404320987654,0.8666666666666667,1.0015637860082305,1.0838014403292182,256,1.0,28.997050333333146,28.99762988090515,7.394316000003916,18.30911433333308,-4.441975308641976,-0.12019626265789751
t316_n4,FloorPlan316,bedroom,4,llm_risk_nominal,32,30.0,30.333333333333332,34.18271604938272,36.75972222222222,1.011111111111111,1.139423868312757,1.225324074074074,13.666666666666666,0.4270833333333333,2.783032666666685,2.783395660420259,0.4070020000002117,2.1551053333353685,-0.1962962962962962,-0.005311619166927646
t316_n4,FloorPlan316,bedroom,4,llm_risk_nominal,64,30.0,28.666666666666668,32.49629629629629,35.07453703703704,0.9555555555555556,1.0832098765432099,1.1691512345679014,22.666666666666668,0.3541666666666667,5.441759000000286,5.442147143185139,0.671424666667105,4.268385000001078,-1.881481481481482,-0.05091136861885374
t316_n4,FloorPlan316,bedroom,4,llm_risk_nominal,128,30.0,28.333333333333332,31.99074074074074,34.589506172839506,0.9444444444444444,1.066358024691358,1.1529835390946503,32.333333333333336,0.2526041666666667,10.919641333333749,10.92005055397749,0.9561140000012477,8.816117666667603,-2.3665123456790127,-0.06403591189059399
t316_n4,FloorPlan316,bedroom,4,llm_risk_nominal,256,30.0,26.0,30.046913580246912,32.51404320987654,0.8666666666666667,1.0015637860082305,1.0838014403292182,43.666666666666664,0.17057291666666666,21.637044666666938,21.637527582546074,1.2986856666682793,17.561599333332605,-4.441975308641976,-0.12019626265789751
t316_n4,FloorPlan316,bedroom,4,llm_risk_critical,32,30.0,30.333333333333332,34.18271604938272,36.75972222222222,1.011111111111111,1.139423868312757,1.225324074074074,12.333333333333334,0.3854166666666667,2.855400999999702,2.855813130736351,0.3693240000008184,2.1913883333327298,-0.1962962962962962,-0.005311619166927646
t316_n4,FloorPlan316,bedroom,4,llm_risk_critical,64,30.0,28.666666666666668,32.49629629629629,35.07453703703704,0.9555555555555556,1.0832098765432099,1.1691512345679014,19.333333333333332,0.3020833333333333,5.557052666666469,5.557481509943803,0.5748246666671027,4.327440333333025,-1.881481481481482,-0.05091136861885374
t316_n4,FloorPlan316,bedroom,4,llm_risk_critical,128,30.0,28.333333333333332,31.99074074074074,34.589506172839506,0.9444444444444444,1.066358024691358,1.1529835390946503,26.333333333333332,0.20572916666666666,11.124464666666315,11.124925377468267,0.7791156666669963,8.885339333332057,-2.3665123456790127,-0.06403591189059399
t316_n4,FloorPlan316,bedroom,4,llm_risk_critical,256,30.0,26.0,30.046913580246912,32.51404320987654,0.8666666666666667,1.0015637860082305,1.0838014403292182,34,0.1328125,22.18974299999991,22.190266599257786,1.0083840000006579,17.751451999996764,-4.441975308641976,-0.12019626265789751
t316_n4,FloorPlan316,bedroom,4,uniform_nominal_none,32,30.0,28.0,31.735802469135802,34.26358024691358,0.9333333333333333,1.0578600823045268,1.142119341563786,32,1.0,3.4080883333332443,3.4085453177491822,0.9210526666665331,2.2430943333316598,-2.69243827160494,-0.0728552040922853
t316_n4,FloorPlan316,bedroom,4,uniform_nominal_none,64,30.0,26.0,29.95925925925926,32.38564814814815,0.8666666666666667,0.998641975308642,1.0795216049382717,64,1.0,6.817641666666614,6.8181004996101064,1.8343589999997671,4.417776999997199,-4.570370370370372,-0.1236705292828062
t316_n4,FloorPlan316,bedroom,4,uniform_nominal_none,128,30.0,26.0,29.95925925925926,32.38564814814815,0.8666666666666667,0.998641975308642,1.0795216049382717,128,1.0,14.15967433333313,14.160182947913805,3.6822746666670034,9.089708999995949,-4.570370370370372,-0.1236705292828062
t316_n4,FloorPlan316,bedroom,4,uniform_nominal_none,256,30.0,26.0,29.95925925925926,32.38564814814815,0.8666666666666667,0.998641975308642,1.0795216049382717,256,1.0,38.89926033333335,38.899931125342846,7.396475333336501,27.916524999996934,-4.570370370370372,-0.1236705292828062
t316_n4,FloorPlan316,bedroom,4,uniform_risk_none,32,30.0,31.0,35.217901234567904,38.05925925925926,1.0333333333333334,1.1739300411522633,1.268641975308642,32,1.0,3.3881703333333846,3.3885687589645386,0.9257716666676666,2.2136990000006427,1.10324074074074,0.02985280300657685
t316_n4,FloorPlan316,bedroom,4,uniform_risk_none,64,30.0,26.333333333333332,30.37962962962963,32.94506172839506,0.8777777777777778,1.0126543209876542,1.0981687242798355,64,1.0,6.7879063333335194,6.788333877921104,1.8464680000006932,4.383791333335552,-4.010956790123458,-0.10853324981730876
t316_n4,FloorPlan316,bedroom,4,uniform_risk_none,128,30.0,26.0,30.046913580246912,32.51404320987654,0.8666666666666667,1.0015637860082305,1.0838014403292182,128,1.0,14.079224333333565,14.079685943822065,3.6968453333369546,9.053230333332904,-4.441975308641976,-0.12019626265789751
t316_n4,FloorPlan316,bedroom,4,uniform_risk_none,256,30.0,26.0,30.046913580246912,32.51404320987654,0.8666666666666667,1.0015637860082305,1.0838014403292182,256,1.0,29.393982666666634,29.39454559236765,7.418423000001321,18.472333333328983,-4.441975308641976,-0.12019626265789751
t316_n4,FloorPlan316,bedroom,4,uniform_random,32,30.0,30.666666666666668,34.85123456790123,37.53333333333333,1.0222222222222221,1.1617078189300412,1.251111111111111,32,1.0,3.403564666666803,3.4039923921227455,0.9293909999987804,2.227641333333826,0.5773148148148124,0.015621672408393295
t316_n4,FloorPlan316,bedroom,4,uniform_random,64,30.0,29.666666666666668,34.20987654320987,36.98996913580247,0.9888888888888889,1.140329218106996,1.2329989711934155,64,1.0,6.79903466666687,6.799468770623207,1.8590236666652753,4.404641999999903,0.033950617283949214,0.0009186762710093888
t316_n4,FloorPlan316,bedroom,4,uniform_random,128,30.0,28.666666666666668,32.7858024691358,35.40293209876543,0.9555555555555556,1.0928600823045267,1.1800977366255143,128,1.0,13.859305000000433,13.859783299267292,3.7143463333340065,9.034226333335837,-1.5530864197530885,-0.042025263597452844
t316_n4,FloorPlan316,bedroom,4,uniform_random,256,30.0,28.666666666666668,32.11851851851852,34.566358024691354,0.9555555555555556,1.0706172839506174,1.1522119341563786,256,1.0,28.081866666666677,28.08600664138794,7.409657000001957,18.40592333333942,-2.389660493827163,-0.06466228207537332
t317_n4,FloorPlan317,bedroom,4,llm_nominal_none,32,54.0,49.0,57.45135802469136,62.22908436213992,0.9074074074074074,1.0639140374942844,1.1523904511507392,32,1.0,3.3695749999997915,3.370121121406555,0.9088133333342204,2.20285066666707,-3.8921193415637796,-0.058863407251398346
t317_n4,FloorPlan317,bedroom,4,llm_nominal_none,64,54.0,49.666666666666664,57.11576131687243,61.55645061728395,0.9197530864197531,1.0576992836457857,1.1399342706904436,64,1.0,6.981391333333124,6.981955220301946,1.8291103333340313,4.5290876666692625,-4.5647530864197465,-0.06903614620923874
t317_n4,FloorPlan317,bedroom,4,llm_nominal_none,128,54.0,49.666666666666664,57.11576131687243,61.55645061728395,0.9197530864197531,1.0576992836457857,1.1399342706904436,128,1.0,14.405688333333147,14.406295182804266,3.6681970000017237,9.137385000002496,-4.5647530864197465,-0.06903614620923874
t317_n4,FloorPlan317,bedroom,4,llm_nominal_none,256,54.0,48.0,55.06925925925926,59.60391975308642,0.888888888888889,1.01980109739369,1.1037762917238227,256,1.0,29.803677666666434,29.804395822187264,7.340442000005313,18.5658986666688,-6.517283950617279,-0.09856571849208824
t317_n4,FloorPlan317,bedroom,4,llm_risk_none,32,54.0,49.0,57.45135802469136,62.22908436213992,0.9074074074074074,1.0639140374942844,1.1523904511507392,32,1.0,3.3430486666666446,3.3434505263964334,0.9001616666684716,2.1824209999978805,-3.8921193415637796,-0.058863407251398346
t317_n4,FloorPlan317,bedroom,4,llm_risk_none,64,54.0,49.0,56.833868312757204,61.645233196159126,0.9074074074074074,1.052479042828837,1.1415783925214653,64,1.0,6.775413666666452,6.775834908088048,1.8173506666669208,4.3505803333309485,-4.475970507544576,-0.06769342142653494
t317_n4,FloorPlan317,bedroom,4,llm_risk_none,128,54.0,49.0,56.77123456790124,61.54335390946502,0.9074074074074074,1.0513191586648376,1.1396917390641672,128,1.0,14.124124333333063,14.124583763380846,3.661633000001293,8.962493333333063,-4.577849794238678,-0.06923421743428208
t317_n4,FloorPlan317,bedroom,4,llm_risk_none,256,54.0,48.0,55.06925925925926,59.60391975308642,0.888888888888889,1.01980109739369,1.1037762917238227,256,1.0,29.371494666666404,29.372059429685276,7.342450333329549,18.51431133333688,-6.517283950617279,-0.09856571849208824
t317_n4,FloorPlan317,bedroom,4,llm_risk_nominal,32,54.0,49.0,57.45135802469136,62.22908436213992,0.9074074074074074,1.0639140374942844,1.1523904511507392,11.333333333333334,0.3541666666666667,2.6674179999999956,2.6677831386526427,0.3273683333340216,2.126665000000768,-3.8921193415637796,-0.058863407251398346
t317_n4,FloorPlan317,bedroom,4,llm_risk_nominal,64,54.0,49.0,56.833868312757204,61.645233196159126,0.9074074074074074,1.052479042828837,1.1415783925214653,17.666666666666668,0.2760416666666667,5.24620200000007,5.246579647064209,0.5178713333349924,4.229197666668109,-4.475970507544576,-0.06769342142653494
t317_n4,FloorPlan317,bedroom,4,llm_risk_nominal,128,54.0,49.0,56.77123456790124,61.54335390946502,0.9074074074074074,1.0513191586648376,1.1396917390641672,26.333333333333332,0.20572916666666666,10.72483266666661,10.725247673690319,0.7854623333353553,8.679687333334426,-4.577849794238678,-0.06923421743428208
t317_n4,FloorPlan317,bedroom,4,llm_risk_nominal,256,54.0,48.0,55.06925925925926,59.60391975308642,0.888888888888889,1.01980109739369,1.1037762917238227,42.333333333333336,0.16536458333333334,21.64609500000007,21.64657258739074,1.2725210000015252,17.413270666667795,-6.517283950617279,-0.09856571849208824
t317_n4,FloorPlan317,bedroom,4,llm_risk_critical,32,54.0,49.0,57.45135802469136,62.22908436213992,0.9074074074074074,1.0639140374942844,1.1523904511507392,10.666666666666666,0.3333333333333333,2.746228666666776,2.7466832349697747,0.3039899999999207,2.1559209999990614,-3.8921193415637796,-0.058863407251398346
t317_n4,FloorPlan317,bedroom,4,llm_risk_critical,64,54.0,49.0,56.833868312757204,61.645233196159126,0.9074074074074074,1.052479042828837,1.1415783925214653,15.666666666666666,0.24479166666666666,5.367897666666603,5.368363112211227,0.4538443333329904,4.2637309999994,-4.475970507544576,-0.06769342142653494
t317_n4,FloorPlan317,bedroom,4,llm_risk_critical,128,54.0,49.0,56.77123456790124,61.54335390946502,0.9074074074074074,1.0513191586648376,1.1396917390641672,22.333333333333332,0.17447916666666666,10.94743033333323,10.947934351861477,0.655474333332684,8.719353333329257,-4.577849794238678,-0.06923421743428208
t317_n4,FloorPlan317,bedroom,4,llm_risk_critical,256,54.0,48.0,55.06925925925926,59.60391975308642,0.888888888888889,1.01980109739369,1.1037762917238227,31.666666666666668,0.12369791666666667,22.12443766666657,22.12498150765896,0.9411886666672586,17.579555999992873,-6.517283950617279,-0.09856571849208824
t317_n4,FloorPlan317,bedroom,4,uniform_nominal_none,32,54.0,59.333333333333336,65.4422085048011,69.79017832647462,1.0987654320987654,1.2118927500889092,1.29241070974953,32,1.0,3.3888953333338634,3.3893821140130362,0.9219116666647764,2.215814999999862,3.668974622770923,0.055488624181918876
t317_n4,FloorPlan317,bedroom,4,uniform_nominal_none,64,54.0,52.333333333333336,58.45264746227709,62.764701646090536,0.9691358024691358,1.082456434486613,1.1623092897424174,64,1.0,6.794139666666865,6.7946333438158035,1.8465256666638414,4.388976666665971,-3.356502057613163,-0.05076286984511069
t317_n4,FloorPlan317,bedroom,4,uniform_nominal_none,128,54.0,49.666666666666664,55.82116598079561,59.875668724279834,0.9197530864197531,1.0337252959406595,1.1088086800792563,128,1.0,13.989763666666674,13.990288600325584,3.6998086666656014,9.002128999999156,-6.245534979423863,-0.0944558572679769
t317_n4,FloorPlan317,bedroom,4,uniform_nominal_none,256,54.0,48.0,54.81931412894376,59.173528806584365,0.888888888888889,1.0151724838693288,1.0958060890108217,256,1.0,29.052484666666878,29.053134222825367,7.390186000000594,18.526971333333364,-6.947674897119337,-0.10507483995985045
t317_n4,FloorPlan317,bedroom,4,uniform_risk_none,32,54.0,60.0,65.55255144032922,69.57699588477367,1.1111111111111112,1.2139361377838744,1.2884628867550678,32,1.0,3.4629716666666845,3.4634027009209,0.9373956666666553,2.2623420000004537,3.4557921810699668,0.05226450801706132
t317_n4,FloorPlan317,bedroom,4,uniform_risk_none,64,54.0,54.666666666666664,61.42219478737997,65.8815877914952,1.0123456790123457,1.1374480516181475,1.2200294035462076,64,1.0,6.980986333333365,6.981412569681804,1.8802223333332553,4.506476333332898,-0.23961591220849718,-0.0036238891427663824
t317_n4,FloorPlan317,bedroom,4,uniform_risk_none,128,54.0,49.666666666666664,56.75194787379972,61.21265432098765,0.9197530864197531,1.0509619976629578,1.1335676726108825,128,1.0,14.346306000000197,14.346748280028502,3.7739476666676097,9.249696000000954,-4.908549382716044,-0.07423563256216244
t317_n4,FloorPlan317,bedroom,4,uniform_risk_none,256,54.0,47.0,54.39179698216735,58.901512345679016,0.8703703703703703,1.0072554996697658,1.090768747142204,256,1.0,29.53308133333306,29.533667489886284,7.475584999999303,19.00799466666836,-7.2196913580246855,-0.10918874662924931
t317_n4,FloorPlan317,bedroom,4,uniform_random,32,54.0,56.0,63.09297668038409,67.68089163237312,1.037037037037037,1.1683884570441498,1.2533498450439466,32,1.0,3.3502420000000774,3.350635369618734,0.9098476666637249,2.198020666668299,1.5596879286694143,0.02358831723116454
t317_n4,FloorPlan317,bedroom,4,uniform_random,64,54.0,55.333333333333336,62.36120713305898,66.82848765432098,1.0246913580246915,1.154837169130722,1.2375645861911293,64,1.0,6.699108666666416,6.6995325808723765,1.823045666664136,4.3518490000028125,0.707283950617286,0.010696779716635296
t317_n4,FloorPlan317,bedroom,4,uniform_random,128,54.0,49.0,56.72161865569273,61.63849794238683,0.9074074074074074,1.0504003454757913,1.1414536655997563,128,1.0,13.641996333333259,13.642467558383942,3.6457116666633502,8.904511000004037,-4.482705761316869,-0.0677952836642896
t317_n4,FloorPlan317,bedroom,4,uniform_random,256,54.0,47.666666666666664,54.99378600823045,59.618611111111115,0.8827160493827161,1.0184034445968602,1.1040483539094652,256,1.0,35.521570000000224,35.52217222750187,7.289391999996416,26.00673700000507,-6.502592592592587,-0.09834353018936877
t317_n6,FloorPlan317,bedroom,6,llm_nominal_none,32,87.0,79.66666666666667,93.21235206470838,101.30360259684971,0.9157088122605364,1.0714063455713607,1.1644092252511462,32,1.0,4.246865000000118,4.247409912447135,1.176466666667449,2.8058196666647106,-13.531965730097918,-0.11783775643075274
t317_n6,FloorPlan317,bedroom,6,llm_nominal_none,64,87.0,79.33333333333333,92.26682843763304,99.70074553001277,0.9118773946360154,1.060538257903828,1.1459855808047443,64,1.0,8.795659666666586,8.796223439276218,2.3615980000014267,5.8317899999969685,-15.13482279693487,-0.13179560146247207
t317_n6,FloorPlan317,bedroom,6,llm_nominal_none,128,87.0,77.0,89.59102596849723,97.07608556832695,0.8850574712643678,1.0297819076838763,1.1158170754980108,128,1.0,17.81347566666665,17.82047003507614,4.741380333335006,11.710089333330545,-17.759482758620692,-0.1546514117303602
t317_n6,FloorPlan317,bedroom,6,llm_nominal_none,256,87.0,73.33333333333333,85.93223286504896,93.30445508727118,0.842911877394636,0.9877268145407926,1.072465001003117,256,1.0,43.8446490000001,43.85180895527204,9.502098333332635,31.356287666663835,-21.531113239676458,-0.18749515984782136
t317_n6,FloorPlan317,bedroom,6,llm_risk_none,32,87.0,83.66666666666667,94.37350148999575,102.0020120263942,0.9616858237547893,1.0847528906896062,1.1724369198436115,32,1.0,4.3664826666670224,4.366913499931495,1.1809070000013595,2.924209333333927,-12.833556300553434,-0.11175593492092184
t317_n6,FloorPlan317,bedroom,6,llm_risk_none,64,87.0,81.33333333333333,91.85249467858664,99.22319178373776,0.9348659003831418,1.0557758009032947,1.140496457284342,64,1.0,8.688664333333485,8.689114513496557,2.3795603333356397,5.71684333333522,-15.612376543209882,-0.13595418885166297
t317_n6,FloorPlan317,bedroom,6,llm_risk_none,128,87.0,80.66666666666667,90.36051085568327,97.35515964240102,0.9272030651340997,1.0386265615595778,1.1190248234758737,128,1.0,17.668848333333525,17.673928290605545,4.78975066667046,11.547727333334793,-17.48040868454662,-0.15222120584432744
t317_n6,FloorPlan317,bedroom,6,llm_risk_none,256,87.0,72.33333333333333,82.04315666240953,88.58655065985526,0.8314176245210728,0.9430247892230981,1.018236214481095,256,1.0,35.9306866666668,35.93584864089886,9.613686333340551,23.452865000001506,-26.249017667092374,-0.22857915931028405
t317_n6,FloorPlan317,bedroom,6,llm_risk_nominal,32,87.0,83.66666666666667,94.37350148999575,102.0020120263942,0.9616858237547893,1.0847528906896062,1.1724369198436115,21,0.65625,3.821468666666957,3.8252146914601326,0.7828336666682034,2.7982896666663613,-12.833556300553434,-0.11175593492092184
t317_n6,FloorPlan317,bedroom,6,llm_risk_nominal,64,87.0,81.33333333333333,91.85249467858664,99.22319178373776,0.9348659003831418,1.0557758009032947,1.140496457284342,33.666666666666664,0.5260416666666666,7.477795666666805,7.481550797820091,1.2744933333358095,5.670736999999093,-15.612376543209882,-0.13595418885166297
t317_n6,FloorPlan317,bedroom,6,llm_risk_nominal,128,87.0,80.66666666666667,90.36051085568327,97.35515964240102,0.9272030651340997,1.0386265615595778,1.1190248234758737,56.666666666666664,0.4427083333333333,14.965870999999945,14.969658106565475,2.1676740000028025,11.61063666666795,-17.48040868454662,-0.15222120584432744
t317_n6,FloorPlan317,bedroom,6,llm_risk_nominal,256,87.0,72.33333333333333,82.04315666240953,88.58655065985526,0.8314176245210728,0.9430247892230981,1.018236214481095,87.66666666666667,0.3424479166666667,28.74109733333352,28.744975725809734,3.3735240000035325,22.877388333334636,-26.249017667092374,-0.22857915931028405
t317_n6,FloorPlan317,bedroom,6,llm_risk_critical,32,87.0,83.66666666666667,94.37350148999575,102.0020120263942,0.9616858237547893,1.0847528906896062,1.1724369198436115,20,0.625,3.8795900000000807,3.8846457997957864,0.7402906666653664,2.8181770000011617,-12.833556300553434,-0.11175593492092184
t317_n6,FloorPlan317,bedroom,6,llm_risk_critical,64,87.0,81.33333333333333,91.85249467858664,99.22319178373776,0.9348659003831418,1.0557758009032947,1.140496457284342,30,0.46875,7.524141333333271,7.529209988812606,1.1235506666658068,5.700660000000468,-15.612376543209882,-0.13595418885166297
t317_n6,FloorPlan317,bedroom,6,llm_risk_critical,128,87.0,80.66666666666667,90.36051085568327,97.35515964240102,0.9272030651340997,1.0386265615595778,1.1190248234758737,48.333333333333336,0.3776041666666667,14.926129666667029,14.931239187717438,1.832407999999693,11.579277333337265,-17.48040868454662,-0.15222120584432744
t317_n6,FloorPlan317,bedroom,6,llm_risk_critical,256,87.0,72.33333333333333,82.04315666240953,88.58655065985526,0.8314176245210728,0.9430247892230981,1.018236214481095,74.66666666666667,0.2916666666666667,28.934790333333165,28.940011126299698,2.8481586666648795,22.9395250000044,-26.249017667092374,-0.22857915931028405
t317_n6,FloorPlan317,bedroom,6,uniform_nominal_none,32,87.0,85.66666666666667,95.9526883780332,103.46186462324393,0.9846743295019157,1.1029044641153243,1.1892168347499301,32,1.0,4.269665000000107,4.27017950763305,1.1690520000001332,2.845066999999387,-11.373703703703711,-0.0990433875967915
t317_n6,FloorPlan317,bedroom,6,uniform_nominal_none,64,87.0,80.33333333333333,92.10339506172839,99.60006758194976,0.9233716475095786,1.0586597133532,1.1448283630109168,64,1.0,8.68592733333351,8.686449999610582,2.344932000000336,5.72796033332897,-15.235500744997873,-0.1326723154416842
t317_n6,FloorPlan317,bedroom,6,uniform_nominal_none,128,87.0,77.0,86.94486164325244,93.9136052575564,0.8850574712643678,0.9993662257845108,1.0794667270983493,128,1.0,17.654274000000452,17.654846732815106,4.688878333333572,11.621588999993845,-20.921963069391236,-0.1821906171947044
t317_n6,FloorPlan317,bedroom,6,uniform_nominal_none,256,87.0,74.66666666666667,84.73746700723711,91.31879736057897,0.8582375478927203,0.9739938736464037,1.049641348972172,256,1.0,36.311092000000045,36.31179748723904,9.43839000000087,23.72144799999217,-23.516770966368668,-0.20478647259718533
t317_n6,FloorPlan317,bedroom,6,uniform_risk_none,32,87.0,85.66666666666667,95.96494678586633,103.26086366538952,0.9846743295019157,1.1030453653547854,1.1869064789125232,32,1.0,4.236577666666778,4.236945261557897,1.1720040000001337,2.8023893333332475,-11.574704661558116,-0.10079372471605523
t317_n6,FloorPlan317,bedroom,6,uniform_risk_none,64,87.0,82.0,94.42184546615582,102.11048052362707,0.9425287356321839,1.0853085685765036,1.1736836841796214,64,1.0,8.662841333333246,8.663252927362919,2.3487316666678617,5.723446666666021,-12.725087803320568,-0.11081138003419855
t317_n6,FloorPlan317,bedroom,6,uniform_risk_none,128,87.0,77.33333333333333,89.67716475095786,97.62805874840357,0.888888888888889,1.0307720086316994,1.1221615948092365,128,1.0,17.587198999999682,17.58766205360492,4.724640000000058,11.571787666664632,-17.207509578544066,-0.14984477221859235
t317_n6,FloorPlan317,bedroom,6,uniform_risk_none,256,87.0,74.66666666666667,86.64516389953171,94.2752245636441,0.8582375478927203,0.9959214241325485,1.083623270846484,256,1.0,36.027248999999685,36.02782357484102,9.50217599999951,23.55638900000064,-20.560343763303536,-0.1790415988952683
t317_n6,FloorPlan317,bedroom,6,uniform_random,32,87.0,79.66666666666667,90.65942315879099,98.10153842060451,0.9157088122605364,1.042062335158517,1.1276038898920058,32,1.0,4.2558130000000345,4.256218361357848,1.187783666668274,2.7968626666670104,-16.734029906343128,-0.14572166228759176
t317_n6,FloorPlan317,bedroom,6,uniform_random,64,87.0,78.66666666666667,89.20928267347809,96.52584663686675,0.9042145593869731,1.0253940537181387,1.109492490078928,64,1.0,8.699598666666475,8.700055070221424,2.379914333335028,5.719497,-18.30972169008089,-0.15944294922590008
t317_n6,FloorPlan317,bedroom,6,uniform_random,128,87.0,74.66666666666667,85.05039591315453,91.66230630055342,0.8582375478927203,0.977590757622466,1.053589727592568,128,1.0,17.703771000000163,17.7042493596673,4.76791533333228,11.67745466666581,-23.173262026394216,-0.20179516123800392
t317_n6,FloorPlan317,bedroom,6,uniform_random,256,87.0,73.0,83.37880800340571,89.93923478075776,0.8390804597701149,0.9583771034874219,1.033784307824802,256,1.0,35.57827633333351,35.6038079286615,9.527108666663212,23.488593333331604,-24.896333546189876,-0.21679984615313327
t317_n8,FloorPlan317,bedroom,8,llm_nominal_none,32,103.0,108.0,122.25672060409924,131.85054476806903,1.0485436893203883,1.186958452466983,1.2801023763890198,32,1.0,5.2320789999997785,5.232692075272401,1.4511463333348,3.5062276666645666,-0.9275782092772337,-0.006985926510163794
t317_n8,FloorPlan317,bedroom,8,llm_nominal_none,64,103.0,97.66666666666667,112.71992628550882,122.32968671341244,0.9482200647249192,1.0943682163641633,1.1876668612952663,64,1.0,10.543171000000129,10.543813618520895,2.9095436666682537,7.017072333332486,-10.448436263933829,-0.07869094719554419
t317_n8,FloorPlan317,bedroom,8,llm_nominal_none,128,103.0,92.0,107.68753326141676,117.16983504135203,0.8932038834951457,1.0455100316642403,1.137571213993709,128,1.0,21.524625000000224,21.525306316713493,5.836677999999651,14.34177433333487,-15.608287935994241,-0.11755165373634047
t317_n8,FloorPlan317,bedroom,8,llm_nominal_none,256,103.0,92.0,107.18126033800792,116.52193860122259,0.8932038834951457,1.0405947605631836,1.131280957293423,256,1.0,43.53607799999981,43.53693872690201,11.700364000001073,28.777384333336247,-16.256184376123688,-0.12243119582958113
t317_n8,FloorPlan317,bedroom,8,llm_risk_none,32,103.0,108.0,121.72007910823444,130.9265965480043,1.0485436893203883,1.1817483408566452,1.2711320053204302,32,1.0,5.293872333332968,5.29427919536829,1.4518416666664535,3.5679296666687086,-1.851526429341959,-0.013944514260514537
t317_n8,FloorPlan317,bedroom,8,llm_risk_none,64,103.0,97.0,112.63882955771305,122.42620145631068,0.941747572815534,1.0935808694923599,1.1886038976340842,64,1.0,10.46593233333315,10.46636700630188,2.890631666667254,6.9622116666678835,-10.351921521035592,-0.07796405980826955
t317_n8,FloorPlan317,bedroom,8,llm_risk_none,128,103.0,89.0,103.58170801869831,112.58040812657318,0.8640776699029126,1.0056476506669738,1.0930136711317784,128,1.0,21.30370899999967,21.304217477639515,5.822156000000393,14.16487466666716,-20.197714850773096,-0.15211628540809463
t317_n8,FloorPlan317,bedroom,8,llm_risk_none,256,103.0,88.0,102.08802049622437,110.94155564545127,0.8543689320388349,0.9911458300604309,1.0771024819946726,256,1.0,44.805033666666404,44.830632085601486,12.03910966666566,29.71142700000377,-21.836567331894994,-0.16445907535250068
t317_n8,FloorPlan317,bedroom,8,llm_risk_nominal,32,103.0,108.0,121.72007910823444,130.9265965480043,1.0485436893203883,1.1817483408566452,1.2711320053204302,20,0.625,4.636575666666569,4.642290684084098,0.9218686666680279,3.441494000001081,-1.851526429341959,-0.013944514260514537
t317_n8,FloorPlan317,bedroom,8,llm_risk_nominal,64,103.0,97.0,112.63882955771305,122.42620145631068,0.941747572815534,1.0935808694923599,1.1886038976340842,35.333333333333336,0.5520833333333334,9.199642666666582,9.205407463014126,1.6234283333339168,6.998773666668494,-10.351921521035592,-0.07796405980826955
t317_n8,FloorPlan317,bedroom,8,llm_risk_nominal,128,103.0,89.0,103.58170801869831,112.58040812657318,0.8640776699029126,1.0056476506669738,1.0930136711317784,59.333333333333336,0.4635416666666667,18.037596333333166,18.04341437915961,2.745575000000796,14.09425366667083,-20.197714850773096,-0.15211628540809463
t317_n8,FloorPlan317,bedroom,8,llm_risk_nominal,256,103.0,88.0,102.08802049622437,110.94155564545127,0.8543689320388349,0.9911458300604309,1.0771024819946726,86.66666666666667,0.3385416666666667,44.495848333333164,44.509267434477806,4.191306000001838,37.56009366667209,-21.836567331894994,-0.16445907535250068
t317_n8,FloorPlan317,bedroom,8,llm_risk_critical,32,103.0,108.0,121.72007910823444,130.9265965480043,1.0485436893203883,1.1817483408566452,1.2711320053204302,18,0.5625,4.876338666666591,4.879566530386607,0.8749536666658267,3.6501409999984227,-1.851526429341959,-0.013944514260514537
t317_n8,FloorPlan317,bedroom,8,llm_risk_critical,64,103.0,97.0,112.63882955771305,122.42620145631068,0.941747572815534,1.0935808694923599,1.1886038976340842,31.333333333333332,0.4895833333333333,9.637202666666825,9.640467663606008,1.510127666665954,7.367587666664714,-10.351921521035592,-0.07796405980826955
t317_n8,FloorPlan317,bedroom,8,llm_risk_critical,128,103.0,89.0,103.58170801869831,112.58040812657318,0.8640776699029126,1.0056476506669738,1.0930136711317784,47.666666666666664,0.3723958333333333,18.303817666666628,18.307128300269444,2.290332333331868,14.477095999999356,-20.197714850773096,-0.15211628540809463
t317_n8,FloorPlan317,bedroom,8,llm_risk_critical,256,103.0,88.0,102.08802049622437,110.94155564545127,0.8543689320388349,0.9911458300604309,1.0771024819946726,65.66666666666667,0.2565104166666667,34.65340499999995,34.65681988745928,3.138970666666315,28.281689000000537,-21.836567331894994,-0.16445907535250068
t317_n8,FloorPlan317,bedroom,8,uniform_nominal_none,32,103.0,98.66666666666667,112.49467637540452,121.73022563825961,0.9579288025889968,1.0921813240330538,1.1818468508568896,32,1.0,5.429064666666743,5.429888454576333,1.462765333333375,3.695120999999505,-11.047897339086655,-0.08320570506160548
t317_n8,FloorPlan317,bedroom,8,uniform_nominal_none,64,103.0,95.66666666666667,109.5038151743977,118.11402373247033,0.9288025889967638,1.0631438366446377,1.1467380944900032,64,1.0,10.74739733333363,10.74825351436933,2.9202629999988496,7.2141539999982145,-14.664099244875942,-0.11044062768817597
t317_n8,FloorPlan317,bedroom,8,uniform_nominal_none,128,103.0,92.33333333333333,106.70155519597267,115.75991010427903,0.8964401294498382,1.0359374290871133,1.1238826223716412,128,1.0,21.74116700000006,21.742091203729313,5.870367333330388,14.458798666664366,-17.01821287306724,-0.128170307664093
t317_n8,FloorPlan317,bedroom,8,uniform_nominal_none,256,103.0,90.0,105.09374505573534,114.43583603020495,0.8737864077669902,1.0203276219003432,1.1110275342738345,256,1.0,43.69943800000028,43.70327200740576,11.757716666661958,28.81969366666019,-18.342286947141314,-0.13814238773559673
t317_n8,FloorPlan317,bedroom,8,uniform_risk_none,32,103.0,101.0,114.50649586479683,124.01727885652643,0.9805825242718447,1.1117135520854062,1.2040512510342372,32,1.0,5.359572666666423,5.360824055969715,1.4602596666689986,3.6220240000005197,-8.760844120819845,-0.0659810812532315
t317_n8,FloorPlan317,bedroom,8,uniform_risk_none,64,103.0,97.66666666666667,112.33284430061128,122.10715659834591,0.9482200647249192,1.0906101388408864,1.1855063747412224,64,1.0,10.905540666666566,10.9068239107728,2.9313410000024,7.342296999998925,-10.670966379000356,-0.08036690186395368
t317_n8,FloorPlan317,bedroom,8,uniform_risk_none,128,103.0,93.0,107.20636641495865,116.44392799352751,0.9029126213592233,1.0408385088830936,1.130523572752694,128,1.0,21.933386333333377,21.93710549424092,5.8765043333390095,14.670475666666091,-16.334194983818765,-0.12301872189144895
t317_n8,FloorPlan317,bedroom,8,uniform_risk_none,256,103.0,89.0,103.93909205321826,113.09983908665947,0.8640776699029126,1.0091173985749347,1.0980566901617426,256,1.0,43.832910333332954,43.83677616715431,11.741042000002366,29.13169300000155,-19.6782838906868,-0.14820426324330685
t317_n8,FloorPlan317,bedroom,8,uniform_random,32,103.0,103.0,116.25918194893923,125.35638394462423,1.0,1.1287299218343614,1.2170522713070313,32,1.0,5.364830666666561,5.365282918016116,1.4607776666674492,3.606943999998317,-7.42173903272204,-0.05589579718632032
t317_n8,FloorPlan317,bedroom,8,uniform_random,64,103.0,101.66666666666667,114.39391945343401,123.50893923049263,0.9870550161812298,1.110620577217806,1.1991159148591517,64,1.0,10.65939600000032,10.659880315264067,2.913520333335029,7.085784999997458,-9.269183746853642,-0.0698095705753808
t317_n8,FloorPlan317,bedroom,8,uniform_random,128,103.0,99.0,112.10325422509888,121.13486785329019,0.9611650485436893,1.0883811089815425,1.1760666781872833,128,1.0,21.59186766666643,21.592432943483193,5.8373523333346,14.366314333328726,-11.643255124056088,-0.08768955956729847
t317_n8,FloorPlan317,bedroom,8,uniform_random,256,103.0,97.0,110.8426950737145,120.1593194893923,0.941747572815534,1.0761426706185873,1.166595334848469,256,1.0,43.16171899999984,43.16744363556305,11.692007333329832,28.620842999990497,-12.618803487953969,-0.09503676663742948
t318_n4,FloorPlan318,bedroom,4,llm_nominal_none,32,66.0,41.666666666666664,47.09735129068462,50.73161054994389,0.6313131313131314,0.7135962316770398,0.7686607659082406,32,1.0,3.4155973333331127,3.416198305785656,0.9441666666679301,2.2140519999993558,-32.43325476992144,-0.38998746219545927
t318_n4,FloorPlan318,bedroom,4,llm_nominal_none,64,66.0,38.0,43.647777777777776,47.304722222222225,0.5757575757575758,0.6613299663299663,0.7167382154882155,64,1.0,7.075948666666794,7.076584113140901,1.8795056666665033,4.577034000001312,-35.8601430976431,-0.4311934247680108
t318_n4,FloorPlan318,bedroom,4,llm_nominal_none,128,66.0,38.0,43.647777777777776,47.304722222222225,0.5757575757575758,0.6613299663299663,0.7167382154882155,128,1.0,14.54224266666652,14.542916479210058,3.7484239999997135,9.251067666663282,-35.8601430976431,-0.4311934247680108
t318_n4,FloorPlan318,bedroom,4,llm_nominal_none,256,66.0,38.0,43.647777777777776,47.304722222222225,0.5757575757575758,0.6613299663299663,0.7167382154882155,256,1.0,38.4091850000002,38.40999584645033,7.462710666664485,27.023761666662278,-35.8601430976431,-0.4311934247680108
t318_n4,FloorPlan318,bedroom,4,llm_risk_none,32,66.0,41.666666666666664,47.09735129068462,50.73161054994389,0.6313131313131314,0.7135962316770398,0.7686607659082406,32,1.0,3.398540666666783,3.3989325165748596,0.9362420000028256,2.2040490000003743,-32.43325476992144,-0.38998746219545927
t318_n4,FloorPlan318,bedroom,4,llm_risk_none,64,66.0,38.0,43.647777777777776,47.304722222222225,0.5757575757575758,0.6613299663299663,0.7167382154882155,64,1.0,6.865401666666789,6.8658071880539255,1.8675616666703476,4.387294666669798,-35.8601430976431,-0.4311934247680108
t318_n4,FloorPlan318,bedroom,4,llm_risk_none,128,66.0,38.0,43.647777777777776,47.304722222222225,0.5757575757575758,0.6613299663299663,0.7167382154882155,128,1.0,14.251224333333331,14.251669558386007,3.727938333335956,9.010093333335986,-35.8601430976431,-0.4311934247680108
t318_n4,FloorPlan318,bedroom,4,llm_risk_none,256,66.0,38.0,43.647777777777776,47.304722222222225,0.5757575757575758,0.6613299663299663,0.7167382154882155,256,1.0,29.742816000000023,29.74334793786208,7.434118000006151,18.437918666667958,-35.8601430976431,-0.4311934247680108
t318_n4,FloorPlan318,bedroom,4,llm_risk_nominal,32,66.0,41.666666666666664,47.09735129068462,50.73161054994389,0.6313131313131314,0.7135962316770398,0.7686607659082406,24,0.75,3.1405246666666997,3.1409322594602904,0.7091393333335342,2.188636333332402,-32.43325476992144,-0.38998746219545927
t318_n4,FloorPlan318,bedroom,4,llm_risk_nominal,64,66.0,38.0,43.647777777777776,47.304722222222225,0.5757575757575758,0.6613299663299663,0.7167382154882155,31.333333333333332,0.4895833333333333,5.77695766666686,5.7773782561222715,0.9308880000000741,4.3074999999968,-35.8601430976431,-0.4311934247680108
t318_n4,FloorPlan318,bedroom,4,llm_risk_nominal,128,66.0,38.0,43.647777777777776,47.304722222222225,0.5757575757575758,0.6613299663299663,0.7167382154882155,38,0.296875,11.210596666666758,11.211046949028969,1.132528333333364,8.781023666662632,-35.8601430976431,-0.4311934247680108
t318_n4,FloorPlan318,bedroom,4,llm_risk_nominal,256,66.0,38.0,43.647777777777776,47.304722222222225,0.5757575757575758,0.6613299663299663,0.7167382154882155,41.333333333333336,0.16145833333333334,22.36045233333339,22.36406411975622,1.2375969999999608,17.817181999996674,-35.8601430976431,-0.4311934247680108
t318_n4,FloorPlan318,bedroom,4,llm_risk_critical,32,66.0,41.666666666666664,47.09735129068462,50.73161054994389,0.6313131313131314,0.7135962316770398,0.7686607659082406,21.333333333333332,0.6666666666666666,3.123819000000102,3.124251961708069,0.629348999998669,2.1845609999996776,-32.43325476992144,-0.38998746219545927
t318_n4,FloorPlan318,bedroom,4,llm_risk_critical,64,66.0,38.0,43.647777777777776,47.304722222222225,0.5757575757575758,0.6613299663299663,0.7167382154882155,28,0.4375,5.828341666666977,5.828808682660262,0.827705666665679,4.312483333334782,-35.8601430976431,-0.4311934247680108
t318_n4,FloorPlan318,bedroom,4,llm_risk_critical,128,66.0,38.0,43.647777777777776,47.304722222222225,0.5757575757575758,0.6613299663299663,0.7167382154882155,33.666666666666664,0.2630208333333333,11.484088999999939,11.484579183161259,0.9999703333321008,8.864320333335248,-35.8601430976431,-0.4311934247680108
t318_n4,FloorPlan318,bedroom,4,llm_risk_critical,256,66.0,38.0,43.647777777777776,47.304722222222225,0.5757575757575758,0.6613299663299663,0.7167382154882155,37,0.14453125,23.294074666666848,23.294611523548763,1.1034706666655698,18.1871333333324,-35.8601430976431,-0.4311934247680108
t318_n4,FloorPlan318,bedroom,4,uniform_nominal_none,32,66.0,53.0,59.0259595959596,63.19495510662177,0.803030303030303,0.8943327211509029,0.9574993197972995,32,1.0,3.4085583333330525,3.40899545699358,0.9230533333332384,2.236368333334404,-19.969910213243555,-0.24012436184963568
t318_n4,FloorPlan318,bedroom,4,uniform_nominal_none,64,66.0,45.333333333333336,51.53,55.362062289562296,0.6868686868686869,0.7807575757575758,0.8388191255994287,64,1.0,6.842321000000003,6.842769371966521,1.8460466666662494,4.418368333333571,-27.802803030303036,-0.3343094818150552
t318_n4,FloorPlan318,bedroom,4,uniform_nominal_none,128,66.0,38.333333333333336,44.023198653198655,47.717180134680135,0.5808080808080809,0.6670181614121008,0.7229875777981839,128,1.0,14.05404133333299,14.054538061221441,3.7126276666672453,9.028088666668785,-35.44768518518519,-0.4262339035703087
t318_n4,FloorPlan318,bedroom,4,uniform_nominal_none,256,66.0,38.0,43.647777777777776,47.304722222222225,0.5757575757575758,0.6613299663299663,0.7167382154882155,256,1.0,29.384083333333127,29.384677298367023,7.443642666660051,18.51550366667028,-35.8601430976431,-0.4311934247680108
t318_n4,FloorPlan318,bedroom,4,uniform_risk_none,32,66.0,52.333333333333336,58.12244668911335,62.076731200897875,0.7929292929292929,0.8806431316532326,0.9405565333469375,32,1.0,3.3806270000000063,3.381023183465004,0.9189746666663131,2.21497566666636,-21.088134118967456,-0.2535702311049159
t318_n4,FloorPlan318,bedroom,4,uniform_risk_none,64,66.0,42.0,47.66540965207632,51.49193883277216,0.6363636363636364,0.7222031765466109,0.7801808914056388,64,1.0,6.800944000000382,6.801355940600236,1.8390993333336307,4.382231333332894,-31.67292648709316,-0.3808450403337279
t318_n4,FloorPlan318,bedroom,4,uniform_risk_none,128,66.0,41.0,46.44380471380472,50.07274691358025,0.6212121212121212,0.703694010815223,0.7586779835390947,128,1.0,13.965931999999922,13.966393967469534,3.694117000001403,8.982069666665518,-33.09211840628508,-0.39790984184255596
t318_n4,FloorPlan318,bedroom,4,uniform_risk_none,256,66.0,38.0,43.51288439955106,47.087884399551065,0.5757575757575758,0.6592861272659253,0.7134527939325919,256,1.0,29.281964000000233,29.28251555810372,7.424115333336682,18.471577999995326,-36.07698092031426,-0.43380074965018506
t318_n4,FloorPlan318,bedroom,4,uniform_random,32,66.0,49.333333333333336,55.214635241301906,59.51723063973064,0.7474747474747475,0.8365853824439683,0.9017762218141007,32,1.0,3.3918780000004034,3.3922785272200904,0.9220923333312925,2.2256920000002602,-23.647634680134686,-0.2843464555516577
t318_n4,FloorPlan318,bedroom,4,uniform_random,64,66.0,45.666666666666664,50.65578002244669,53.99687149270483,0.6919191919191919,0.7675118185219195,0.8181344165561337,64,1.0,6.768263000000552,6.768670243521531,1.8448209999982386,4.393784000000345,-29.1679938271605,-0.35072495716761815
t318_n4,FloorPlan318,bedroom,4,uniform_random,128,66.0,45.666666666666664,50.65578002244669,53.99687149270483,0.6919191919191919,0.7675118185219195,0.8181344165561337,128,1.0,13.790941000000482,13.791382933656374,3.690990666663415,8.99751099999957,-29.1679938271605,-0.35072495716761815
t318_n4,FloorPlan318,bedroom,4,uniform_random,256,66.0,38.333333333333336,43.88830527497194,47.50034231200898,0.5808080808080809,0.6649743223480598,0.7197021562425603,256,1.0,27.978090666666827,27.97863818705082,7.375011666662286,18.356359333336236,-35.664523007856346,-0.428841228452483
t318_n6,FloorPlan318,bedroom,6,llm_nominal_none,32,77.0,74.0,84.25991582491582,91.22397967772967,0.961038961038961,1.0942846211028028,1.1847270088016841,32,1.0,4.279038333333614,4.279616288840771,1.1832543333349932,2.8324823333338855,-27.541435185185193,-0.2318977727394371
t318_n6,FloorPlan318,bedroom,6,llm_nominal_none,64,77.0,63.0,72.92945887445887,79.32285533910535,0.8181818181818182,0.9471358295384269,1.0301669524559136,64,1.0,8.736184000000277,8.736775877575079,2.37470333333493,5.765034666666224,-39.44255952380952,-0.33210475936396255
t318_n6,FloorPlan318,bedroom,6,llm_nominal_none,128,77.0,57.666666666666664,67.0516810966811,73.19767015392016,0.748917748917749,0.8708010532036506,0.950619092908054,128,1.0,17.784067666666736,17.784707558651764,4.763206000000686,11.681263000003383,-45.56774470899471,-0.3836785714224241
t318_n6,FloorPlan318,bedroom,6,llm_nominal_none,256,77.0,58.0,66.92576479076479,72.78901394901395,0.7532467532467533,0.8691657765034388,0.9453118694677136,256,1.0,43.03491599999987,43.035716439286865,9.55702733333356,30.292288666669148,-45.97640091390092,-0.387119440175149
t318_n6,FloorPlan318,bedroom,6,llm_risk_none,32,77.0,74.0,84.25991582491582,91.22397967772967,0.961038961038961,1.0942846211028028,1.1847270088016841,32,1.0,4.400091333333596,4.400544799864292,1.1820086666685843,2.9530739999984825,-27.541435185185193,-0.2318977727394371
t318_n6,FloorPlan318,bedroom,6,llm_risk_none,64,77.0,63.0,73.11615921115921,79.33280844155844,0.8181818181818181,0.9495605092358339,1.030296213526733,64,1.0,8.730234666666448,8.730712346732616,2.3700730000018786,5.765592999998681,-39.43260642135642,-0.3320209546429957
t318_n6,FloorPlan318,bedroom,6,llm_risk_none,128,77.0,62.333333333333336,71.11276575276575,77.039132996633,0.8095238095238095,0.9235424123735811,1.0005082207354936,128,1.0,17.8780293333336,17.8785960500439,4.7683723333378225,11.753606666666213,-41.726281866281866,-0.35133360932089935
t318_n6,FloorPlan318,bedroom,6,llm_risk_none,256,77.0,54.333333333333336,63.28841750841751,68.88651214526215,0.7056277056277056,0.8219275001093184,0.8946300278605472,256,1.0,44.682167000000085,44.6878420189023,9.542536666670523,32.19040533333425,-49.87890271765273,-0.41997834786520566
t318_n6,FloorPlan318,bedroom,6,llm_risk_nominal,32,77.0,74.0,84.25991582491582,91.22397967772967,0.961038961038961,1.0942846211028028,1.1847270088016841,18.666666666666668,0.5833333333333334,3.7302706666668684,3.7305826942125955,0.6994073333324025,2.7944130000010503,-27.541435185185193,-0.2318977727394371
t318_n6,FloorPlan318,bedroom,6,llm_risk_nominal,64,77.0,63.0,73.11615921115921,79.33280844155844,0.8181818181818181,0.9495605092358339,1.030296213526733,33.666666666666664,0.5260416666666666,7.489756333333375,7.490114308893681,1.2631949999981629,5.6989730000009216,-39.43260642135642,-0.3320209546429957
t318_n6,FloorPlan318,bedroom,6,llm_risk_nominal,128,77.0,62.333333333333336,71.11276575276575,77.039132996633,0.8095238095238095,0.9235424123735811,1.0005082207354936,49.333333333333336,0.3854166666666667,14.456738999999885,14.457134529948235,1.853875999997238,11.45597633333543,-41.726281866281866,-0.35133360932089935
t318_n6,FloorPlan318,bedroom,6,llm_risk_nominal,256,77.0,54.333333333333336,63.28841750841751,68.88651214526215,0.7056277056277056,0.8219275001093184,0.8946300278605472,73.33333333333333,0.2864583333333333,28.013405999999758,28.017093737920124,2.7628736666649445,22.800407333337287,-49.87890271765273,-0.41997834786520566
t318_n6,FloorPlan318,bedroom,6,llm_risk_critical,32,77.0,74.0,84.25991582491582,91.22397967772967,0.961038961038961,1.0942846211028028,1.1847270088016841,15.666666666666666,0.4895833333333333,3.6777626666670096,3.678294519583384,0.5811169999991131,2.7939310000005455,-27.541435185185193,-0.2318977727394371
t318_n6,FloorPlan318,bedroom,6,llm_risk_critical,64,77.0,63.0,73.11615921115921,79.33280844155844,0.8181818181818181,0.9495605092358339,1.030296213526733,26.333333333333332,0.4114583333333333,7.32287400000035,7.323437991241614,0.9781273333316539,5.677570666666891,-39.43260642135642,-0.3320209546429957
t318_n6,FloorPlan318,bedroom,6,llm_risk_critical,128,77.0,62.333333333333336,71.11276575276575,77.039132996633,0.8095238095238095,0.9235424123735811,1.0005082207354936,35.333333333333336,0.2760416666666667,14.200183333333468,14.204260582725206,1.3137726666642517,11.448200333334194,-41.726281866281866,-0.35133360932089935
t318_n6,FloorPlan318,bedroom,6,llm_risk_critical,256,77.0,54.333333333333336,63.28841750841751,68.88651214526215,0.7056277056277056,0.8219275001093184,0.8946300278605472,54,0.2109375,27.751424333333514,27.755606609086197,2.0182613333306065,22.676640999999442,-49.87890271765273,-0.41997834786520566
t318_n6,FloorPlan318,bedroom,6,uniform_nominal_none,32,77.0,77.33333333333333,85.95161616161616,91.25972402597404,1.0043290043290043,1.1162547553456643,1.1851912211165458,32,1.0,4.41901666666696,4.419408428172271,1.19592333333222,2.968855999999853,-27.505690836940833,-0.2315968067697933
t318_n6,FloorPlan318,bedroom,6,uniform_nominal_none,64,77.0,68.0,77.4032732082732,83.55902597402597,0.8831168831168831,1.0052373143931583,1.0851821555068308,64,1.0,8.784055333333818,8.784490327040354,2.3792253333327906,5.812780666666721,-35.206388888888895,-0.2964363735817024
t318_n6,FloorPlan318,bedroom,6,uniform_nominal_none,128,77.0,59.0,67.41402597402598,72.97843073593074,0.7662337662337663,0.8755068308315062,0.9477718277393603,128,1.0,17.7043336666672,17.704816535115242,4.75491233333436,11.64445199999875,-45.78698412698413,-0.38552455847381
t318_n6,FloorPlan318,bedroom,6,uniform_nominal_none,256,77.0,54.0,63.13639971139971,68.79738035113036,0.7012987012987013,0.8199532430051911,0.8934724720926019,256,1.0,36.173226000000426,36.17383632808924,9.525340333333965,23.731266666666546,-49.968034511784516,-0.42072883397460603
t318_n6,FloorPlan318,bedroom,6,uniform_risk_none,32,77.0,70.33333333333333,79.77738576238576,85.67346260221261,0.9134199134199134,1.0360699449660489,1.1126423714573066,32,1.0,4.294968666666972,4.295428904394309,1.191702333333211,2.8439889999996026,-33.091952260702264,-0.2786329025070025
t318_n6,FloorPlan318,bedroom,6,uniform_risk_none,64,77.0,59.333333333333336,68.79014911014912,74.77715488215487,0.7705627705627706,0.8933785598720663,0.9711318815864269,64,1.0,8.664406666666716,8.664874049524466,2.3761699999986043,5.712191666666182,-43.988259980759985,-0.3703793737556804
t318_n6,FloorPlan318,bedroom,6,uniform_risk_none,128,77.0,58.666666666666664,67.67693602693603,73.47280062530062,0.761904761904762,0.8789212471030653,0.9541922159129951,128,1.0,17.68523100000004,17.688714899122715,4.78007966666727,11.596590666665444,-45.292614237614245,-0.38136198395714194
t318_n6,FloorPlan318,bedroom,6,uniform_risk_none,256,77.0,53.666666666666664,62.63121452621453,68.11601851851852,0.696969696969697,0.8133923964443445,0.884623617123617,256,1.0,36.43216966666696,36.555587934950985,9.584344000003261,23.748752999998974,-50.64939634439635,-0.42646587310673295
t318_n6,FloorPlan318,bedroom,6,uniform_random,32,77.0,69.33333333333333,78.15395382395383,84.51966750841751,0.9004329004329005,1.0149864132981017,1.0976580195898378,32,1.0,4.25661900000011,4.257057482997577,1.1849643333340747,2.802262333333694,-34.245747354497354,-0.28834781063178666
t318_n6,FloorPlan318,bedroom,6,uniform_random,64,77.0,69.0,78.0800962000962,84.57447871572872,0.8961038961038961,1.0140272233778727,1.0983698534510222,64,1.0,8.676443000000292,8.676880660156408,2.373288666668453,5.705686333332831,-34.19093614718614,-0.2878863024783021
t318_n6,FloorPlan318,bedroom,6,uniform_random,128,77.0,60.333333333333336,68.78275613275613,74.6771115921116,0.7835497835497836,0.893282547178651,0.9698326180793714,128,1.0,17.55888366666684,17.55938647935788,4.746292666669483,11.560642333331353,-44.08830327080327,-0.3712217342202884
t318_n6,FloorPlan318,bedroom,6,uniform_random,256,77.0,60.333333333333336,68.78275613275613,74.6771115921116,0.7835497835497836,0.893282547178651,0.9698326180793714,256,1.0,35.291028666666925,35.29625510176023,9.475727333338272,23.262990333329608,-44.08830327080327,-0.3712217342202884
t318_n8,FloorPlan318,bedroom,8,llm_nominal_none,32,106.0,79.0,92.74421383647798,101.10493186582809,0.7452830188679245,0.8749454135516791,0.9538201119417744,32,1.0,5.242632999999645,5.243162314097087,1.4549679999985206,3.509731333331582,-33.6960429769392,-0.24996883751206156
t318_n8,FloorPlan318,bedroom,8,llm_nominal_none,64,106.0,77.66666666666667,90.13491264849756,97.87457023060797,0.7327044025157232,0.8503293646084675,0.9233450021755468,64,1.0,10.56065933333302,10.561234317719936,2.9164373333327256,7.029742666664045,-36.926404612159324,-0.2739327712965764
t318_n8,FloorPlan318,bedroom,8,llm_nominal_none,128,106.0,75.66666666666667,89.36757512229211,97.41509958071279,0.7138364779874213,0.8430903313423783,0.9190103734029508,128,1.0,21.536377666666457,21.537003107368946,5.858873999998219,14.30135399999403,-37.385875262054505,-0.277341282625453
t318_n8,FloorPlan318,bedroom,8,llm_nominal_none,256,106.0,75.0,87.68071977638016,95.43372117400419,0.7075471698113207,0.8271766016639638,0.9003181242830585,256,1.0,50.438644333333116,50.4608986278375,11.748701999997557,35.552754999987,-39.36725366876309,-0.2920398291976843
t318_n8,FloorPlan318,bedroom,8,llm_risk_none,32,106.0,79.0,92.74421383647798,101.10493186582809,0.7452830188679245,0.8749454135516791,0.9538201119417744,32,1.0,5.410902333333449,5.411497627695401,1.459472999998231,3.668772333335587,-33.6960429769392,-0.24996883751206156
t318_n8,FloorPlan318,bedroom,8,llm_risk_none,64,106.0,76.66666666666667,89.9322571628232,97.80940426275332,0.7232704402515723,0.8484175204039924,0.9227302288938993,64,1.0,10.832884999999829,10.833503678441048,2.9232479999965477,7.285472333334357,-36.99157058001396,-0.27441619486180396
t318_n8,FloorPlan318,bedroom,8,llm_risk_none,128,106.0,74.33333333333333,87.33955276030748,95.1301572327044,0.7012578616352201,0.8239580449085612,0.8974543135160793,128,1.0,21.71469700000017,21.715407880644005,5.861781333330522,14.462521333334402,-39.67081761006288,-0.2942917709336685
t318_n8,FloorPlan318,bedroom,8,llm_risk_none,256,106.0,73.0,85.81276030747729,93.37145527603074,0.6886792452830188,0.8095543425233707,0.8808627856229316,256,1.0,43.7912736666665,43.794662381211914,11.730063333322308,28.918935333336115,-41.42951956673654,-0.3073384270036637
t318_n8,FloorPlan318,bedroom,8,llm_risk_nominal,32,106.0,79.0,92.74421383647798,101.10493186582809,0.7452830188679245,0.8749454135516791,0.9538201119417744,18.333333333333332,0.5729166666666666,4.4959243333337895,4.496347159147263,0.8418986666640649,3.408192000001383,-33.6960429769392,-0.24996883751206156
t318_n8,FloorPlan318,bedroom,8,llm_risk_nominal,64,106.0,76.66666666666667,89.9322571628232,97.80940426275332,0.7232704402515723,0.8484175204039924,0.9227302288938993,30,0.46875,8.842657666666476,8.843113668262959,1.3806679999956255,6.926645666667082,-36.99157058001396,-0.27441619486180396
t318_n8,FloorPlan318,bedroom,8,llm_risk_nominal,128,106.0,74.33333333333333,87.33955276030748,95.1301572327044,0.7012578616352201,0.8239580449085612,0.8974543135160793,46.333333333333336,0.3619791666666667,17.311217999999684,17.311725455025833,2.1405816666622,13.995519666662126,-39.67081761006288,-0.2942917709336685
t318_n8,FloorPlan318,bedroom,8,llm_risk_nominal,256,106.0,73.0,85.81276030747729,93.37145527603074,0.6886792452830188,0.8095543425233707,0.8808627856229316,68.33333333333333,0.2669270833333333,33.7774426666669,33.77805122484764,3.1647219999963263,27.9615453333264,-41.42951956673654,-0.3073384270036637
t318_n8,FloorPlan318,bedroom,8,llm_risk_critical,32,106.0,79.0,92.74421383647798,101.10493186582809,0.7452830188679245,0.8749454135516791,0.9538201119417744,15.333333333333334,0.4791666666666667,4.43142599999972,4.431825131177902,0.7063926666675732,3.4103566666671505,-33.6960429769392,-0.24996883751206156
t318_n8,FloorPlan318,bedroom,8,llm_risk_critical,64,106.0,76.66666666666667,89.9322571628232,97.80940426275332,0.7232704402515723,0.8484175204039924,0.9227302288938993,22.333333333333332,0.3489583333333333,8.604220666666626,8.604643866419792,1.0272950000012788,6.900922666671565,-36.99157058001396,-0.27441619486180396
t318_n8,FloorPlan318,bedroom,8,llm_risk_critical,128,106.0,74.33333333333333,87.33955276030748,95.1301572327044,0.7012578616352201,0.8239580449085612,0.8974543135160793,32,0.25,16.932709999999556,16.933192188541096,1.475988666667168,13.982073666669296,-39.67081761006288,-0.2942917709336685
t318_n8,FloorPlan318,bedroom,8,llm_risk_critical,256,106.0,73.0,85.81276030747729,93.37145527603074,0.6886792452830188,0.8095543425233707,0.8808627856229316,42,0.1640625,33.33955166666621,33.34011044353247,1.9469376666669074,28.10969066667468,-41.42951956673654,-0.3073384270036637
t318_n8,FloorPlan318,bedroom,8,uniform_nominal_none,32,106.0,90.33333333333333,104.54174703004892,113.41636617749825,0.8522012578616353,0.9862428965098955,1.0699657186556437,32,1.0,5.290115666666632,5.293567664921284,1.4500209999986542,3.569268666665515,-21.38460866526904,-0.15863838292128216
t318_n8,FloorPlan318,bedroom,8,uniform_nominal_none,64,106.0,86.66666666666667,100.59606568832984,109.21335953878406,0.8176100628930818,0.9490194876257533,1.0303147126300383,64,1.0,10.636936333333106,10.640419709185759,2.9215616666681634,7.124310000001503,-25.587615303983224,-0.18981773191053533
t318_n8,FloorPlan318,bedroom,8,uniform_nominal_none,128,106.0,83.0,95.98747728860937,103.78801886792452,0.7830188679245284,0.9055422385717865,0.9791322534709861,128,1.0,21.491693333333412,21.495250674585503,5.860282333334095,14.301262000000037,-31.012955974842765,-0.23006477520668134
t318_n8,FloorPlan318,bedroom,8,uniform_nominal_none,256,106.0,79.66666666666667,93.15376659678547,101.18326694619147,0.7515723270440252,0.8788091188375987,0.9545591221338818,256,1.0,43.39648100000056,43.40313902745644,11.725334666661999,28.672004999998002,-33.617707896575816,-0.24938772094035466
t318_n8,FloorPlan318,bedroom,8,uniform_risk_none,32,106.0,90.33333333333333,104.54174703004892,113.41636617749825,0.8522012578616353,0.9862428965098955,1.0699657186556437,32,1.0,5.263258333332743,5.26381004601717,1.4487700000032078,3.5409193333322264,-21.38460866526904,-0.15863838292128216
t318_n8,FloorPlan318,bedroom,8,uniform_risk_none,64,106.0,86.66666666666667,100.59606568832984,109.21335953878406,0.8176100628930818,0.9490194876257533,1.0303147126300383,64,1.0,10.578983999999162,10.579558089375496,2.923376999999524,7.051400333334179,-25.587615303983224,-0.18981773191053533
t318_n8,FloorPlan318,bedroom,8,uniform_risk_none,128,106.0,81.0,94.98939203354298,103.44141684136967,0.7641509433962265,0.8961263399390847,0.9758624230317894,128,1.0,21.40806033333309,21.408708145221073,5.857546666667268,14.214247333338648,-31.35955800139762,-0.23263598826325707
t318_n8,FloorPlan318,bedroom,8,uniform_risk_none,256,106.0,79.0,92.30735849056605,100.26188155136268,0.7452830188679245,0.8708241367034533,0.9458668070883272,256,1.0,50.93168633333326,50.932521310945354,11.710190333337719,36.30077366666858,-34.539093291404605,-0.2562228747358187
t318_n8,FloorPlan318,bedroom,8,uniform_random,32,106.0,95.66666666666667,109.32107617051014,118.50107267645004,0.9025157232704403,1.0313309072689636,1.1179346478910381,32,1.0,5.304059999999981,5.307322057584922,1.4515420000045982,3.557620666667205,-16.299902166317256,-0.12091828108312692
t318_n8,FloorPlan318,bedroom,8,uniform_random,64,106.0,89.66666666666667,102.2946960167715,110.88011355695318,0.8459119496855346,0.9650443020450141,1.0460388071410678,64,1.0,10.577678666666479,10.580978356301785,2.9124253333403516,7.005378333334811,-23.920861285814112,-0.1774531772764667
t318_n8,FloorPlan318,bedroom,8,uniform_random,128,106.0,88.0,100.89625436757512,109.20635394828791,0.8301886792452831,0.9518514562978785,1.0302486221536595,128,1.0,21.478774666666627,21.485367168982823,5.831519000008001,14.259353666669009,-25.59462089447938,-0.18986970179060728
t318_n8,FloorPlan318,bedroom,8,uniform_random,256,106.0,86.0,98.78031446540881,106.87532494758909,0.8113207547169812,0.9318897591076303,1.0082577825244254,256,1.0,43.116730666666804,43.12347310284773,11.674918666678025,28.60692933333908,-27.925649895178193,-0.20716207674129097
